id_data,lokasi_awal_user,durasi_perjalanan,jumlah_hari,jumlah_orang,budget,segmen_budget,jenis_transportasi,preferensi_penginapan,preferensi_kategori,preferensi_aktivitas,nama_wisata,kategori_wisata,kota_tujuan,latitude,longitude,koordinat_destinasi,alamat,deskripsi_wisata,kecocokan_kategori,kecocokan_aktivitas,kecocokan_budget,kecocokan_jarak,estimasi_jarak_km,estimasi_waktu_menit,estimasi_biaya_transportasi,estimasi_biaya_penginapan,estimasi_biaya_makan,estimasi_biaya_tiket,total_estimasi_biaya,status_budget,label_rekomendasi
BDG-TRV-0001,Kabupaten Bandung,1 hari,1,5,970000,standar,mobil,tanpa penginapan,kebun binatang,foto-foto,Floating Market Lembang,wisata kuliner,Kabupaten Bandung Barat,-6.8167,107.6187,"-6.8167,107.6187","Jl. Grand Hotel No.33E, Lembang, Kabupaten Bandung Barat","Floating Market Lembang menawarkan pengalaman kuliner, wahana keluarga, taman, dan suasana danau di kawasan Lembang.",0,1,1,1,54.58,93,327000,0,350000,75000,752000,sesuai,0
BDG-TRV-0002,Jakarta,1 hari,1,2,1761000,standar,mobil,tanpa penginapan,alam,kuliner,Curug Cimahi,wisata alam,Kabupaten Bandung Barat,-6.7986,107.5775,"-6.7986,107.5775","Kertawangi, Cisarua, Kabupaten Bandung Barat",Curug Cimahi adalah wisata air terjun di Bandung Barat dengan jalur trekking ringan dan suasana alam yang sejuk.,1,0,1,0,192.52,316,1155000,0,140000,60000,1355000,sesuai,0
BDG-TRV-0003,Depok,3 hari 2 malam,3,4,3230000,hemat,mobil,standar,wisata kuliner,foto-foto,Floating Market Lembang,wisata kuliner,Kabupaten Bandung Barat,-6.8167,107.6187,"-6.8167,107.6187","Jl. Grand Hotel No.33E, Lembang, Kabupaten Bandung Barat","Floating Market Lembang menawarkan pengalaman kuliner, wahana keluarga, taman, dan suasana danau di kawasan Lembang.",1,1,1,1,206.88,460,1241000,640000,840000,60000,2781000,sesuai,1
BDG-TRV-0004,Kota Bandung,2 hari 1 malam,2,5,1858000,hemat,motor,standar,wisata alam,alam,Kawah Putih,wisata alam,Kabupaten Bandung,-7.1662,107.402,"-7.1662,107.402","Sugihmukti, Pasirjambu, Kabupaten Bandung",Kawah Putih adalah wisata alam di Ciwidey dengan danau kawah berwarna putih kehijauan dan panorama pegunungan.,1,1,1,1,41.66,82,117000,320000,700000,150000,1287000,sesuai,1
BDG-TRV-0005,Bogor,2 hari 1 malam,2,2,1014000,standar,mobil,hemat,cafe view,kuliner,Cafe D'Pakar Bandung,cafe view,Kota Bandung,-6.8398,107.6537,"-6.8398,107.6537","Dago Pakar, Ciburial, Cimenyan, Bandung","Cafe D'Pakar Bandung adalah tempat wisata kuliner dengan suasana alam sejuk, area outdoor, dan pemandangan pepohonan di kawasan Dago Pakar.",1,1,0,1,191.66,439,1150000,180000,280000,40000,1650000,melebihi budget,0
BDG-TRV-0006,Garut,2 hari 1 malam,2,2,3655000,premium,transportasi umum,standar,museum,religi,Tangkuban Perahu,gunung,Kabupaten Bandung Barat,-6.7596,107.6098,"-6.7596,107.6098","Cikahuripan, Lembang, Kabupaten Bandung Barat",Tangkuban Perahu adalah kawasan wisata gunung berapi dengan kawah alam yang populer untuk wisata alam dan edukasi geologi.,0,0,1,1,128.61,220,463000,320000,280000,70000,1133000,sesuai,0
BDG-TRV-0007,Cimahi,4 hari 3 malam,4,3,1378000,premium,transportasi umum,hemat,cafe view,santai,Cafe D'Pakar Bandung,cafe view,Kota Bandung,-6.8398,107.6537,"-6.8398,107.6537","Dago Pakar, Ciburial, Cimenyan, Bandung","Cafe D'Pakar Bandung adalah tempat wisata kuliner dengan suasana alam sejuk, area outdoor, dan pemandangan pepohonan di kawasan Dago Pakar.",1,1,0,1,26.67,56,96000,540000,840000,60000,1536000,melebihi budget,0
BDG-TRV-0008,Bogor,2 hari 1 malam,2,2,2906000,premium,transportasi umum,hemat,edukasi,alam,Kebun Binatang Bandung,kebun binatang,Kota Bandung,-6.8902,107.607,"-6.8902,107.607","Jl. Tamansari No.71, Lebak Siliwangi, Coblong, Kota Bandung",Kebun Binatang Bandung adalah wisata edukasi keluarga yang menampilkan berbagai satwa dan area rekreasi di kawasan Tamansari.,1,0,1,1,186.84,326,673000,180000,280000,100000,1233000,sesuai,0
BDG-TRV-0009,Jakarta,2 hari 1 malam,2,5,2539000,standar,mobil,hemat,wisata religi,foto-foto,Masjid Raya Bandung,wisata religi,Kota Bandung,-6.9216,107.6068,"-6.9216,107.6068","Jl. Dalem Kaum, Balonggede, Regol, Kota Bandung",Masjid Raya Bandung merupakan destinasi wisata religi di kawasan Alun-Alun Bandung dengan arsitektur megah dan suasana pusat kota yang ramai.,1,1,1,1,152.0,271,912000,180000,700000,0,1792000,sesuai,1
BDG-TRV-0010,Garut,4 hari 3 malam,4,2,1762000,hemat,motor,hemat,kuliner,keluarga,Floating Market Lembang,wisata kuliner,Kabupaten Bandung Barat,-6.8167,107.6187,"-6.8167,107.6187","Jl. Grand Hotel No.33E, Lembang, Kabupaten Bandung Barat","Floating Market Lembang menawarkan pengalaman kuliner, wahana keluarga, taman, dan suasana danau di kawasan Lembang.",1,1,1,1,124.52,188,349000,540000,560000,30000,1479000,sesuai,1
BDG-TRV-0011,Tasikmalaya,1 hari,1,4,1780000,standar,motor,tanpa penginapan,wisata edukasi,alam,Jendela Alam,wisata edukasi,Kabupaten Bandung Barat,-6.8287,107.5976,"-6.8287,107.5976","Komplek Graha Puspa, Lembang, Kabupaten Bandung Barat","Jendela Alam adalah wisata edukasi keluarga yang mengenalkan aktivitas pertanian, peternakan, dan lingkungan alam.",1,1,1,1,204.72,450,573000,0,280000,100000,953000,sesuai,1
BDG-TRV-0012,Garut,4 hari 3 malam,4,2,4630000,premium,mobil,hemat,kuliner,religi,Martabak San Francisco Bandung,wisata kuliner,Kota Bandung,-6.9026,107.6092,"-6.9026,107.6092","Jl. Burangrang, Lengkong, Kota Bandung",Martabak San Francisco Bandung adalah destinasi kuliner legendaris yang dikenal dengan pilihan martabak manis dan martabak telur.,1,0,1,1,74.2,136,445000,540000,560000,30000,1575000,sesuai,0
BDG-TRV-0013,Bekasi,2 hari 1 malam,2,4,2224000,standar,transportasi umum,standar,museum,budaya,Museum Konferensi Asia Afrika,museum,Kota Bandung,-6.921,107.6097,"-6.921,107.6097","Jl. Asia Afrika No.65, Braga, Sumur Bandung, Kota Bandung","Museum Konferensi Asia Afrika menyajikan sejarah Konferensi Asia Afrika dan cocok untuk wisata edukasi, sejarah, serta kunjungan pelajar.",1,0,1,1,179.92,366,648000,320000,560000,60000,1588000,sesuai,0
BDG-TRV-0014,Tasikmalaya,3 hari 2 malam,3,5,610000,hemat,mobil,hemat,museum,alam,Museum Geologi Bandung,museum,Kota Bandung,-6.9007,107.6215,"-6.9007,107.6215","Jl. Diponegoro No.57, Cihaur Geulis, Cibeunying Kaler, Kota Bandung","Museum Geologi Bandung adalah destinasi edukasi yang menampilkan koleksi batuan, mineral, fosil, dan informasi sejarah bumi.",1,0,0,1,169.29,298,1016000,360000,1050000,75000,2501000,melebihi budget,0
BDG-TRV-0015,Jakarta,2 hari 1 malam,2,2,1685000,standar,transportasi umum,hemat,wisata alam,healing,Curug Cimahi,wisata alam,Kabupaten Bandung Barat,-6.7986,107.5775,"-6.7986,107.5775","Kertawangi, Cisarua, Kabupaten Bandung Barat",Curug Cimahi adalah wisata air terjun di Bandung Barat dengan jalur trekking ringan dan suasana alam yang sejuk.,1,1,1,1,238.77,543,860000,180000,280000,60000,1380000,sesuai,1
BDG-TRV-0016,Bekasi,2 hari 1 malam,2,3,1425000,hemat,motor,standar,religi,religi,Masjid Raya Bandung,wisata religi,Kota Bandung,-6.9216,107.6068,"-6.9216,107.6068","Jl. Dalem Kaum, Balonggede, Regol, Kota Bandung",Masjid Raya Bandung merupakan destinasi wisata religi di kawasan Alun-Alun Bandung dengan arsitektur megah dan suasana pusat kota yang ramai.,1,1,1,1,172.72,283,484000,320000,420000,0,1224000,sesuai,1
BDG-TRV-0017,Bekasi,1 hari,1,5,897000,hemat,transportasi umum,tanpa penginapan,kuliner,kuliner,Floating Market Lembang,wisata kuliner,Kabupaten Bandung Barat,-6.8167,107.6187,"-6.8167,107.6187","Jl. Grand Hotel No.33E, Lembang, Kabupaten Bandung Barat","Floating Market Lembang menawarkan pengalaman kuliner, wahana keluarga, taman, dan suasana danau di kawasan Lembang.",1,1,0,0,176.35,267,635000,0,350000,75000,1060000,melebihi budget,0
BDG-TRV-0018,Depok,2 hari 1 malam,2,3,1545000,premium,transportasi umum,standar,edukasi,keluarga,Kebun Binatang Bandung,kebun binatang,Kota Bandung,-6.8902,107.607,"-6.8902,107.607","Jl. Tamansari No.71, Lebak Siliwangi, Coblong, Kota Bandung",Kebun Binatang Bandung adalah wisata edukasi keluarga yang menampilkan berbagai satwa dan area rekreasi di kawasan Tamansari.,1,1,0,1,204.12,431,735000,320000,420000,150000,1625000,melebihi budget,0
BDG-TRV-0019,Jakarta,3 hari 2 malam,3,2,2525000,premium,transportasi umum,nyaman,museum,sejarah,Museum Konferensi Asia Afrika,museum,Kota Bandung,-6.921,107.6097,"-6.921,107.6097","Jl. Asia Afrika No.65, Braga, Sumur Bandung, Kota Bandung","Museum Konferensi Asia Afrika menyajikan sejarah Konferensi Asia Afrika dan cocok untuk wisata edukasi, sejarah, serta kunjungan pelajar.",1,1,0,0,337.12,711,1214000,1040000,420000,30000,2704000,melebihi budget,0
BDG-TRV-0020,Jakarta,3 hari 2 malam,3,2,1903000,standar,motor,standar,wisata kota,kuliner,Jalan Braga,wisata kota,Kota Bandung,-6.9175,107.6098,"-6.9175,107.6098","Jl. Braga, Braga, Sumur Bandung, Kota Bandung","Jalan Braga adalah kawasan wisata kota dengan nuansa klasik, bangunan bersejarah, kafe, kuliner, dan spot foto yang populer di Bandung.",1,1,0,0,303.56,493,850000,640000,420000,10000,1920000,melebihi budget,0
BDG-TRV-0021,Garut,3 hari 2 malam,3,5,3228000,premium,mobil,standar,wisata edukasi,alam,Saung Angklung Udjo,wisata edukasi,Kota Bandung,-6.8992,107.6542,"-6.8992,107.6542","Jl. Padasuka No.118, Pasirlayung, Cibeunying Kidul, Kota Bandung","Saung Angklung Udjo adalah destinasi budaya dan edukasi yang menampilkan pertunjukan angklung, seni Sunda, dan aktivitas keluarga.",1,0,1,1,104.76,181,629000,640000,1050000,125000,2444000,sesuai,0
BDG-TRV-0022,Kabupaten Bandung,1 hari,1,2,2050000,standar,motor,tanpa penginapan,wisata alam,healing,Tebing Keraton,wisata alam,Kabupaten Bandung Barat,-6.8341,107.6635,"-6.8341,107.6635","Ciburial, Cimenyan, Kabupaten Bandung Barat",Tebing Keraton adalah destinasi wisata alam dengan pemandangan hutan dan perbukitan yang cocok untuk foto dan menikmati udara sejuk.,1,1,1,0,202.49,425,567000,0,140000,60000,767000,sesuai,0
BDG-TRV-0023,Depok,3 hari 2 malam,3,4,4639000,premium,mobil,nyaman,kuliner,kuliner,Martabak San Francisco Bandung,wisata kuliner,Kota Bandung,-6.9026,107.6092,"-6.9026,107.6092","Jl. Burangrang, Lengkong, Kota Bandung",Martabak San Francisco Bandung adalah destinasi kuliner legendaris yang dikenal dengan pilihan martabak manis dan martabak telur.,1,1,1,0,351.12,541,2107000,1040000,840000,60000,4047000,sesuai,0
BDG-TRV-0024,Cimahi,1 hari,1,5,2683000,premium,mobil,tanpa penginapan,wisata kuliner,foto-foto,Floating Market Lembang,wisata kuliner,Kabupaten Bandung Barat,-6.8167,107.6187,"-6.8167,107.6187","Jl. Grand Hotel No.33E, Lembang, Kabupaten Bandung Barat","Floating Market Lembang menawarkan pengalaman kuliner, wahana keluarga, taman, dan suasana danau di kawasan Lembang.",1,1,1,1,38.41,62,230000,0,350000,75000,655000,sesuai,1
BDG-TRV-0025,Tasikmalaya,1 hari,1,1,617000,hemat,transportasi umum,tanpa penginapan,museum,religi,Tebing Keraton,wisata alam,Kabupaten Bandung Barat,-6.8341,107.6635,"-6.8341,107.6635","Ciburial, Cimenyan, Kabupaten Bandung Barat",Tebing Keraton adalah destinasi wisata alam dengan pemandangan hutan dan perbukitan yang cocok untuk foto dan menikmati udara sejuk.,0,0,0,0,174.34,326,628000,0,70000,30000,728000,melebihi budget,0
BDG-TRV-0026,Kota Bandung,1 hari,1,4,1732000,standar,transportasi umum,tanpa penginapan,gunung,belanja,Kawah Putih,wisata alam,Kabupaten Bandung,-7.1662,107.402,"-7.1662,107.402","Sugihmukti, Pasirjambu, Kabupaten Bandung",Kawah Putih adalah wisata alam di Ciwidey dengan danau kawah berwarna putih kehijauan dan panorama pegunungan.,0,0,1,1,45.14,93,163000,0,280000,120000,563000,sesuai,0
BDG-TRV-0027,Bekasi,2 hari 1 malam,2,1,1875000,standar,transportasi umum,standar,alam,healing,Curug Cimahi,wisata alam,Kabupaten Bandung Barat,-6.7986,107.5775,"-6.7986,107.5775","Kertawangi, Cisarua, Kabupaten Bandung Barat",Curug Cimahi adalah wisata air terjun di Bandung Barat dengan jalur trekking ringan dan suasana alam yang sejuk.,1,1,1,1,220.72,362,795000,320000,140000,30000,1285000,sesuai,1
BDG-TRV-0028,Cimahi,4 hari 3 malam,4,5,1846000,hemat,mobil,hemat,mall,belanja,Paris Van Java Mall,mall,Kota Bandung,-6.8893,107.5966,"-6.8893,107.5966","Jl. Sukajadi No.131-139, Cipedes, Sukajadi, Kota Bandung","Paris Van Java Mall adalah pusat belanja bergaya terbuka yang menawarkan kuliner, hiburan, fashion, dan suasana santai di Kota Bandung.",1,1,0,1,17.55,32,105000,540000,1400000,50000,2095000,melebihi budget,0
BDG-TRV-0029,Bogor,2 hari 1 malam,2,2,665000,hemat,motor,hemat,wisata alam,foto-foto,Curug Cimahi,wisata alam,Kabupaten Bandung Barat,-6.7986,107.5775,"-6.7986,107.5775","Kertawangi, Cisarua, Kabupaten Bandung Barat",Curug Cimahi adalah wisata air terjun di Bandung Barat dengan jalur trekking ringan dan suasana alam yang sejuk.,1,1,0,0,379.48,633,1063000,180000,280000,60000,1583000,melebihi budget,0
BDG-TRV-0030,Garut,1 hari,1,2,878000,hemat,transportasi umum,tanpa penginapan,wisata kuliner,kuliner,Martabak San Francisco Bandung,wisata kuliner,Kota Bandung,-6.9026,107.6092,"-6.9026,107.6092","Jl. Burangrang, Lengkong, Kota Bandung",Martabak San Francisco Bandung adalah destinasi kuliner legendaris yang dikenal dengan pilihan martabak manis dan martabak telur.,1,1,1,1,90.11,152,324000,0,140000,30000,494000,sesuai,1
BDG-TRV-0031,Cimahi,2 hari 1 malam,2,2,1714000,standar,mobil,standar,wisata kuliner,foto-foto,Sudirman Street Bandung,wisata kuliner,Kota Bandung,-6.9177,107.5969,"-6.9177,107.5969","Jl. Jend. Sudirman, Karanganyar, Astanaanyar, Kota Bandung",Sudirman Street Bandung adalah kawasan kuliner malam yang menawarkan berbagai makanan lokal dan suasana street food kota.,1,1,1,1,24.64,42,148000,320000,280000,30000,778000,sesuai,1
BDG-TRV-0032,Bogor,2 hari 1 malam,2,4,1538000,standar,mobil,nyaman,belanja,sejarah,Bandung Indah Plaza,mall,Kota Bandung,-6.9089,107.6105,"-6.9089,107.6105","Jl. Merdeka No.56, Citarum, Bandung Wetan, Kota Bandung","Bandung Indah Plaza adalah pusat perbelanjaan di pusat Kota Bandung dengan pilihan fashion, kuliner, hiburan, dan kebutuhan gaya hidup.",1,0,0,1,208.46,399,1251000,520000,560000,40000,2371000,melebihi budget,0
BDG-TRV-0033,Garut,3 hari 2 malam,3,5,1853000,premium,transportasi umum,standar,alam,keluarga,Ranca Upas,wisata alam,Kabupaten Bandung,-7.1421,107.3957,"-7.1421,107.3957","Jl. Raya Ciwidey-Patengan, Rancabali, Kabupaten Bandung",Ranca Upas adalah kawasan wisata alam dan bumi perkemahan yang dikenal dengan penangkaran rusa dan udara sejuk pegunungan.,1,1,0,1,147.06,222,529000,640000,1050000,150000,2369000,melebihi budget,0
BDG-TRV-0034,Bekasi,2 hari 1 malam,2,2,1222000,standar,transportasi umum,nyaman,kuliner,keluarga,Martabak San Francisco Bandung,wisata kuliner,Kota Bandung,-6.9026,107.6092,"-6.9026,107.6092","Jl. Burangrang, Lengkong, Kota Bandung",Martabak San Francisco Bandung adalah destinasi kuliner legendaris yang dikenal dengan pilihan martabak manis dan martabak telur.,1,1,0,1,135.93,261,489000,520000,280000,30000,1319000,melebihi budget,0
BDG-TRV-0035,Bogor,4 hari 3 malam,4,4,1165000,standar,motor,standar,wisata edukasi,santai,Paskal 23 Bandung,mall,Kota Bandung,-6.9147,107.5918,"-6.9147,107.5918","Jl. Pasir Kaliki No.25-27, Kebon Jeruk, Andir, Kota Bandung",Paskal 23 Bandung adalah pusat perbelanjaan dan kuliner modern yang dekat dengan kawasan stasiun dan pusat kota.,0,1,0,1,210.72,392,590000,960000,1120000,40000,2710000,melebihi budget,0
BDG-TRV-0036,Jakarta,3 hari 2 malam,3,2,4427000,premium,mobil,hemat,wisata kuliner,alam,Ranca Upas,wisata alam,Kabupaten Bandung,-7.1421,107.3957,"-7.1421,107.3957","Jl. Raya Ciwidey-Patengan, Rancabali, Kabupaten Bandung",Ranca Upas adalah kawasan wisata alam dan bumi perkemahan yang dikenal dengan penangkaran rusa dan udara sejuk pegunungan.,0,1,1,1,216.7,481,1300000,360000,420000,60000,2140000,sesuai,0
BDG-TRV-0037,Cimahi,1 hari,1,2,100000,hemat,transportasi umum,tanpa penginapan,belanja,keluarga,Trans Studio Mall Bandung,mall,Kota Bandung,-6.9254,107.6358,"-6.9254,107.6358","Jl. Gatot Subroto No.289, Cibangkong, Batununggal, Kota Bandung",Trans Studio Mall Bandung adalah pusat perbelanjaan dan hiburan indoor yang terhubung dengan kawasan Trans Studio Bandung.,1,1,0,1,17.0,26,61000,0,140000,20000,221000,melebihi budget,0
BDG-TRV-0038,Tasikmalaya,3 hari 2 malam,3,3,4484000,premium,mobil,hemat,belanja,belanja,Paris Van Java Mall,mall,Kota Bandung,-6.8893,107.5966,"-6.8893,107.5966","Jl. Sukajadi No.131-139, Cipedes, Sukajadi, Kota Bandung","Paris Van Java Mall adalah pusat belanja bergaya terbuka yang menawarkan kuliner, hiburan, fashion, dan suasana santai di Kota Bandung.",1,1,1,1,126.72,228,760000,360000,630000,30000,1780000,sesuai,1
BDG-TRV-0039,Bekasi,4 hari 3 malam,4,2,4098000,premium,transportasi umum,hemat,wisata alam,keluarga,The Lodge Maribaya,wisata alam,Kabupaten Bandung Barat,-6.8294,107.6875,"-6.8294,107.6875","Cibodas, Lembang, Kabupaten Bandung Barat","The Lodge Maribaya adalah destinasi alam dengan wahana foto, pemandangan hutan pinus, dan aktivitas rekreasi keluarga.",1,1,1,1,229.43,476,826000,540000,560000,60000,1986000,sesuai,1
BDG-TRV-0040,Cimahi,2 hari 1 malam,2,2,4754000,premium,transportasi umum,hemat,kuliner,kuliner,Floating Market Lembang,wisata kuliner,Kabupaten Bandung Barat,-6.8167,107.6187,"-6.8167,107.6187","Jl. Grand Hotel No.33E, Lembang, Kabupaten Bandung Barat","Floating Market Lembang menawarkan pengalaman kuliner, wahana keluarga, taman, dan suasana danau di kawasan Lembang.",1,1,1,1,54.64,107,197000,180000,280000,30000,687000,sesuai,1
BDG-TRV-0041,Kabupaten Bandung,2 hari 1 malam,2,2,996000,hemat,transportasi umum,hemat,alam,alam,Dusun Bambu,wisata alam,Kabupaten Bandung Barat,-6.789,107.5788,"-6.789,107.5788","Jl. Kolonel Masturi KM 11, Cisarua, Kabupaten Bandung Barat","Dusun Bambu adalah destinasi wisata alam dan kuliner keluarga dengan pemandangan pegunungan, taman, dan area rekreasi.",1,1,1,1,50.87,100,183000,180000,280000,60000,703000,sesuai,1
BDG-TRV-0042,Depok,3 hari 2 malam,3,4,809000,hemat,mobil,nyaman,foto-foto,santai,Alun-Alun Bandung,wisata kota,Kota Bandung,-6.9218,107.6071,"-6.9218,107.6071","Jl. Asia Afrika, Balonggede, Regol, Kota Bandung","Alun-Alun Bandung adalah ruang publik ikonik di pusat Kota Bandung yang cocok untuk bersantai, berfoto, dan menikmati suasana kota dekat Masjid Raya Bandung.",1,1,0,0,380.11,799,2281000,1040000,840000,20000,4181000,melebihi budget,0
BDG-TRV-0043,Cimahi,4 hari 3 malam,4,3,1301000,hemat,motor,standar,edukasi,foto-foto,Museum Konferensi Asia Afrika,museum,Kota Bandung,-6.921,107.6097,"-6.921,107.6097","Jl. Asia Afrika No.65, Braga, Sumur Bandung, Kota Bandung","Museum Konferensi Asia Afrika menyajikan sejarah Konferensi Asia Afrika dan cocok untuk wisata edukasi, sejarah, serta kunjungan pelajar.",1,1,0,1,25.59,44,72000,960000,840000,45000,1917000,melebihi budget,0
BDG-TRV-0044,Kabupaten Bandung,3 hari 2 malam,3,1,1327000,standar,mobil,hemat,mall,kuliner,Bandung Indah Plaza,mall,Kota Bandung,-6.9089,107.6105,"-6.9089,107.6105","Jl. Merdeka No.56, Citarum, Bandung Wetan, Kota Bandung","Bandung Indah Plaza adalah pusat perbelanjaan di pusat Kota Bandung dengan pilihan fashion, kuliner, hiburan, dan kebutuhan gaya hidup.",1,1,0,1,141.13,264,847000,360000,210000,10000,1427000,melebihi budget,0
BDG-TRV-0045,Bekasi,1 hari,1,3,1786000,hemat,motor,tanpa penginapan,wisata alam,foto-foto,Kawah Putih,wisata alam,Kabupaten Bandung,-7.1662,107.402,"-7.1662,107.402","Sugihmukti, Pasirjambu, Kabupaten Bandung",Kawah Putih adalah wisata alam di Ciwidey dengan danau kawah berwarna putih kehijauan dan panorama pegunungan.,1,1,1,1,224.43,460,628000,0,210000,90000,928000,sesuai,1
BDG-TRV-0046,Kabupaten Bandung,3 hari 2 malam,3,2,471000,hemat,mobil,standar,alam,santai,Orchid Forest Cikole,wisata alam,Kabupaten Bandung Barat,-6.7806,107.6373,"-6.7806,107.6373","Cikole, Lembang, Kabupaten Bandung Barat","Orchid Forest Cikole adalah wisata alam hutan pinus dengan koleksi anggrek, spot foto, dan suasana sejuk di Lembang.",1,0,0,1,45.46,89,273000,640000,420000,60000,1393000,melebihi budget,0
BDG-TRV-0047,Tasikmalaya,3 hari 2 malam,3,1,473000,hemat,transportasi umum,standar,wisata religi,belanja,Bandung Indah Plaza,mall,Kota Bandung,-6.9089,107.6105,"-6.9089,107.6105","Jl. Merdeka No.56, Citarum, Bandung Wetan, Kota Bandung","Bandung Indah Plaza adalah pusat perbelanjaan di pusat Kota Bandung dengan pilihan fashion, kuliner, hiburan, dan kebutuhan gaya hidup.",0,1,0,1,118.46,231,426000,640000,210000,10000,1286000,melebihi budget,0
BDG-TRV-0048,Garut,3 hari 2 malam,3,2,456000,hemat,mobil,hemat,kuliner,kuliner,Martabak San Francisco Bandung,wisata kuliner,Kota Bandung,-6.9026,107.6092,"-6.9026,107.6092","Jl. Burangrang, Lengkong, Kota Bandung",Martabak San Francisco Bandung adalah destinasi kuliner legendaris yang dikenal dengan pilihan martabak manis dan martabak telur.,1,1,0,1,210.57,349,1263000,360000,420000,30000,2073000,melebihi budget,0
BDG-TRV-0049,Jakarta,2 hari 1 malam,2,5,2981000,hemat,mobil,hemat,alam,alam,Tangkuban Perahu,gunung,Kabupaten Bandung Barat,-6.7596,107.6098,"-6.7596,107.6098","Cikahuripan, Lembang, Kabupaten Bandung Barat",Tangkuban Perahu adalah kawasan wisata gunung berapi dengan kawah alam yang populer untuk wisata alam dan edukasi geologi.,1,1,1,1,170.98,280,1026000,180000,700000,175000,2081000,sesuai,1
BDG-TRV-0050,Tasikmalaya,2 hari 1 malam,2,3,1504000,premium,mobil,nyaman,foto-foto,foto-foto,Alun-Alun Bandung,wisata kota,Kota Bandung,-6.9218,107.6071,"-6.9218,107.6071","Jl. Asia Afrika, Balonggede, Regol, Kota Bandung","Alun-Alun Bandung adalah ruang publik ikonik di pusat Kota Bandung yang cocok untuk bersantai, berfoto, dan menikmati suasana kota dekat Masjid Raya Bandung.",1,1,0,1,148.75,259,892000,520000,420000,15000,1847000,melebihi budget,0
BDG-TRV-0051,Kota Bandung,3 hari 2 malam,3,5,688000,hemat,motor,hemat,wisata alam,santai,Kawah Putih,wisata alam,Kabupaten Bandung,-7.1662,107.402,"-7.1662,107.402","Sugihmukti, Pasirjambu, Kabupaten Bandung",Kawah Putih adalah wisata alam di Ciwidey dengan danau kawah berwarna putih kehijauan dan panorama pegunungan.,1,0,0,1,33.27,72,93000,360000,1050000,150000,1653000,melebihi budget,0
BDG-TRV-0052,Garut,2 hari 1 malam,2,4,1673000,premium,mobil,nyaman,mall,kuliner,Bandung Indah Plaza,mall,Kota Bandung,-6.9089,107.6105,"-6.9089,107.6105","Jl. Merdeka No.56, Citarum, Bandung Wetan, Kota Bandung","Bandung Indah Plaza adalah pusat perbelanjaan di pusat Kota Bandung dengan pilihan fashion, kuliner, hiburan, dan kebutuhan gaya hidup.",1,1,0,1,103.22,179,619000,520000,560000,40000,1739000,melebihi budget,0
BDG-TRV-0053,Jakarta,2 hari 1 malam,2,3,2298000,standar,mobil,nyaman,kebun binatang,edukasi,Kebun Binatang Bandung,kebun binatang,Kota Bandung,-6.8902,107.607,"-6.8902,107.607","Jl. Tamansari No.71, Lebak Siliwangi, Coblong, Kota Bandung",Kebun Binatang Bandung adalah wisata edukasi keluarga yang menampilkan berbagai satwa dan area rekreasi di kawasan Tamansari.,1,1,1,1,149.57,257,897000,520000,420000,150000,1987000,sesuai,1
BDG-TRV-0054,Bekasi,1 hari,1,4,655000,hemat,transportasi umum,tanpa penginapan,kebun binatang,edukasi,Jendela Alam,wisata edukasi,Kabupaten Bandung Barat,-6.8287,107.5976,"-6.8287,107.5976","Komplek Graha Puspa, Lembang, Kabupaten Bandung Barat","Jendela Alam adalah wisata edukasi keluarga yang mengenalkan aktivitas pertanian, peternakan, dan lingkungan alam.",0,1,0,0,191.78,413,690000,0,280000,100000,1070000,melebihi budget,0
BDG-TRV-0055,Garut,3 hari 2 malam,3,3,1245000,standar,mobil,standar,wisata kota,edukasi,Saung Angklung Udjo,wisata edukasi,Kota Bandung,-6.8992,107.6542,"-6.8992,107.6542","Jl. Padasuka No.118, Pasirlayung, Cibeunying Kidul, Kota Bandung","Saung Angklung Udjo adalah destinasi budaya dan edukasi yang menampilkan pertunjukan angklung, seni Sunda, dan aktivitas keluarga.",0,1,0,1,93.06,207,558000,640000,630000,75000,1903000,melebihi budget,0
BDG-TRV-0056,Bekasi,1 hari,1,2,2213000,standar,motor,tanpa penginapan,belanja,belanja,Paskal 23 Bandung,mall,Kota Bandung,-6.9147,107.5918,"-6.9147,107.5918","Jl. Pasir Kaliki No.25-27, Kebon Jeruk, Andir, Kota Bandung",Paskal 23 Bandung adalah pusat perbelanjaan dan kuliner modern yang dekat dengan kawasan stasiun dan pusat kota.,1,1,1,1,156.12,357,437000,0,140000,20000,597000,sesuai,1
BDG-TRV-0057,Depok,4 hari 3 malam,4,2,2231000,hemat,transportasi umum,hemat,wisata religi,foto-foto,Masjid Raya Bandung,wisata religi,Kota Bandung,-6.9216,107.6068,"-6.9216,107.6068","Jl. Dalem Kaum, Balonggede, Regol, Kota Bandung",Masjid Raya Bandung merupakan destinasi wisata religi di kawasan Alun-Alun Bandung dengan arsitektur megah dan suasana pusat kota yang ramai.,1,1,1,1,186.87,395,673000,540000,560000,0,1773000,sesuai,1
BDG-TRV-0058,Kabupaten Bandung,2 hari 1 malam,2,5,1850000,standar,mobil,standar,kebun binatang,santai,Tangkuban Perahu,gunung,Kabupaten Bandung Barat,-6.7596,107.6098,"-6.7596,107.6098","Cikahuripan, Lembang, Kabupaten Bandung Barat",Tangkuban Perahu adalah kawasan wisata gunung berapi dengan kawah alam yang populer untuk wisata alam dan edukasi geologi.,0,0,1,1,78.1,168,469000,320000,700000,175000,1664000,sesuai,0
BDG-TRV-0059,Depok,3 hari 2 malam,3,5,3222000,standar,transportasi umum,standar,wisata kuliner,santai,Martabak San Francisco Bandung,wisata kuliner,Kota Bandung,-6.9026,107.6092,"-6.9026,107.6092","Jl. Burangrang, Lengkong, Kota Bandung",Martabak San Francisco Bandung adalah destinasi kuliner legendaris yang dikenal dengan pilihan martabak manis dan martabak telur.,1,1,1,1,159.66,326,575000,640000,1050000,75000,2340000,sesuai,1
BDG-TRV-0060,Kota Bandung,3 hari 2 malam,3,1,3556000,premium,transportasi umum,standar,wisata kuliner,alam,Museum Konferensi Asia Afrika,museum,Kota Bandung,-6.921,107.6097,"-6.921,107.6097","Jl. Asia Afrika No.65, Braga, Sumur Bandung, Kota Bandung","Museum Konferensi Asia Afrika menyajikan sejarah Konferensi Asia Afrika dan cocok untuk wisata edukasi, sejarah, serta kunjungan pelajar.",0,0,1,1,8.9,19,32000,640000,210000,15000,897000,sesuai,0
BDG-TRV-0061,Bogor,2 hari 1 malam,2,2,2140000,hemat,transportasi umum,hemat,gunung,edukasi,Tangkuban Perahu,gunung,Kabupaten Bandung Barat,-6.7596,107.6098,"-6.7596,107.6098","Cikahuripan, Lembang, Kabupaten Bandung Barat",Tangkuban Perahu adalah kawasan wisata gunung berapi dengan kawah alam yang populer untuk wisata alam dan edukasi geologi.,1,1,1,1,204.83,434,737000,180000,280000,70000,1267000,sesuai,1
BDG-TRV-0062,Jakarta,2 hari 1 malam,2,2,3715000,premium,transportasi umum,nyaman,wisata kuliner,kuliner,Sudirman Street Bandung,wisata kuliner,Kota Bandung,-6.9177,107.5969,"-6.9177,107.5969","Jl. Jend. Sudirman, Karanganyar, Astanaanyar, Kota Bandung",Sudirman Street Bandung adalah kawasan kuliner malam yang menawarkan berbagai makanan lokal dan suasana street food kota.,1,1,1,1,205.66,376,740000,520000,280000,30000,1570000,sesuai,1
BDG-TRV-0063,Cimahi,2 hari 1 malam,2,5,2789000,premium,transportasi umum,hemat,kuliner,santai,Cafe D'Pakar Bandung,cafe view,Kota Bandung,-6.8398,107.6537,"-6.8398,107.6537","Dago Pakar, Ciburial, Cimenyan, Bandung","Cafe D'Pakar Bandung adalah tempat wisata kuliner dengan suasana alam sejuk, area outdoor, dan pemandangan pepohonan di kawasan Dago Pakar.",1,1,1,1,29.13,51,105000,180000,700000,100000,1085000,sesuai,1
BDG-TRV-0064,Kota Bandung,4 hari 3 malam,4,1,1682000,standar,mobil,hemat,kuliner,edukasi,Floating Market Lembang,wisata kuliner,Kabupaten Bandung Barat,-6.8167,107.6187,"-6.8167,107.6187","Jl. Grand Hotel No.33E, Lembang, Kabupaten Bandung Barat","Floating Market Lembang menawarkan pengalaman kuliner, wahana keluarga, taman, dan suasana danau di kawasan Lembang.",1,0,1,1,64.46,97,387000,540000,280000,15000,1222000,sesuai,0
BDG-TRV-0065,Cimahi,1 hari,1,1,940000,hemat,transportasi umum,tanpa penginapan,edukasi,keluarga,Museum Geologi Bandung,museum,Kota Bandung,-6.9007,107.6215,"-6.9007,107.6215","Jl. Diponegoro No.57, Cihaur Geulis, Cibeunying Kaler, Kota Bandung","Museum Geologi Bandung adalah destinasi edukasi yang menampilkan koleksi batuan, mineral, fosil, dan informasi sejarah bumi.",1,1,1,1,19.25,34,69000,0,70000,15000,154000,sesuai,1
BDG-TRV-0066,Depok,1 hari,1,5,1221000,standar,mobil,tanpa penginapan,wisata religi,kuliner,Ranca Upas,wisata alam,Kabupaten Bandung,-7.1421,107.3957,"-7.1421,107.3957","Jl. Raya Ciwidey-Patengan, Rancabali, Kabupaten Bandung",Ranca Upas adalah kawasan wisata alam dan bumi perkemahan yang dikenal dengan penangkaran rusa dan udara sejuk pegunungan.,0,0,0,0,251.97,414,1512000,0,350000,150000,2012000,melebihi budget,0
BDG-TRV-0067,Kota Bandung,1 hari,1,2,4321000,premium,mobil,tanpa penginapan,wisata tematik,keluarga,Dago Dreampark,wisata tematik,Kabupaten Bandung Barat,-6.8486,107.6246,"-6.8486,107.6246","Jl. Dago Giri, Mekarwangi, Lembang, Kabupaten Bandung Barat","Dago Dreampark adalah wisata tematik keluarga dengan wahana permainan, spot foto, dan suasana alam di kawasan Lembang.",1,1,1,1,39.16,60,235000,0,140000,130000,505000,sesuai,1
BDG-TRV-0068,Garut,3 hari 2 malam,3,2,4280000,premium,motor,standar,belanja,belanja,Cihampelas Walk,mall,Kota Bandung,-6.894,107.6042,"-6.894,107.6042","Jl. Cihampelas No.160, Cipaganti, Coblong, Kota Bandung",Cihampelas Walk adalah pusat belanja dan kuliner dengan konsep ruang terbuka yang cocok untuk jalan santai dan hiburan keluarga.,1,1,1,1,94.88,212,266000,640000,420000,20000,1346000,sesuai,1
BDG-TRV-0069,Jakarta,2 hari 1 malam,2,3,1594000,standar,motor,hemat,kuliner,kuliner,Floating Market Lembang,wisata kuliner,Kabupaten Bandung Barat,-6.8167,107.6187,"-6.8167,107.6187","Jl. Grand Hotel No.33E, Lembang, Kabupaten Bandung Barat","Floating Market Lembang menawarkan pengalaman kuliner, wahana keluarga, taman, dan suasana danau di kawasan Lembang.",1,1,1,1,180.39,285,505000,180000,420000,45000,1150000,sesuai,1
BDG-TRV-0070,Cimahi,2 hari 1 malam,2,2,1525000,hemat,mobil,nyaman,belanja,keluarga,Trans Studio Mall Bandung,mall,Kota Bandung,-6.9254,107.6358,"-6.9254,107.6358","Jl. Gatot Subroto No.289, Cibangkong, Batununggal, Kota Bandung",Trans Studio Mall Bandung adalah pusat perbelanjaan dan hiburan indoor yang terhubung dengan kawasan Trans Studio Bandung.,1,1,1,1,16.27,31,98000,520000,280000,20000,918000,sesuai,1
BDG-TRV-0071,Bogor,1 hari,1,2,1686000,hemat,mobil,tanpa penginapan,edukasi,edukasi,Kebun Binatang Bandung,kebun binatang,Kota Bandung,-6.8902,107.607,"-6.8902,107.607","Jl. Tamansari No.71, Lebak Siliwangi, Coblong, Kota Bandung",Kebun Binatang Bandung adalah wisata edukasi keluarga yang menampilkan berbagai satwa dan area rekreasi di kawasan Tamansari.,1,1,1,1,194.76,329,1169000,0,140000,100000,1409000,sesuai,1
BDG-TRV-0072,Bekasi,2 hari 1 malam,2,4,3189000,premium,transportasi umum,standar,edukasi,budaya,Museum Geologi Bandung,museum,Kota Bandung,-6.9007,107.6215,"-6.9007,107.6215","Jl. Diponegoro No.57, Cihaur Geulis, Cibeunying Kaler, Kota Bandung","Museum Geologi Bandung adalah destinasi edukasi yang menampilkan koleksi batuan, mineral, fosil, dan informasi sejarah bumi.",1,0,1,1,172.32,323,620000,320000,560000,60000,1560000,sesuai,0
BDG-TRV-0073,Bekasi,2 hari 1 malam,2,1,372000,hemat,mobil,nyaman,religi,religi,Masjid Raya Bandung,wisata religi,Kota Bandung,-6.9216,107.6068,"-6.9216,107.6068","Jl. Dalem Kaum, Balonggede, Regol, Kota Bandung",Masjid Raya Bandung merupakan destinasi wisata religi di kawasan Alun-Alun Bandung dengan arsitektur megah dan suasana pusat kota yang ramai.,1,1,0,0,262.4,400,1574000,520000,140000,0,2234000,melebihi budget,0
BDG-TRV-0074,Garut,2 hari 1 malam,2,5,4893000,premium,mobil,hemat,belanja,belanja,Bandung Indah Plaza,mall,Kota Bandung,-6.9089,107.6105,"-6.9089,107.6105","Jl. Merdeka No.56, Citarum, Bandung Wetan, Kota Bandung","Bandung Indah Plaza adalah pusat perbelanjaan di pusat Kota Bandung dengan pilihan fashion, kuliner, hiburan, dan kebutuhan gaya hidup.",1,1,1,1,81.96,186,492000,180000,700000,50000,1422000,sesuai,1
BDG-TRV-0075,Bekasi,1 hari,1,4,555000,premium,transportasi umum,tanpa penginapan,alam,alam,Curug Cimahi,wisata alam,Kabupaten Bandung Barat,-6.7986,107.5775,"-6.7986,107.5775","Kertawangi, Cisarua, Kabupaten Bandung Barat",Curug Cimahi adalah wisata air terjun di Bandung Barat dengan jalur trekking ringan dan suasana alam yang sejuk.,1,1,0,0,168.1,383,605000,0,280000,120000,1005000,melebihi budget,0
BDG-TRV-0076,Kabupaten Bandung,3 hari 2 malam,3,3,705000,hemat,transportasi umum,hemat,gunung,keluarga,Dusun Bambu,wisata alam,Kabupaten Bandung Barat,-6.789,107.5788,"-6.789,107.5788","Jl. Kolonel Masturi KM 11, Cisarua, Kabupaten Bandung Barat","Dusun Bambu adalah destinasi wisata alam dan kuliner keluarga dengan pemandangan pegunungan, taman, dan area rekreasi.",0,1,0,1,72.94,119,263000,360000,630000,90000,1343000,melebihi budget,0
BDG-TRV-0077,Depok,3 hari 2 malam,3,2,1368000,hemat,mobil,hemat,belanja,belanja,Cihampelas Walk,mall,Kota Bandung,-6.894,107.6042,"-6.894,107.6042","Jl. Cihampelas No.160, Cipaganti, Coblong, Kota Bandung",Cihampelas Walk adalah pusat belanja dan kuliner dengan konsep ruang terbuka yang cocok untuk jalan santai dan hiburan keluarga.,1,1,0,1,204.96,452,1230000,360000,420000,20000,2030000,melebihi budget,0
BDG-TRV-0078,Kota Bandung,1 hari,1,4,1268000,hemat,transportasi umum,tanpa penginapan,mall,santai,Bandung Indah Plaza,mall,Kota Bandung,-6.9089,107.6105,"-6.9089,107.6105","Jl. Merdeka No.56, Citarum, Bandung Wetan, Kota Bandung","Bandung Indah Plaza adalah pusat perbelanjaan di pusat Kota Bandung dengan pilihan fashion, kuliner, hiburan, dan kebutuhan gaya hidup.",1,1,1,1,15.4,27,55000,0,280000,40000,375000,sesuai,1
BDG-TRV-0079,Jakarta,1 hari,1,4,908000,hemat,transportasi umum,tanpa penginapan,gunung,sejarah,Museum Geologi Bandung,museum,Kota Bandung,-6.9007,107.6215,"-6.9007,107.6215","Jl. Diponegoro No.57, Cihaur Geulis, Cibeunying Kaler, Kota Bandung","Museum Geologi Bandung adalah destinasi edukasi yang menampilkan koleksi batuan, mineral, fosil, dan informasi sejarah bumi.",0,1,0,0,201.29,382,725000,0,280000,60000,1065000,melebihi budget,0
BDG-TRV-0080,Tasikmalaya,2 hari 1 malam,2,1,384000,hemat,transportasi umum,standar,museum,alam,Ranca Upas,wisata alam,Kabupaten Bandung,-7.1421,107.3957,"-7.1421,107.3957","Jl. Raya Ciwidey-Patengan, Rancabali, Kabupaten Bandung",Ranca Upas adalah kawasan wisata alam dan bumi perkemahan yang dikenal dengan penangkaran rusa dan udara sejuk pegunungan.,0,1,0,1,178.61,351,643000,320000,140000,30000,1133000,melebihi budget,0
BDG-TRV-0081,Bogor,4 hari 3 malam,4,3,3766000,premium,mobil,hemat,wisata kota,santai,Jalan Braga,wisata kota,Kota Bandung,-6.9175,107.6098,"-6.9175,107.6098","Jl. Braga, Braga, Sumur Bandung, Kota Bandung","Jalan Braga adalah kawasan wisata kota dengan nuansa klasik, bangunan bersejarah, kafe, kuliner, dan spot foto yang populer di Bandung.",1,1,1,1,157.77,272,947000,540000,840000,15000,2342000,sesuai,1
BDG-TRV-0082,Jakarta,1 hari,1,4,1983000,hemat,mobil,tanpa penginapan,wisata kuliner,keluarga,Martabak San Francisco Bandung,wisata kuliner,Kota Bandung,-6.9026,107.6092,"-6.9026,107.6092","Jl. Burangrang, Lengkong, Kota Bandung",Martabak San Francisco Bandung adalah destinasi kuliner legendaris yang dikenal dengan pilihan martabak manis dan martabak telur.,1,1,1,1,179.4,391,1076000,0,280000,60000,1416000,sesuai,1
BDG-TRV-0083,Bekasi,1 hari,1,2,3207000,premium,motor,tanpa penginapan,wisata tematik,foto-foto,Kampung Gajah Wonderland,wisata tematik,Kabupaten Bandung Barat,-6.8291,107.5933,"-6.8291,107.5933","Jl. Sersan Bajuri, Cihideung, Parongpong, Kabupaten Bandung Barat",Kampung Gajah Wonderland dikenal sebagai kawasan wisata tematik keluarga dengan berbagai wahana dan area rekreasi.,1,1,1,1,202.47,404,567000,0,140000,130000,837000,sesuai,1
BDG-TRV-0084,Kota Bandung,3 hari 2 malam,3,2,4215000,premium,transportasi umum,hemat,alam,alam,Tangkuban Perahu,gunung,Kabupaten Bandung Barat,-6.7596,107.6098,"-6.7596,107.6098","Cikahuripan, Lembang, Kabupaten Bandung Barat",Tangkuban Perahu adalah kawasan wisata gunung berapi dengan kawah alam yang populer untuk wisata alam dan edukasi geologi.,1,1,1,1,78.46,122,282000,360000,420000,70000,1132000,sesuai,1
BDG-TRV-0085,Tasikmalaya,4 hari 3 malam,4,4,3797000,premium,motor,standar,wisata kota,keluarga,Museum Konferensi Asia Afrika,museum,Kota Bandung,-6.921,107.6097,"-6.921,107.6097","Jl. Asia Afrika No.65, Braga, Sumur Bandung, Kota Bandung","Museum Konferensi Asia Afrika menyajikan sejarah Konferensi Asia Afrika dan cocok untuk wisata edukasi, sejarah, serta kunjungan pelajar.",0,0,1,1,134.42,237,376000,960000,1120000,60000,2516000,sesuai,0
BDG-TRV-0086,Kota Bandung,1 hari,1,1,2719000,premium,motor,tanpa penginapan,wisata religi,keluarga,Situ Patenggang,wisata alam,Kabupaten Bandung,-7.166,107.3589,"-7.166,107.3589","Patengan, Rancabali, Kabupaten Bandung","Situ Patenggang adalah danau wisata di kawasan Ciwidey yang cocok untuk menikmati alam, berfoto, dan rekreasi keluarga.",0,1,1,1,51.91,106,145000,0,70000,30000,245000,sesuai,0
BDG-TRV-0087,Bogor,2 hari 1 malam,2,5,1845000,standar,mobil,nyaman,kuliner,santai,Sudirman Street Bandung,wisata kuliner,Kota Bandung,-6.9177,107.5969,"-6.9177,107.5969","Jl. Jend. Sudirman, Karanganyar, Astanaanyar, Kota Bandung",Sudirman Street Bandung adalah kawasan kuliner malam yang menawarkan berbagai makanan lokal dan suasana street food kota.,1,1,0,1,188.73,379,1132000,520000,700000,75000,2427000,melebihi budget,0
BDG-TRV-0088,Cimahi,2 hari 1 malam,2,5,790000,hemat,transportasi umum,nyaman,wisata tematik,budaya,Martabak San Francisco Bandung,wisata kuliner,Kota Bandung,-6.9026,107.6092,"-6.9026,107.6092","Jl. Burangrang, Lengkong, Kota Bandung",Martabak San Francisco Bandung adalah destinasi kuliner legendaris yang dikenal dengan pilihan martabak manis dan martabak telur.,0,0,0,1,27.29,53,98000,520000,700000,75000,1393000,melebihi budget,0
BDG-TRV-0089,Kabupaten Bandung,4 hari 3 malam,4,3,2431000,standar,transportasi umum,standar,alam,foto-foto,Tebing Keraton,wisata alam,Kabupaten Bandung Barat,-6.8341,107.6635,"-6.8341,107.6635","Ciburial, Cimenyan, Kabupaten Bandung Barat",Tebing Keraton adalah destinasi wisata alam dengan pemandangan hutan dan perbukitan yang cocok untuk foto dan menikmati udara sejuk.,1,1,0,1,201.15,351,724000,960000,840000,90000,2614000,melebihi budget,0
BDG-TRV-0090,Depok,3 hari 2 malam,3,1,1143000,premium,motor,nyaman,alam,keluarga,The Lodge Maribaya,wisata alam,Kabupaten Bandung Barat,-6.8294,107.6875,"-6.8294,107.6875","Cibodas, Lembang, Kabupaten Bandung Barat","The Lodge Maribaya adalah destinasi alam dengan wahana foto, pemandangan hutan pinus, dan aktivitas rekreasi keluarga.",1,1,0,1,192.19,409,538000,1040000,210000,30000,1818000,melebihi budget,0
BDG-TRV-0091,Depok,2 hari 1 malam,2,2,707000,hemat,transportasi umum,nyaman,wisata kota,sejarah,Masjid Raya Bandung,wisata religi,Kota Bandung,-6.9216,107.6068,"-6.9216,107.6068","Jl. Dalem Kaum, Balonggede, Regol, Kota Bandung",Masjid Raya Bandung merupakan destinasi wisata religi di kawasan Alun-Alun Bandung dengan arsitektur megah dan suasana pusat kota yang ramai.,0,0,0,1,187.96,359,677000,520000,280000,0,1477000,melebihi budget,0
BDG-TRV-0092,Bogor,3 hari 2 malam,3,3,2697000,premium,mobil,hemat,cafe view,foto-foto,Museum Geologi Bandung,museum,Kota Bandung,-6.9007,107.6215,"-6.9007,107.6215","Jl. Diponegoro No.57, Cihaur Geulis, Cibeunying Kaler, Kota Bandung","Museum Geologi Bandung adalah destinasi edukasi yang menampilkan koleksi batuan, mineral, fosil, dan informasi sejarah bumi.",0,0,1,1,196.46,372,1179000,360000,630000,45000,2214000,sesuai,0
BDG-TRV-0093,Jakarta,3 hari 2 malam,3,3,2287000,hemat,transportasi umum,standar,foto-foto,santai,Alun-Alun Bandung,wisata kota,Kota Bandung,-6.9218,107.6071,"-6.9218,107.6071","Jl. Asia Afrika, Balonggede, Regol, Kota Bandung","Alun-Alun Bandung adalah ruang publik ikonik di pusat Kota Bandung yang cocok untuk bersantai, berfoto, dan menikmati suasana kota dekat Masjid Raya Bandung.",1,1,1,1,217.04,407,781000,640000,630000,15000,2066000,sesuai,1
BDG-TRV-0094,Bogor,1 hari,1,1,2552000,premium,mobil,tanpa penginapan,kuliner,santai,Cafe D'Pakar Bandung,cafe view,Kota Bandung,-6.8398,107.6537,"-6.8398,107.6537","Dago Pakar, Ciburial, Cimenyan, Bandung","Cafe D'Pakar Bandung adalah tempat wisata kuliner dengan suasana alam sejuk, area outdoor, dan pemandangan pepohonan di kawasan Dago Pakar.",1,1,1,1,186.79,328,1121000,0,70000,20000,1211000,sesuai,1
BDG-TRV-0095,Jakarta,4 hari 3 malam,4,2,1573000,hemat,transportasi umum,hemat,wisata alam,healing,Tebing Keraton,wisata alam,Kabupaten Bandung Barat,-6.8341,107.6635,"-6.8341,107.6635","Ciburial, Cimenyan, Kabupaten Bandung Barat",Tebing Keraton adalah destinasi wisata alam dengan pemandangan hutan dan perbukitan yang cocok untuk foto dan menikmati udara sejuk.,1,1,0,1,208.08,463,749000,540000,560000,60000,1909000,melebihi budget,0
BDG-TRV-0096,Cimahi,2 hari 1 malam,2,1,2361000,standar,mobil,hemat,edukasi,sejarah,Kebun Binatang Bandung,kebun binatang,Kota Bandung,-6.8902,107.607,"-6.8902,107.607","Jl. Tamansari No.71, Lebak Siliwangi, Coblong, Kota Bandung",Kebun Binatang Bandung adalah wisata edukasi keluarga yang menampilkan berbagai satwa dan area rekreasi di kawasan Tamansari.,1,0,1,1,9.74,14,58000,180000,140000,50000,428000,sesuai,0
BDG-TRV-0097,Tasikmalaya,3 hari 2 malam,3,4,1196000,standar,transportasi umum,nyaman,wisata tematik,religi,Masjid Raya Bandung,wisata religi,Kota Bandung,-6.9216,107.6068,"-6.9216,107.6068","Jl. Dalem Kaum, Balonggede, Regol, Kota Bandung",Masjid Raya Bandung merupakan destinasi wisata religi di kawasan Alun-Alun Bandung dengan arsitektur megah dan suasana pusat kota yang ramai.,0,1,0,1,112.95,179,407000,1040000,840000,0,2287000,melebihi budget,0
BDG-TRV-0098,Bekasi,2 hari 1 malam,2,1,542000,premium,transportasi umum,standar,wisata kuliner,kuliner,Sudirman Street Bandung,wisata kuliner,Kota Bandung,-6.9177,107.5969,"-6.9177,107.5969","Jl. Jend. Sudirman, Karanganyar, Astanaanyar, Kota Bandung",Sudirman Street Bandung adalah kawasan kuliner malam yang menawarkan berbagai makanan lokal dan suasana street food kota.,1,1,0,1,180.28,357,649000,320000,140000,15000,1124000,melebihi budget,0
BDG-TRV-0099,Kabupaten Bandung,3 hari 2 malam,3,3,632000,hemat,transportasi umum,hemat,wisata edukasi,edukasi,Saung Angklung Udjo,wisata edukasi,Kota Bandung,-6.8992,107.6542,"-6.8992,107.6542","Jl. Padasuka No.118, Pasirlayung, Cibeunying Kidul, Kota Bandung","Saung Angklung Udjo adalah destinasi budaya dan edukasi yang menampilkan pertunjukan angklung, seni Sunda, dan aktivitas keluarga.",1,1,0,1,51.77,89,186000,360000,630000,75000,1251000,melebihi budget,0
BDG-TRV-0100,Kota Bandung,3 hari 2 malam,3,1,4306000,premium,motor,nyaman,museum,sejarah,Museum Geologi Bandung,museum,Kota Bandung,-6.9007,107.6215,"-6.9007,107.6215","Jl. Diponegoro No.57, Cihaur Geulis, Cibeunying Kaler, Kota Bandung","Museum Geologi Bandung adalah destinasi edukasi yang menampilkan koleksi batuan, mineral, fosil, dan informasi sejarah bumi.",1,1,1,1,10.49,23,29000,1040000,210000,15000,1294000,sesuai,1
BDG-TRV-0101,Kota Bandung,2 hari 1 malam,2,3,1590000,standar,transportasi umum,nyaman,religi,keluarga,Masjid Raya Bandung,wisata religi,Kota Bandung,-6.9216,107.6068,"-6.9216,107.6068","Jl. Dalem Kaum, Balonggede, Regol, Kota Bandung",Masjid Raya Bandung merupakan destinasi wisata religi di kawasan Alun-Alun Bandung dengan arsitektur megah dan suasana pusat kota yang ramai.,1,1,1,1,23.32,38,84000,520000,420000,0,1024000,sesuai,1
BDG-TRV-0102,Depok,3 hari 2 malam,3,2,564000,hemat,mobil,nyaman,cafe view,budaya,Cafe D'Pakar Bandung,cafe view,Kota Bandung,-6.8398,107.6537,"-6.8398,107.6537","Dago Pakar, Ciburial, Cimenyan, Bandung","Cafe D'Pakar Bandung adalah tempat wisata kuliner dengan suasana alam sejuk, area outdoor, dan pemandangan pepohonan di kawasan Dago Pakar.",1,0,0,1,155.17,293,931000,1040000,420000,40000,2431000,melebihi budget,0
BDG-TRV-0103,Depok,4 hari 3 malam,4,2,2219000,hemat,motor,hemat,edukasi,keluarga,Museum Geologi Bandung,museum,Kota Bandung,-6.9007,107.6215,"-6.9007,107.6215","Jl. Diponegoro No.57, Cihaur Geulis, Cibeunying Kaler, Kota Bandung","Museum Geologi Bandung adalah destinasi edukasi yang menampilkan koleksi batuan, mineral, fosil, dan informasi sejarah bumi.",1,1,1,1,210.2,414,589000,540000,560000,30000,1719000,sesuai,1
BDG-TRV-0104,Bogor,1 hari,1,1,1762000,standar,mobil,tanpa penginapan,keluarga,santai,Dago Dreampark,wisata tematik,Kabupaten Bandung Barat,-6.8486,107.6246,"-6.8486,107.6246","Jl. Dago Giri, Mekarwangi, Lembang, Kabupaten Bandung Barat","Dago Dreampark adalah wisata tematik keluarga dengan wahana permainan, spot foto, dan suasana alam di kawasan Lembang.",1,1,1,1,261.33,532,1568000,0,70000,65000,1703000,sesuai,1
BDG-TRV-0105,Cimahi,1 hari,1,4,2290000,standar,mobil,tanpa penginapan,wisata kuliner,kuliner,Floating Market Lembang,wisata kuliner,Kabupaten Bandung Barat,-6.8167,107.6187,"-6.8167,107.6187","Jl. Grand Hotel No.33E, Lembang, Kabupaten Bandung Barat","Floating Market Lembang menawarkan pengalaman kuliner, wahana keluarga, taman, dan suasana danau di kawasan Lembang.",1,1,1,0,197.31,414,1184000,0,280000,60000,1524000,sesuai,0
BDG-TRV-0106,Cimahi,2 hari 1 malam,2,1,3484000,premium,motor,nyaman,wisata kuliner,foto-foto,Sudirman Street Bandung,wisata kuliner,Kota Bandung,-6.9177,107.5969,"-6.9177,107.5969","Jl. Jend. Sudirman, Karanganyar, Astanaanyar, Kota Bandung",Sudirman Street Bandung adalah kawasan kuliner malam yang menawarkan berbagai makanan lokal dan suasana street food kota.,1,1,1,1,21.15,37,59000,520000,140000,15000,734000,sesuai,1
BDG-TRV-0107,Tasikmalaya,2 hari 1 malam,2,1,825000,hemat,motor,standar,belanja,healing,Trans Studio Mall Bandung,mall,Kota Bandung,-6.9254,107.6358,"-6.9254,107.6358","Jl. Gatot Subroto No.289, Cibangkong, Batununggal, Kota Bandung",Trans Studio Mall Bandung adalah pusat perbelanjaan dan hiburan indoor yang terhubung dengan kawasan Trans Studio Bandung.,1,0,1,1,118.42,245,332000,320000,140000,10000,802000,sesuai,0
BDG-TRV-0108,Bekasi,3 hari 2 malam,3,5,2670000,premium,mobil,nyaman,wisata kuliner,santai,Sudirman Street Bandung,wisata kuliner,Kota Bandung,-6.9177,107.5969,"-6.9177,107.5969","Jl. Jend. Sudirman, Karanganyar, Astanaanyar, Kota Bandung",Sudirman Street Bandung adalah kawasan kuliner malam yang menawarkan berbagai makanan lokal dan suasana street food kota.,1,1,0,1,166.39,326,998000,1040000,1050000,75000,3163000,melebihi budget,0
BDG-TRV-0109,Bekasi,4 hari 3 malam,4,2,1698000,hemat,motor,hemat,wisata kuliner,santai,Martabak San Francisco Bandung,wisata kuliner,Kota Bandung,-6.9026,107.6092,"-6.9026,107.6092","Jl. Burangrang, Lengkong, Kota Bandung",Martabak San Francisco Bandung adalah destinasi kuliner legendaris yang dikenal dengan pilihan martabak manis dan martabak telur.,1,1,1,1,141.96,246,397000,540000,560000,30000,1527000,sesuai,1
BDG-TRV-0110,Garut,2 hari 1 malam,2,2,632000,standar,motor,standar,alam,healing,Ranca Upas,wisata alam,Kabupaten Bandung,-7.1421,107.3957,"-7.1421,107.3957","Jl. Raya Ciwidey-Patengan, Rancabali, Kabupaten Bandung",Ranca Upas adalah kawasan wisata alam dan bumi perkemahan yang dikenal dengan penangkaran rusa dan udara sejuk pegunungan.,1,1,0,1,155.53,272,435000,320000,280000,60000,1095000,melebihi budget,0
BDG-TRV-0111,Garut,2 hari 1 malam,2,2,1100000,standar,transportasi umum,standar,mall,belanja,Bandung Indah Plaza,mall,Kota Bandung,-6.9089,107.6105,"-6.9089,107.6105","Jl. Merdeka No.56, Citarum, Bandung Wetan, Kota Bandung","Bandung Indah Plaza adalah pusat perbelanjaan di pusat Kota Bandung dengan pilihan fashion, kuliner, hiburan, dan kebutuhan gaya hidup.",1,1,1,1,112.0,181,403000,320000,280000,20000,1023000,sesuai,1
BDG-TRV-0112,Garut,1 hari,1,1,2329000,standar,motor,tanpa penginapan,kuliner,keluarga,Martabak San Francisco Bandung,wisata kuliner,Kota Bandung,-6.9026,107.6092,"-6.9026,107.6092","Jl. Burangrang, Lengkong, Kota Bandung",Martabak San Francisco Bandung adalah destinasi kuliner legendaris yang dikenal dengan pilihan martabak manis dan martabak telur.,1,1,1,0,268.65,488,752000,0,70000,15000,837000,sesuai,0
BDG-TRV-0113,Kota Bandung,3 hari 2 malam,3,2,2275000,standar,motor,nyaman,belanja,santai,Cihampelas Walk,mall,Kota Bandung,-6.894,107.6042,"-6.894,107.6042","Jl. Cihampelas No.160, Cipaganti, Coblong, Kota Bandung",Cihampelas Walk adalah pusat belanja dan kuliner dengan konsep ruang terbuka yang cocok untuk jalan santai dan hiburan keluarga.,1,1,1,1,8.56,15,24000,1040000,420000,20000,1504000,sesuai,1
BDG-TRV-0114,Bogor,4 hari 3 malam,4,2,3850000,standar,transportasi umum,nyaman,edukasi,keluarga,Jendela Alam,wisata edukasi,Kabupaten Bandung Barat,-6.8287,107.5976,"-6.8287,107.5976","Komplek Graha Puspa, Lembang, Kabupaten Bandung Barat","Jendela Alam adalah wisata edukasi keluarga yang mengenalkan aktivitas pertanian, peternakan, dan lingkungan alam.",1,1,1,1,227.39,439,819000,1560000,560000,50000,2989000,sesuai,1
BDG-TRV-0115,Kabupaten Bandung,3 hari 2 malam,3,4,1591000,hemat,motor,hemat,edukasi,sejarah,Museum Geologi Bandung,museum,Kota Bandung,-6.9007,107.6215,"-6.9007,107.6215","Jl. Diponegoro No.57, Cihaur Geulis, Cibeunying Kaler, Kota Bandung","Museum Geologi Bandung adalah destinasi edukasi yang menampilkan koleksi batuan, mineral, fosil, dan informasi sejarah bumi.",1,1,1,1,21.59,43,60000,360000,840000,60000,1320000,sesuai,1
BDG-TRV-0116,Kota Bandung,2 hari 1 malam,2,2,1053000,standar,motor,nyaman,kuliner,foto-foto,Cafe D'Pakar Bandung,cafe view,Kota Bandung,-6.8398,107.6537,"-6.8398,107.6537","Dago Pakar, Ciburial, Cimenyan, Bandung","Cafe D'Pakar Bandung adalah tempat wisata kuliner dengan suasana alam sejuk, area outdoor, dan pemandangan pepohonan di kawasan Dago Pakar.",1,1,1,1,5.73,12,16000,520000,280000,40000,856000,sesuai,1
BDG-TRV-0117,Depok,4 hari 3 malam,4,2,3956000,premium,mobil,nyaman,alam,santai,Situ Patenggang,wisata alam,Kabupaten Bandung,-7.166,107.3589,"-7.166,107.3589","Patengan, Rancabali, Kabupaten Bandung","Situ Patenggang adalah danau wisata di kawasan Ciwidey yang cocok untuk menikmati alam, berfoto, dan rekreasi keluarga.",1,1,1,1,263.43,516,1581000,1560000,560000,60000,3761000,sesuai,1
BDG-TRV-0118,Bekasi,2 hari 1 malam,2,2,1819000,hemat,motor,nyaman,museum,sejarah,Museum Geologi Bandung,museum,Kota Bandung,-6.9007,107.6215,"-6.9007,107.6215","Jl. Diponegoro No.57, Cihaur Geulis, Cibeunying Kaler, Kota Bandung","Museum Geologi Bandung adalah destinasi edukasi yang menampilkan koleksi batuan, mineral, fosil, dan informasi sejarah bumi.",1,1,1,1,177.37,392,497000,520000,280000,30000,1327000,sesuai,1
BDG-TRV-0119,Tasikmalaya,2 hari 1 malam,2,5,2879000,premium,motor,nyaman,cafe view,keluarga,Museum Geologi Bandung,museum,Kota Bandung,-6.9007,107.6215,"-6.9007,107.6215","Jl. Diponegoro No.57, Cihaur Geulis, Cibeunying Kaler, Kota Bandung","Museum Geologi Bandung adalah destinasi edukasi yang menampilkan koleksi batuan, mineral, fosil, dan informasi sejarah bumi.",0,1,1,1,133.08,264,373000,520000,700000,75000,1668000,sesuai,0
BDG-TRV-0120,Bekasi,4 hari 3 malam,4,4,1977000,premium,mobil,hemat,kuliner,santai,Martabak San Francisco Bandung,wisata kuliner,Kota Bandung,-6.9026,107.6092,"-6.9026,107.6092","Jl. Burangrang, Lengkong, Kota Bandung",Martabak San Francisco Bandung adalah destinasi kuliner legendaris yang dikenal dengan pilihan martabak manis dan martabak telur.,1,1,0,1,132.88,253,797000,540000,1120000,60000,2517000,melebihi budget,0
BDG-TRV-0121,Bekasi,2 hari 1 malam,2,1,1928000,hemat,motor,nyaman,wisata kuliner,kuliner,Floating Market Lembang,wisata kuliner,Kabupaten Bandung Barat,-6.8167,107.6187,"-6.8167,107.6187","Jl. Grand Hotel No.33E, Lembang, Kabupaten Bandung Barat","Floating Market Lembang menawarkan pengalaman kuliner, wahana keluarga, taman, dan suasana danau di kawasan Lembang.",1,1,1,1,182.45,283,511000,520000,140000,15000,1186000,sesuai,1
BDG-TRV-0122,Tasikmalaya,1 hari,1,5,1252000,standar,transportasi umum,tanpa penginapan,cafe view,foto-foto,Cafe D'Pakar Bandung,cafe view,Kota Bandung,-6.8398,107.6537,"-6.8398,107.6537","Dago Pakar, Ciburial, Cimenyan, Bandung","Cafe D'Pakar Bandung adalah tempat wisata kuliner dengan suasana alam sejuk, area outdoor, dan pemandangan pepohonan di kawasan Dago Pakar.",1,1,1,1,175.22,277,631000,0,350000,100000,1081000,sesuai,1
BDG-TRV-0123,Garut,1 hari,1,2,560000,hemat,motor,tanpa penginapan,wisata tematik,alam,Tangkuban Perahu,gunung,Kabupaten Bandung Barat,-6.7596,107.6098,"-6.7596,107.6098","Cikahuripan, Lembang, Kabupaten Bandung Barat",Tangkuban Perahu adalah kawasan wisata gunung berapi dengan kawah alam yang populer untuk wisata alam dan edukasi geologi.,0,1,1,0,97.58,153,273000,0,140000,70000,483000,sesuai,0
BDG-TRV-0124,Kabupaten Bandung,2 hari 1 malam,2,3,3630000,premium,motor,hemat,wisata kuliner,santai,Saung Angklung Udjo,wisata edukasi,Kota Bandung,-6.8992,107.6542,"-6.8992,107.6542","Jl. Padasuka No.118, Pasirlayung, Cibeunying Kidul, Kota Bandung","Saung Angklung Udjo adalah destinasi budaya dan edukasi yang menampilkan pertunjukan angklung, seni Sunda, dan aktivitas keluarga.",0,0,1,1,43.19,76,121000,180000,420000,75000,796000,sesuai,0
BDG-TRV-0125,Depok,2 hari 1 malam,2,1,1260000,hemat,transportasi umum,hemat,belanja,keluarga,Trans Studio Mall Bandung,mall,Kota Bandung,-6.9254,107.6358,"-6.9254,107.6358","Jl. Gatot Subroto No.289, Cibangkong, Batununggal, Kota Bandung",Trans Studio Mall Bandung adalah pusat perbelanjaan dan hiburan indoor yang terhubung dengan kawasan Trans Studio Bandung.,1,1,1,1,171.36,364,617000,180000,140000,10000,947000,sesuai,1
BDG-TRV-0126,Tasikmalaya,3 hari 2 malam,3,3,2700000,hemat,transportasi umum,hemat,alam,alam,Curug Cimahi,wisata alam,Kabupaten Bandung Barat,-6.7986,107.5775,"-6.7986,107.5775","Kertawangi, Cisarua, Kabupaten Bandung Barat",Curug Cimahi adalah wisata air terjun di Bandung Barat dengan jalur trekking ringan dan suasana alam yang sejuk.,1,1,1,1,208.86,388,752000,360000,630000,90000,1832000,sesuai,1
BDG-TRV-0127,Kota Bandung,1 hari,1,2,4294000,premium,motor,tanpa penginapan,edukasi,foto-foto,Museum Konferensi Asia Afrika,museum,Kota Bandung,-6.921,107.6097,"-6.921,107.6097","Jl. Asia Afrika No.65, Braga, Sumur Bandung, Kota Bandung","Museum Konferensi Asia Afrika menyajikan sejarah Konferensi Asia Afrika dan cocok untuk wisata edukasi, sejarah, serta kunjungan pelajar.",1,1,1,1,24.6,40,69000,0,140000,30000,239000,sesuai,1
BDG-TRV-0128,Kota Bandung,2 hari 1 malam,2,1,4865000,premium,mobil,standar,wisata edukasi,keluarga,Cihampelas Walk,mall,Kota Bandung,-6.894,107.6042,"-6.894,107.6042","Jl. Cihampelas No.160, Cipaganti, Coblong, Kota Bandung",Cihampelas Walk adalah pusat belanja dan kuliner dengan konsep ruang terbuka yang cocok untuk jalan santai dan hiburan keluarga.,0,0,1,1,23.44,47,141000,320000,140000,10000,611000,sesuai,0
BDG-TRV-0129,Tasikmalaya,2 hari 1 malam,2,2,2105000,hemat,transportasi umum,standar,edukasi,keluarga,Kebun Binatang Bandung,kebun binatang,Kota Bandung,-6.8902,107.607,"-6.8902,107.607","Jl. Tamansari No.71, Lebak Siliwangi, Coblong, Kota Bandung",Kebun Binatang Bandung adalah wisata edukasi keluarga yang menampilkan berbagai satwa dan area rekreasi di kawasan Tamansari.,1,1,1,1,147.75,307,532000,320000,280000,100000,1232000,sesuai,1
BDG-TRV-0130,Cimahi,2 hari 1 malam,2,5,1346000,standar,motor,nyaman,wisata tematik,budaya,Floating Market Lembang,wisata kuliner,Kabupaten Bandung Barat,-6.8167,107.6187,"-6.8167,107.6187","Jl. Grand Hotel No.33E, Lembang, Kabupaten Bandung Barat","Floating Market Lembang menawarkan pengalaman kuliner, wahana keluarga, taman, dan suasana danau di kawasan Lembang.",0,0,0,1,50.01,107,140000,520000,700000,75000,1435000,melebihi budget,0
BDG-TRV-0131,Jakarta,3 hari 2 malam,3,1,422000,hemat,motor,standar,alam,foto-foto,The Lodge Maribaya,wisata alam,Kabupaten Bandung Barat,-6.8294,107.6875,"-6.8294,107.6875","Cibodas, Lembang, Kabupaten Bandung Barat","The Lodge Maribaya adalah destinasi alam dengan wahana foto, pemandangan hutan pinus, dan aktivitas rekreasi keluarga.",1,1,0,0,286.85,581,803000,640000,210000,30000,1683000,melebihi budget,0
BDG-TRV-0132,Kabupaten Bandung,4 hari 3 malam,4,2,362000,hemat,motor,hemat,wisata edukasi,edukasi,Jendela Alam,wisata edukasi,Kabupaten Bandung Barat,-6.8287,107.5976,"-6.8287,107.5976","Komplek Graha Puspa, Lembang, Kabupaten Bandung Barat","Jendela Alam adalah wisata edukasi keluarga yang mengenalkan aktivitas pertanian, peternakan, dan lingkungan alam.",1,1,0,1,213.22,346,597000,540000,560000,50000,1747000,melebihi budget,0
BDG-TRV-0133,Kota Bandung,2 hari 1 malam,2,5,848000,hemat,motor,standar,mall,sejarah,Museum Geologi Bandung,museum,Kota Bandung,-6.9007,107.6215,"-6.9007,107.6215","Jl. Diponegoro No.57, Cihaur Geulis, Cibeunying Kaler, Kota Bandung","Museum Geologi Bandung adalah destinasi edukasi yang menampilkan koleksi batuan, mineral, fosil, dan informasi sejarah bumi.",0,1,0,1,23.03,44,64000,320000,700000,75000,1159000,melebihi budget,0
BDG-TRV-0134,Cimahi,3 hari 2 malam,3,3,3368000,premium,motor,nyaman,alam,foto-foto,Tangkuban Perahu,gunung,Kabupaten Bandung Barat,-6.7596,107.6098,"-6.7596,107.6098","Cikahuripan, Lembang, Kabupaten Bandung Barat",Tangkuban Perahu adalah kawasan wisata gunung berapi dengan kawah alam yang populer untuk wisata alam dan edukasi geologi.,1,1,1,1,25.46,50,71000,1040000,630000,105000,1846000,sesuai,1
BDG-TRV-0135,Tasikmalaya,4 hari 3 malam,4,4,4179000,premium,transportasi umum,nyaman,edukasi,keluarga,Saung Angklung Udjo,wisata edukasi,Kota Bandung,-6.8992,107.6542,"-6.8992,107.6542","Jl. Padasuka No.118, Pasirlayung, Cibeunying Kidul, Kota Bandung","Saung Angklung Udjo adalah destinasi budaya dan edukasi yang menampilkan pertunjukan angklung, seni Sunda, dan aktivitas keluarga.",1,1,1,1,139.22,292,501000,1560000,1120000,100000,3281000,sesuai,1
BDG-TRV-0136,Bogor,1 hari,1,1,2936000,premium,motor,tanpa penginapan,wisata kota,kuliner,Ranca Upas,wisata alam,Kabupaten Bandung,-7.1421,107.3957,"-7.1421,107.3957","Jl. Raya Ciwidey-Patengan, Rancabali, Kabupaten Bandung",Ranca Upas adalah kawasan wisata alam dan bumi perkemahan yang dikenal dengan penangkaran rusa dan udara sejuk pegunungan.,0,0,1,0,221.66,420,621000,0,70000,30000,721000,sesuai,0
BDG-TRV-0137,Jakarta,2 hari 1 malam,2,1,1115000,hemat,motor,hemat,belanja,kuliner,Cihampelas Walk,mall,Kota Bandung,-6.894,107.6042,"-6.894,107.6042","Jl. Cihampelas No.160, Cipaganti, Coblong, Kota Bandung",Cihampelas Walk adalah pusat belanja dan kuliner dengan konsep ruang terbuka yang cocok untuk jalan santai dan hiburan keluarga.,1,1,1,1,196.39,446,550000,180000,140000,10000,880000,sesuai,1
BDG-TRV-0138,Cimahi,1 hari,1,5,1577000,standar,motor,tanpa penginapan,wisata alam,religi,Orchid Forest Cikole,wisata alam,Kabupaten Bandung Barat,-6.7806,107.6373,"-6.7806,107.6373","Cikole, Lembang, Kabupaten Bandung Barat","Orchid Forest Cikole adalah wisata alam hutan pinus dengan koleksi anggrek, spot foto, dan suasana sejuk di Lembang.",1,0,1,1,54.81,102,153000,0,350000,150000,653000,sesuai,0
BDG-TRV-0139,Cimahi,2 hari 1 malam,2,3,1503000,standar,transportasi umum,standar,alam,foto-foto,The Lodge Maribaya,wisata alam,Kabupaten Bandung Barat,-6.8294,107.6875,"-6.8294,107.6875","Cibodas, Lembang, Kabupaten Bandung Barat","The Lodge Maribaya adalah destinasi alam dengan wahana foto, pemandangan hutan pinus, dan aktivitas rekreasi keluarga.",1,1,0,1,214.59,391,773000,320000,420000,90000,1603000,melebihi budget,0
BDG-TRV-0140,Depok,3 hari 2 malam,3,2,1458000,standar,motor,standar,alam,healing,Curug Cimahi,wisata alam,Kabupaten Bandung Barat,-6.7986,107.5775,"-6.7986,107.5775","Kertawangi, Cisarua, Kabupaten Bandung Barat",Curug Cimahi adalah wisata air terjun di Bandung Barat dengan jalur trekking ringan dan suasana alam yang sejuk.,1,1,0,1,221.31,476,620000,640000,420000,60000,1740000,melebihi budget,0
BDG-TRV-0141,Bekasi,3 hari 2 malam,3,2,4599000,premium,mobil,standar,wisata alam,keluarga,Situ Patenggang,wisata alam,Kabupaten Bandung,-7.166,107.3589,"-7.166,107.3589","Patengan, Rancabali, Kabupaten Bandung","Situ Patenggang adalah danau wisata di kawasan Ciwidey yang cocok untuk menikmati alam, berfoto, dan rekreasi keluarga.",1,1,1,1,216.35,405,1298000,640000,420000,60000,2418000,sesuai,1
BDG-TRV-0142,Bogor,3 hari 2 malam,3,4,1672000,standar,transportasi umum,nyaman,kebun binatang,belanja,Bandung Indah Plaza,mall,Kota Bandung,-6.9089,107.6105,"-6.9089,107.6105","Jl. Merdeka No.56, Citarum, Bandung Wetan, Kota Bandung","Bandung Indah Plaza adalah pusat perbelanjaan di pusat Kota Bandung dengan pilihan fashion, kuliner, hiburan, dan kebutuhan gaya hidup.",0,1,0,1,165.51,375,596000,1040000,840000,40000,2516000,melebihi budget,0
BDG-TRV-0143,Bogor,1 hari,1,2,866000,hemat,motor,tanpa penginapan,kuliner,kuliner,Floating Market Lembang,wisata kuliner,Kabupaten Bandung Barat,-6.8167,107.6187,"-6.8167,107.6187","Jl. Grand Hotel No.33E, Lembang, Kabupaten Bandung Barat","Floating Market Lembang menawarkan pengalaman kuliner, wahana keluarga, taman, dan suasana danau di kawasan Lembang.",1,1,1,1,202.67,333,567000,0,140000,30000,737000,sesuai,1
BDG-TRV-0144,Jakarta,3 hari 2 malam,3,4,3646000,premium,transportasi umum,nyaman,alam,alam,Ranca Upas,wisata alam,Kabupaten Bandung,-7.1421,107.3957,"-7.1421,107.3957","Jl. Raya Ciwidey-Patengan, Rancabali, Kabupaten Bandung",Ranca Upas adalah kawasan wisata alam dan bumi perkemahan yang dikenal dengan penangkaran rusa dan udara sejuk pegunungan.,1,1,1,1,187.68,421,676000,1040000,840000,120000,2676000,sesuai,1
BDG-TRV-0145,Kota Bandung,1 hari,1,1,100000,standar,motor,tanpa penginapan,kebun binatang,edukasi,Kebun Binatang Bandung,kebun binatang,Kota Bandung,-6.8902,107.607,"-6.8902,107.607","Jl. Tamansari No.71, Lebak Siliwangi, Coblong, Kota Bandung",Kebun Binatang Bandung adalah wisata edukasi keluarga yang menampilkan berbagai satwa dan area rekreasi di kawasan Tamansari.,1,1,0,1,8.61,13,24000,0,70000,50000,144000,melebihi budget,0
BDG-TRV-0146,Garut,1 hari,1,5,563000,hemat,motor,tanpa penginapan,kebun binatang,belanja,Bandung Indah Plaza,mall,Kota Bandung,-6.9089,107.6105,"-6.9089,107.6105","Jl. Merdeka No.56, Citarum, Bandung Wetan, Kota Bandung","Bandung Indah Plaza adalah pusat perbelanjaan di pusat Kota Bandung dengan pilihan fashion, kuliner, hiburan, dan kebutuhan gaya hidup.",0,1,0,0,114.15,198,320000,0,350000,50000,720000,melebihi budget,0
BDG-TRV-0147,Garut,1 hari,1,2,2260000,standar,mobil,tanpa penginapan,keluarga,foto-foto,Kampung Gajah Wonderland,wisata tematik,Kabupaten Bandung Barat,-6.8291,107.5933,"-6.8291,107.5933","Jl. Sersan Bajuri, Cihideung, Parongpong, Kabupaten Bandung Barat",Kampung Gajah Wonderland dikenal sebagai kawasan wisata tematik keluarga dengan berbagai wahana dan area rekreasi.,1,1,1,0,307.55,553,1845000,0,140000,130000,2115000,sesuai,0
BDG-TRV-0148,Bogor,3 hari 2 malam,3,5,987000,standar,transportasi umum,hemat,wisata alam,kuliner,Dusun Bambu,wisata alam,Kabupaten Bandung Barat,-6.789,107.5788,"-6.789,107.5788","Jl. Kolonel Masturi KM 11, Cisarua, Kabupaten Bandung Barat","Dusun Bambu adalah destinasi wisata alam dan kuliner keluarga dengan pemandangan pegunungan, taman, dan area rekreasi.",1,1,0,0,378.8,745,1364000,360000,1050000,150000,2924000,melebihi budget,0
BDG-TRV-0149,Bekasi,1 hari,1,2,4402000,premium,motor,tanpa penginapan,wisata edukasi,kuliner,Kawah Putih,wisata alam,Kabupaten Bandung,-7.1662,107.402,"-7.1662,107.402","Sugihmukti, Pasirjambu, Kabupaten Bandung",Kawah Putih adalah wisata alam di Ciwidey dengan danau kawah berwarna putih kehijauan dan panorama pegunungan.,0,0,1,0,227.65,401,637000,0,140000,60000,837000,sesuai,0
BDG-TRV-0150,Cimahi,2 hari 1 malam,2,2,1132000,standar,motor,nyaman,wisata kuliner,kuliner,Sudirman Street Bandung,wisata kuliner,Kota Bandung,-6.9177,107.5969,"-6.9177,107.5969","Jl. Jend. Sudirman, Karanganyar, Astanaanyar, Kota Bandung",Sudirman Street Bandung adalah kawasan kuliner malam yang menawarkan berbagai makanan lokal dan suasana street food kota.,1,1,0,1,143.49,309,402000,520000,280000,30000,1232000,melebihi budget,0
BDG-TRV-0151,Kabupaten Bandung,1 hari,1,5,2910000,premium,transportasi umum,tanpa penginapan,belanja,kuliner,Bandung Indah Plaza,mall,Kota Bandung,-6.9089,107.6105,"-6.9089,107.6105","Jl. Merdeka No.56, Citarum, Bandung Wetan, Kota Bandung","Bandung Indah Plaza adalah pusat perbelanjaan di pusat Kota Bandung dengan pilihan fashion, kuliner, hiburan, dan kebutuhan gaya hidup.",1,1,1,1,49.29,78,177000,0,350000,50000,577000,sesuai,1
BDG-TRV-0152,Tasikmalaya,3 hari 2 malam,3,4,4842000,premium,mobil,standar,wisata tematik,edukasi,Museum Geologi Bandung,museum,Kota Bandung,-6.9007,107.6215,"-6.9007,107.6215","Jl. Diponegoro No.57, Cihaur Geulis, Cibeunying Kaler, Kota Bandung","Museum Geologi Bandung adalah destinasi edukasi yang menampilkan koleksi batuan, mineral, fosil, dan informasi sejarah bumi.",0,1,1,1,133.36,207,800000,640000,840000,60000,2340000,sesuai,0
BDG-TRV-0153,Cimahi,1 hari,1,5,3243000,premium,mobil,tanpa penginapan,kuliner,santai,Sudirman Street Bandung,wisata kuliner,Kota Bandung,-6.9177,107.5969,"-6.9177,107.5969","Jl. Jend. Sudirman, Karanganyar, Astanaanyar, Kota Bandung",Sudirman Street Bandung adalah kawasan kuliner malam yang menawarkan berbagai makanan lokal dan suasana street food kota.,1,1,1,0,175.24,376,1051000,0,350000,75000,1476000,sesuai,0
BDG-TRV-0154,Garut,3 hari 2 malam,3,5,3045000,standar,motor,nyaman,wisata kota,foto-foto,Jalan Braga,wisata kota,Kota Bandung,-6.9175,107.6098,"-6.9175,107.6098","Jl. Braga, Braga, Sumur Bandung, Kota Bandung","Jalan Braga adalah kawasan wisata kota dengan nuansa klasik, bangunan bersejarah, kafe, kuliner, dan spot foto yang populer di Bandung.",1,1,1,1,98.25,200,275000,1040000,1050000,25000,2390000,sesuai,1
BDG-TRV-0155,Garut,1 hari,1,4,528000,hemat,mobil,tanpa penginapan,alam,belanja,Orchid Forest Cikole,wisata alam,Kabupaten Bandung Barat,-6.7806,107.6373,"-6.7806,107.6373","Cikole, Lembang, Kabupaten Bandung Barat","Orchid Forest Cikole adalah wisata alam hutan pinus dengan koleksi anggrek, spot foto, dan suasana sejuk di Lembang.",1,0,0,0,94.18,196,565000,0,280000,120000,965000,melebihi budget,0
BDG-TRV-0156,Jakarta,1 hari,1,1,2846000,premium,mobil,tanpa penginapan,kuliner,foto-foto,Floating Market Lembang,wisata kuliner,Kabupaten Bandung Barat,-6.8167,107.6187,"-6.8167,107.6187","Jl. Grand Hotel No.33E, Lembang, Kabupaten Bandung Barat","Floating Market Lembang menawarkan pengalaman kuliner, wahana keluarga, taman, dan suasana danau di kawasan Lembang.",1,1,1,1,224.91,475,1349000,0,70000,15000,1434000,sesuai,1
BDG-TRV-0157,Depok,2 hari 1 malam,2,2,4165000,premium,motor,hemat,gunung,alam,Tangkuban Perahu,gunung,Kabupaten Bandung Barat,-6.7596,107.6098,"-6.7596,107.6098","Cikahuripan, Lembang, Kabupaten Bandung Barat",Tangkuban Perahu adalah kawasan wisata gunung berapi dengan kawah alam yang populer untuk wisata alam dan edukasi geologi.,1,1,1,1,194.52,407,545000,180000,280000,70000,1075000,sesuai,1
BDG-TRV-0158,Jakarta,1 hari,1,2,1532000,standar,motor,tanpa penginapan,wisata edukasi,kuliner,Gedung Sate,wisata edukasi,Kota Bandung,-6.9025,107.6188,"-6.9025,107.6188","Jl. Diponegoro No.22, Citarum, Bandung Wetan, Kota Bandung",Gedung Sate adalah ikon Kota Bandung yang dikenal sebagai bangunan bersejarah dengan arsitektur khas dan nilai edukasi sejarah pemerintahan Jawa Barat.,1,0,1,0,209.21,349,586000,0,140000,50000,776000,sesuai,0
BDG-TRV-0159,Bekasi,2 hari 1 malam,2,2,704000,hemat,transportasi umum,hemat,gunung,budaya,Tangkuban Perahu,gunung,Kabupaten Bandung Barat,-6.7596,107.6098,"-6.7596,107.6098","Cikahuripan, Lembang, Kabupaten Bandung Barat",Tangkuban Perahu adalah kawasan wisata gunung berapi dengan kawah alam yang populer untuk wisata alam dan edukasi geologi.,1,0,0,1,177.61,362,639000,180000,280000,70000,1169000,melebihi budget,0
BDG-TRV-0160,Jakarta,1 hari,1,2,3853000,premium,motor,tanpa penginapan,wisata religi,foto-foto,Masjid Raya Bandung,wisata religi,Kota Bandung,-6.9216,107.6068,"-6.9216,107.6068","Jl. Dalem Kaum, Balonggede, Regol, Kota Bandung",Masjid Raya Bandung merupakan destinasi wisata religi di kawasan Alun-Alun Bandung dengan arsitektur megah dan suasana pusat kota yang ramai.,1,1,1,0,293.8,485,823000,0,140000,0,963000,sesuai,0
BDG-TRV-0161,Garut,2 hari 1 malam,2,1,1872000,standar,transportasi umum,nyaman,alam,alam,Tangkuban Perahu,gunung,Kabupaten Bandung Barat,-6.7596,107.6098,"-6.7596,107.6098","Cikahuripan, Lembang, Kabupaten Bandung Barat",Tangkuban Perahu adalah kawasan wisata gunung berapi dengan kawah alam yang populer untuk wisata alam dan edukasi geologi.,1,1,1,1,136.67,245,492000,520000,140000,35000,1187000,sesuai,1
BDG-TRV-0162,Tasikmalaya,2 hari 1 malam,2,5,2284000,standar,motor,standar,cafe view,kuliner,Cafe D'Pakar Bandung,cafe view,Kota Bandung,-6.8398,107.6537,"-6.8398,107.6537","Dago Pakar, Ciburial, Cimenyan, Bandung","Cafe D'Pakar Bandung adalah tempat wisata kuliner dengan suasana alam sejuk, area outdoor, dan pemandangan pepohonan di kawasan Dago Pakar.",1,1,1,1,122.42,250,343000,320000,700000,100000,1463000,sesuai,1
BDG-TRV-0163,Tasikmalaya,2 hari 1 malam,2,5,1966000,standar,motor,hemat,museum,keluarga,Cihampelas Walk,mall,Kota Bandung,-6.894,107.6042,"-6.894,107.6042","Jl. Cihampelas No.160, Cipaganti, Coblong, Kota Bandung",Cihampelas Walk adalah pusat belanja dan kuliner dengan konsep ruang terbuka yang cocok untuk jalan santai dan hiburan keluarga.,0,0,1,1,158.16,314,443000,180000,700000,50000,1373000,sesuai,0
BDG-TRV-0164,Cimahi,1 hari,1,2,1482000,standar,transportasi umum,tanpa penginapan,museum,sejarah,Martabak San Francisco Bandung,wisata kuliner,Kota Bandung,-6.9026,107.6092,"-6.9026,107.6092","Jl. Burangrang, Lengkong, Kota Bandung",Martabak San Francisco Bandung adalah destinasi kuliner legendaris yang dikenal dengan pilihan martabak manis dan martabak telur.,0,0,1,1,20.22,42,73000,0,140000,30000,243000,sesuai,0
BDG-TRV-0165,Bekasi,2 hari 1 malam,2,1,3371000,premium,transportasi umum,hemat,kuliner,alam,Sudirman Street Bandung,wisata kuliner,Kota Bandung,-6.9177,107.5969,"-6.9177,107.5969","Jl. Jend. Sudirman, Karanganyar, Astanaanyar, Kota Bandung",Sudirman Street Bandung adalah kawasan kuliner malam yang menawarkan berbagai makanan lokal dan suasana street food kota.,1,0,1,1,188.15,291,677000,180000,140000,15000,1012000,sesuai,0
BDG-TRV-0166,Kabupaten Bandung,1 hari,1,2,1267000,standar,transportasi umum,tanpa penginapan,alam,healing,Kawah Putih,wisata alam,Kabupaten Bandung,-7.1662,107.402,"-7.1662,107.402","Sugihmukti, Pasirjambu, Kabupaten Bandung",Kawah Putih adalah wisata alam di Ciwidey dengan danau kawah berwarna putih kehijauan dan panorama pegunungan.,1,1,1,1,73.29,143,264000,0,140000,60000,464000,sesuai,1
BDG-TRV-0167,Kabupaten Bandung,3 hari 2 malam,3,2,2092000,standar,mobil,standar,mall,santai,Paskal 23 Bandung,mall,Kota Bandung,-6.9147,107.5918,"-6.9147,107.5918","Jl. Pasir Kaliki No.25-27, Kebon Jeruk, Andir, Kota Bandung",Paskal 23 Bandung adalah pusat perbelanjaan dan kuliner modern yang dekat dengan kawasan stasiun dan pusat kota.,1,1,1,1,47.11,96,283000,640000,420000,20000,1363000,sesuai,1
BDG-TRV-0168,Kota Bandung,2 hari 1 malam,2,2,2336000,standar,mobil,nyaman,museum,keluarga,The Lodge Maribaya,wisata alam,Kabupaten Bandung Barat,-6.8294,107.6875,"-6.8294,107.6875","Cibodas, Lembang, Kabupaten Bandung Barat","The Lodge Maribaya adalah destinasi alam dengan wahana foto, pemandangan hutan pinus, dan aktivitas rekreasi keluarga.",0,1,1,1,67.5,134,405000,520000,280000,60000,1265000,sesuai,0
BDG-TRV-0169,Kabupaten Bandung,3 hari 2 malam,3,5,2377000,standar,transportasi umum,standar,belanja,keluarga,Trans Studio Mall Bandung,mall,Kota Bandung,-6.9254,107.6358,"-6.9254,107.6358","Jl. Gatot Subroto No.289, Cibangkong, Batununggal, Kota Bandung",Trans Studio Mall Bandung adalah pusat perbelanjaan dan hiburan indoor yang terhubung dengan kawasan Trans Studio Bandung.,1,1,1,1,49.92,91,180000,640000,1050000,50000,1920000,sesuai,1
BDG-TRV-0170,Bogor,2 hari 1 malam,2,1,4523000,premium,motor,hemat,wisata kuliner,keluarga,Martabak San Francisco Bandung,wisata kuliner,Kota Bandung,-6.9026,107.6092,"-6.9026,107.6092","Jl. Burangrang, Lengkong, Kota Bandung",Martabak San Francisco Bandung adalah destinasi kuliner legendaris yang dikenal dengan pilihan martabak manis dan martabak telur.,1,1,1,1,231.46,438,648000,180000,140000,15000,983000,sesuai,1
BDG-TRV-0171,Bekasi,2 hari 1 malam,2,5,575000,hemat,motor,hemat,alam,foto-foto,Tangkuban Perahu,gunung,Kabupaten Bandung Barat,-6.7596,107.6098,"-6.7596,107.6098","Cikahuripan, Lembang, Kabupaten Bandung Barat",Tangkuban Perahu adalah kawasan wisata gunung berapi dengan kawah alam yang populer untuk wisata alam dan edukasi geologi.,1,1,0,0,323.09,551,905000,180000,700000,175000,1960000,melebihi budget,0
BDG-TRV-0172,Jakarta,3 hari 2 malam,3,3,548000,hemat,motor,standar,alam,edukasi,Tebing Keraton,wisata alam,Kabupaten Bandung Barat,-6.8341,107.6635,"-6.8341,107.6635","Ciburial, Cimenyan, Kabupaten Bandung Barat",Tebing Keraton adalah destinasi wisata alam dengan pemandangan hutan dan perbukitan yang cocok untuk foto dan menikmati udara sejuk.,1,0,0,0,240.96,464,675000,640000,630000,90000,2035000,melebihi budget,0
BDG-TRV-0173,Bogor,1 hari,1,2,2187000,hemat,mobil,tanpa penginapan,edukasi,budaya,Saung Angklung Udjo,wisata edukasi,Kota Bandung,-6.8992,107.6542,"-6.8992,107.6542","Jl. Padasuka No.118, Pasirlayung, Cibeunying Kidul, Kota Bandung","Saung Angklung Udjo adalah destinasi budaya dan edukasi yang menampilkan pertunjukan angklung, seni Sunda, dan aktivitas keluarga.",1,1,1,1,191.3,432,1148000,0,140000,50000,1338000,sesuai,1
BDG-TRV-0174,Tasikmalaya,3 hari 2 malam,3,1,1577000,standar,mobil,standar,wisata alam,kuliner,Kawah Putih,wisata alam,Kabupaten Bandung,-7.1662,107.402,"-7.1662,107.402","Sugihmukti, Pasirjambu, Kabupaten Bandung",Kawah Putih adalah wisata alam di Ciwidey dengan danau kawah berwarna putih kehijauan dan panorama pegunungan.,1,0,0,1,199.7,353,1198000,640000,210000,30000,2078000,melebihi budget,0
BDG-TRV-0175,Kabupaten Bandung,3 hari 2 malam,3,5,683000,hemat,motor,hemat,wisata kota,religi,Orchid Forest Cikole,wisata alam,Kabupaten Bandung Barat,-6.7806,107.6373,"-6.7806,107.6373","Cikole, Lembang, Kabupaten Bandung Barat","Orchid Forest Cikole adalah wisata alam hutan pinus dengan koleksi anggrek, spot foto, dan suasana sejuk di Lembang.",0,0,0,1,74.89,123,210000,360000,1050000,150000,1770000,melebihi budget,0
BDG-TRV-0176,Cimahi,1 hari,1,3,1581000,hemat,mobil,tanpa penginapan,wisata kuliner,keluarga,Floating Market Lembang,wisata kuliner,Kabupaten Bandung Barat,-6.8167,107.6187,"-6.8167,107.6187","Jl. Grand Hotel No.33E, Lembang, Kabupaten Bandung Barat","Floating Market Lembang menawarkan pengalaman kuliner, wahana keluarga, taman, dan suasana danau di kawasan Lembang.",1,1,1,1,74.91,127,449000,0,210000,45000,704000,sesuai,1
BDG-TRV-0177,Garut,3 hari 2 malam,3,3,1688000,standar,transportasi umum,hemat,wisata alam,keluarga,Ranca Upas,wisata alam,Kabupaten Bandung,-7.1421,107.3957,"-7.1421,107.3957","Jl. Raya Ciwidey-Patengan, Rancabali, Kabupaten Bandung",Ranca Upas adalah kawasan wisata alam dan bumi perkemahan yang dikenal dengan penangkaran rusa dan udara sejuk pegunungan.,1,1,1,1,149.35,313,538000,360000,630000,90000,1618000,sesuai,1
BDG-TRV-0178,Depok,3 hari 2 malam,3,2,454000,hemat,transportasi umum,nyaman,foto-foto,santai,Jalan Braga,wisata kota,Kota Bandung,-6.9175,107.6098,"-6.9175,107.6098","Jl. Braga, Braga, Sumur Bandung, Kota Bandung","Jalan Braga adalah kawasan wisata kota dengan nuansa klasik, bangunan bersejarah, kafe, kuliner, dan spot foto yang populer di Bandung.",1,1,0,0,372.96,799,1343000,1040000,420000,10000,2813000,melebihi budget,0
BDG-TRV-0179,Depok,2 hari 1 malam,2,1,2015000,hemat,mobil,hemat,kuliner,santai,Sudirman Street Bandung,wisata kuliner,Kota Bandung,-6.9177,107.5969,"-6.9177,107.5969","Jl. Jend. Sudirman, Karanganyar, Astanaanyar, Kota Bandung",Sudirman Street Bandung adalah kawasan kuliner malam yang menawarkan berbagai makanan lokal dan suasana street food kota.,1,1,1,1,150.58,337,903000,180000,140000,15000,1238000,sesuai,1
BDG-TRV-0180,Bekasi,2 hari 1 malam,2,3,3394000,premium,motor,nyaman,wisata kuliner,keluarga,Floating Market Lembang,wisata kuliner,Kabupaten Bandung Barat,-6.8167,107.6187,"-6.8167,107.6187","Jl. Grand Hotel No.33E, Lembang, Kabupaten Bandung Barat","Floating Market Lembang menawarkan pengalaman kuliner, wahana keluarga, taman, dan suasana danau di kawasan Lembang.",1,1,1,1,187.85,283,526000,520000,420000,45000,1511000,sesuai,1
BDG-TRV-0181,Kota Bandung,2 hari 1 malam,2,2,2335000,standar,transportasi umum,nyaman,wisata kuliner,kuliner,Martabak San Francisco Bandung,wisata kuliner,Kota Bandung,-6.9026,107.6092,"-6.9026,107.6092","Jl. Burangrang, Lengkong, Kota Bandung",Martabak San Francisco Bandung adalah destinasi kuliner legendaris yang dikenal dengan pilihan martabak manis dan martabak telur.,1,1,1,1,6.06,12,22000,520000,280000,30000,852000,sesuai,1
BDG-TRV-0182,Kabupaten Bandung,3 hari 2 malam,3,2,1292000,hemat,mobil,hemat,cafe view,foto-foto,Cafe D'Pakar Bandung,cafe view,Kota Bandung,-6.8398,107.6537,"-6.8398,107.6537","Dago Pakar, Ciburial, Cimenyan, Bandung","Cafe D'Pakar Bandung adalah tempat wisata kuliner dengan suasana alam sejuk, area outdoor, dan pemandangan pepohonan di kawasan Dago Pakar.",1,1,1,1,53.5,94,321000,360000,420000,40000,1141000,sesuai,1
BDG-TRV-0183,Bogor,1 hari,1,3,1846000,hemat,transportasi umum,tanpa penginapan,wisata kuliner,foto-foto,Sudirman Street Bandung,wisata kuliner,Kota Bandung,-6.9177,107.5969,"-6.9177,107.5969","Jl. Jend. Sudirman, Karanganyar, Astanaanyar, Kota Bandung",Sudirman Street Bandung adalah kawasan kuliner malam yang menawarkan berbagai makanan lokal dan suasana street food kota.,1,1,1,1,193.22,325,696000,0,210000,45000,951000,sesuai,1
BDG-TRV-0184,Garut,3 hari 2 malam,3,4,933000,hemat,transportasi umum,hemat,cafe view,santai,Cafe D'Pakar Bandung,cafe view,Kota Bandung,-6.8398,107.6537,"-6.8398,107.6537","Dago Pakar, Ciburial, Cimenyan, Bandung","Cafe D'Pakar Bandung adalah tempat wisata kuliner dengan suasana alam sejuk, area outdoor, dan pemandangan pepohonan di kawasan Dago Pakar.",1,1,0,1,186.03,316,670000,360000,840000,80000,1950000,melebihi budget,0
BDG-TRV-0185,Depok,2 hari 1 malam,2,5,1388000,premium,motor,hemat,wisata alam,foto-foto,Kawah Putih,wisata alam,Kabupaten Bandung,-7.1662,107.402,"-7.1662,107.402","Sugihmukti, Pasirjambu, Kabupaten Bandung",Kawah Putih adalah wisata alam di Ciwidey dengan danau kawah berwarna putih kehijauan dan panorama pegunungan.,1,1,0,0,264.59,553,741000,180000,700000,150000,1771000,melebihi budget,0
BDG-TRV-0186,Garut,3 hari 2 malam,3,1,2276000,standar,transportasi umum,nyaman,wisata kota,foto-foto,Floating Market Lembang,wisata kuliner,Kabupaten Bandung Barat,-6.8167,107.6187,"-6.8167,107.6187","Jl. Grand Hotel No.33E, Lembang, Kabupaten Bandung Barat","Floating Market Lembang menawarkan pengalaman kuliner, wahana keluarga, taman, dan suasana danau di kawasan Lembang.",0,1,1,1,98.83,193,356000,1040000,210000,15000,1621000,sesuai,0
BDG-TRV-0187,Garut,1 hari,1,2,2821000,premium,mobil,tanpa penginapan,wisata tematik,belanja,Martabak San Francisco Bandung,wisata kuliner,Kota Bandung,-6.9026,107.6092,"-6.9026,107.6092","Jl. Burangrang, Lengkong, Kota Bandung",Martabak San Francisco Bandung adalah destinasi kuliner legendaris yang dikenal dengan pilihan martabak manis dan martabak telur.,0,0,1,0,103.96,168,624000,0,140000,30000,794000,sesuai,0
BDG-TRV-0188,Kabupaten Bandung,3 hari 2 malam,3,4,2730000,hemat,motor,nyaman,gunung,foto-foto,Tangkuban Perahu,gunung,Kabupaten Bandung Barat,-6.7596,107.6098,"-6.7596,107.6098","Cikahuripan, Lembang, Kabupaten Bandung Barat",Tangkuban Perahu adalah kawasan wisata gunung berapi dengan kawah alam yang populer untuk wisata alam dan edukasi geologi.,1,1,1,1,68.69,108,192000,1040000,840000,140000,2212000,sesuai,1
BDG-TRV-0189,Tasikmalaya,2 hari 1 malam,2,1,4834000,premium,motor,nyaman,cafe view,kuliner,Cafe D'Pakar Bandung,cafe view,Kota Bandung,-6.8398,107.6537,"-6.8398,107.6537","Dago Pakar, Ciburial, Cimenyan, Bandung","Cafe D'Pakar Bandung adalah tempat wisata kuliner dengan suasana alam sejuk, area outdoor, dan pemandangan pepohonan di kawasan Dago Pakar.",1,1,1,0,329.3,725,922000,520000,140000,20000,1602000,sesuai,0
BDG-TRV-0190,Kabupaten Bandung,1 hari,1,3,724000,hemat,mobil,tanpa penginapan,wisata kuliner,santai,Martabak San Francisco Bandung,wisata kuliner,Kota Bandung,-6.9026,107.6092,"-6.9026,107.6092","Jl. Burangrang, Lengkong, Kota Bandung",Martabak San Francisco Bandung adalah destinasi kuliner legendaris yang dikenal dengan pilihan martabak manis dan martabak telur.,1,1,0,0,223.59,435,1342000,0,210000,45000,1597000,melebihi budget,0
BDG-TRV-0191,Bogor,3 hari 2 malam,3,2,4982000,premium,mobil,hemat,religi,religi,Masjid Raya Bandung,wisata religi,Kota Bandung,-6.9216,107.6068,"-6.9216,107.6068","Jl. Dalem Kaum, Balonggede, Regol, Kota Bandung",Masjid Raya Bandung merupakan destinasi wisata religi di kawasan Alun-Alun Bandung dengan arsitektur megah dan suasana pusat kota yang ramai.,1,1,1,1,196.7,360,1180000,360000,420000,0,1960000,sesuai,1
BDG-TRV-0192,Bogor,2 hari 1 malam,2,4,1055000,hemat,transportasi umum,hemat,belanja,santai,Cihampelas Walk,mall,Kota Bandung,-6.894,107.6042,"-6.894,107.6042","Jl. Cihampelas No.160, Cipaganti, Coblong, Kota Bandung",Cihampelas Walk adalah pusat belanja dan kuliner dengan konsep ruang terbuka yang cocok untuk jalan santai dan hiburan keluarga.,1,1,0,1,181.25,288,652000,180000,560000,40000,1432000,melebihi budget,0
BDG-TRV-0193,Garut,2 hari 1 malam,2,3,1882000,standar,motor,standar,mall,santai,Bandung Indah Plaza,mall,Kota Bandung,-6.9089,107.6105,"-6.9089,107.6105","Jl. Merdeka No.56, Citarum, Bandung Wetan, Kota Bandung","Bandung Indah Plaza adalah pusat perbelanjaan di pusat Kota Bandung dengan pilihan fashion, kuliner, hiburan, dan kebutuhan gaya hidup.",1,1,1,1,104.59,232,293000,320000,420000,30000,1063000,sesuai,1
BDG-TRV-0194,Bekasi,2 hari 1 malam,2,5,1960000,standar,motor,nyaman,kuliner,kuliner,Floating Market Lembang,wisata kuliner,Kabupaten Bandung Barat,-6.8167,107.6187,"-6.8167,107.6187","Jl. Grand Hotel No.33E, Lembang, Kabupaten Bandung Barat","Floating Market Lembang menawarkan pengalaman kuliner, wahana keluarga, taman, dan suasana danau di kawasan Lembang.",1,1,1,1,178.27,402,499000,520000,700000,75000,1794000,sesuai,1
BDG-TRV-0195,Cimahi,4 hari 3 malam,4,2,1880000,hemat,motor,hemat,kuliner,kuliner,Cafe D'Pakar Bandung,cafe view,Kota Bandung,-6.8398,107.6537,"-6.8398,107.6537","Dago Pakar, Ciburial, Cimenyan, Bandung","Cafe D'Pakar Bandung adalah tempat wisata kuliner dengan suasana alam sejuk, area outdoor, dan pemandangan pepohonan di kawasan Dago Pakar.",1,1,1,1,11.41,20,32000,540000,560000,40000,1172000,sesuai,1
BDG-TRV-0196,Jakarta,1 hari,1,5,4548000,premium,transportasi umum,tanpa penginapan,cafe view,sejarah,Paris Van Java Mall,mall,Kota Bandung,-6.8893,107.5966,"-6.8893,107.5966","Jl. Sukajadi No.131-139, Cipedes, Sukajadi, Kota Bandung","Paris Van Java Mall adalah pusat belanja bergaya terbuka yang menawarkan kuliner, hiburan, fashion, dan suasana santai di Kota Bandung.",0,0,1,0,174.52,390,628000,0,350000,50000,1028000,sesuai,0
BDG-TRV-0197,Tasikmalaya,3 hari 2 malam,3,4,1900000,standar,motor,standar,kuliner,kuliner,Sudirman Street Bandung,wisata kuliner,Kota Bandung,-6.9177,107.5969,"-6.9177,107.5969","Jl. Jend. Sudirman, Karanganyar, Astanaanyar, Kota Bandung",Sudirman Street Bandung adalah kawasan kuliner malam yang menawarkan berbagai makanan lokal dan suasana street food kota.,1,1,0,1,149.67,319,419000,640000,840000,60000,1959000,melebihi budget,0
BDG-TRV-0198,Bekasi,4 hari 3 malam,4,5,360000,hemat,motor,nyaman,wisata alam,keluarga,Tebing Keraton,wisata alam,Kabupaten Bandung Barat,-6.8341,107.6635,"-6.8341,107.6635","Ciburial, Cimenyan, Kabupaten Bandung Barat",Tebing Keraton adalah destinasi wisata alam dengan pemandangan hutan dan perbukitan yang cocok untuk foto dan menikmati udara sejuk.,1,0,0,1,196.45,435,550000,1560000,1400000,150000,3660000,melebihi budget,0
BDG-TRV-0199,Kota Bandung,3 hari 2 malam,3,2,1897000,standar,transportasi umum,standar,alam,religi,Tangkuban Perahu,gunung,Kabupaten Bandung Barat,-6.7596,107.6098,"-6.7596,107.6098","Cikahuripan, Lembang, Kabupaten Bandung Barat",Tangkuban Perahu adalah kawasan wisata gunung berapi dengan kawah alam yang populer untuk wisata alam dan edukasi geologi.,1,0,1,1,45.25,76,163000,640000,420000,70000,1293000,sesuai,0
BDG-TRV-0200,Bekasi,2 hari 1 malam,2,4,1055000,standar,transportasi umum,nyaman,keluarga,santai,Kampung Gajah Wonderland,wisata tematik,Kabupaten Bandung Barat,-6.8291,107.5933,"-6.8291,107.5933","Jl. Sersan Bajuri, Cihideung, Parongpong, Kabupaten Bandung Barat",Kampung Gajah Wonderland dikenal sebagai kawasan wisata tematik keluarga dengan berbagai wahana dan area rekreasi.,1,1,0,0,363.85,745,1310000,520000,560000,260000,2650000,melebihi budget,0
BDG-TRV-0201,Bogor,2 hari 1 malam,2,2,2890000,premium,motor,nyaman,alam,foto-foto,Curug Cimahi,wisata alam,Kabupaten Bandung Barat,-6.7986,107.5775,"-6.7986,107.5775","Kertawangi, Cisarua, Kabupaten Bandung Barat",Curug Cimahi adalah wisata air terjun di Bandung Barat dengan jalur trekking ringan dan suasana alam yang sejuk.,1,1,1,1,208.66,467,584000,520000,280000,60000,1444000,sesuai,1
BDG-TRV-0202,Garut,4 hari 3 malam,4,4,4462000,standar,mobil,nyaman,alam,healing,Orchid Forest Cikole,wisata alam,Kabupaten Bandung Barat,-6.7806,107.6373,"-6.7806,107.6373","Cikole, Lembang, Kabupaten Bandung Barat","Orchid Forest Cikole adalah wisata alam hutan pinus dengan koleksi anggrek, spot foto, dan suasana sejuk di Lembang.",1,1,1,1,137.83,266,827000,1560000,1120000,120000,3627000,sesuai,1
BDG-TRV-0203,Cimahi,3 hari 2 malam,3,1,1472000,hemat,transportasi umum,nyaman,wisata kuliner,kuliner,Martabak San Francisco Bandung,wisata kuliner,Kota Bandung,-6.9026,107.6092,"-6.9026,107.6092","Jl. Burangrang, Lengkong, Kota Bandung",Martabak San Francisco Bandung adalah destinasi kuliner legendaris yang dikenal dengan pilihan martabak manis dan martabak telur.,1,1,1,1,23.89,35,86000,1040000,210000,15000,1351000,sesuai,1
BDG-TRV-0204,Kota Bandung,1 hari,1,2,2009000,standar,transportasi umum,tanpa penginapan,wisata tematik,edukasi,Floating Market Lembang,wisata kuliner,Kabupaten Bandung Barat,-6.8167,107.6187,"-6.8167,107.6187","Jl. Grand Hotel No.33E, Lembang, Kabupaten Bandung Barat","Floating Market Lembang menawarkan pengalaman kuliner, wahana keluarga, taman, dan suasana danau di kawasan Lembang.",0,0,1,1,64.91,105,234000,0,140000,30000,404000,sesuai,0
BDG-TRV-0205,Bogor,2 hari 1 malam,2,2,1750000,standar,motor,nyaman,wisata religi,foto-foto,Museum Konferensi Asia Afrika,museum,Kota Bandung,-6.921,107.6097,"-6.921,107.6097","Jl. Asia Afrika No.65, Braga, Sumur Bandung, Kota Bandung","Museum Konferensi Asia Afrika menyajikan sejarah Konferensi Asia Afrika dan cocok untuk wisata edukasi, sejarah, serta kunjungan pelajar.",0,1,1,1,180.85,279,506000,520000,280000,30000,1336000,sesuai,0
BDG-TRV-0206,Kabupaten Bandung,3 hari 2 malam,3,4,3498000,premium,motor,nyaman,edukasi,santai,Kebun Binatang Bandung,kebun binatang,Kota Bandung,-6.8902,107.607,"-6.8902,107.607","Jl. Tamansari No.71, Lebak Siliwangi, Coblong, Kota Bandung",Kebun Binatang Bandung adalah wisata edukasi keluarga yang menampilkan berbagai satwa dan area rekreasi di kawasan Tamansari.,1,1,1,1,23.64,44,66000,1040000,840000,200000,2146000,sesuai,1
BDG-TRV-0207,Jakarta,1 hari,1,2,1028000,standar,transportasi umum,tanpa penginapan,museum,budaya,Situ Patenggang,wisata alam,Kabupaten Bandung,-7.166,107.3589,"-7.166,107.3589","Patengan, Rancabali, Kabupaten Bandung","Situ Patenggang adalah danau wisata di kawasan Ciwidey yang cocok untuk menikmati alam, berfoto, dan rekreasi keluarga.",0,0,1,0,221.74,344,798000,0,140000,60000,998000,sesuai,0
BDG-TRV-0208,Kabupaten Bandung,3 hari 2 malam,3,4,3951000,premium,motor,hemat,edukasi,sejarah,Museum Geologi Bandung,museum,Kota Bandung,-6.9007,107.6215,"-6.9007,107.6215","Jl. Diponegoro No.57, Cihaur Geulis, Cibeunying Kaler, Kota Bandung","Museum Geologi Bandung adalah destinasi edukasi yang menampilkan koleksi batuan, mineral, fosil, dan informasi sejarah bumi.",1,1,1,1,25.36,41,71000,360000,840000,60000,1331000,sesuai,1
BDG-TRV-0209,Cimahi,2 hari 1 malam,2,4,1200000,standar,transportasi umum,standar,mall,foto-foto,Martabak San Francisco Bandung,wisata kuliner,Kota Bandung,-6.9026,107.6092,"-6.9026,107.6092","Jl. Burangrang, Lengkong, Kota Bandung",Martabak San Francisco Bandung adalah destinasi kuliner legendaris yang dikenal dengan pilihan martabak manis dan martabak telur.,0,0,1,1,17.57,32,63000,320000,560000,60000,1003000,sesuai,0
BDG-TRV-0210,Kota Bandung,2 hari 1 malam,2,1,2720000,premium,mobil,nyaman,kuliner,alam,Martabak San Francisco Bandung,wisata kuliner,Kota Bandung,-6.9026,107.6092,"-6.9026,107.6092","Jl. Burangrang, Lengkong, Kota Bandung",Martabak San Francisco Bandung adalah destinasi kuliner legendaris yang dikenal dengan pilihan martabak manis dan martabak telur.,1,0,1,1,13.71,22,82000,520000,140000,15000,757000,sesuai,0
BDG-TRV-0211,Depok,2 hari 1 malam,2,4,4138000,premium,mobil,hemat,wisata edukasi,budaya,Sudirman Street Bandung,wisata kuliner,Kota Bandung,-6.9177,107.5969,"-6.9177,107.5969","Jl. Jend. Sudirman, Karanganyar, Astanaanyar, Kota Bandung",Sudirman Street Bandung adalah kawasan kuliner malam yang menawarkan berbagai makanan lokal dan suasana street food kota.,0,0,1,1,201.55,435,1209000,180000,560000,60000,2009000,sesuai,0
BDG-TRV-0212,Tasikmalaya,3 hari 2 malam,3,3,3502000,premium,motor,nyaman,mall,foto-foto,Paris Van Java Mall,mall,Kota Bandung,-6.8893,107.5966,"-6.8893,107.5966","Jl. Sukajadi No.131-139, Cipedes, Sukajadi, Kota Bandung","Paris Van Java Mall adalah pusat belanja bergaya terbuka yang menawarkan kuliner, hiburan, fashion, dan suasana santai di Kota Bandung.",1,1,1,1,136.53,225,382000,1040000,630000,30000,2082000,sesuai,1
BDG-TRV-0213,Depok,2 hari 1 malam,2,5,2148000,hemat,mobil,standar,kuliner,kuliner,Martabak San Francisco Bandung,wisata kuliner,Kota Bandung,-6.9026,107.6092,"-6.9026,107.6092","Jl. Burangrang, Lengkong, Kota Bandung",Martabak San Francisco Bandung adalah destinasi kuliner legendaris yang dikenal dengan pilihan martabak manis dan martabak telur.,1,1,1,1,157.67,286,946000,320000,700000,75000,2041000,sesuai,1
BDG-TRV-0214,Cimahi,3 hari 2 malam,3,5,2760000,standar,transportasi umum,nyaman,wisata edukasi,edukasi,Taman Lalu Lintas Bandung,wisata edukasi,Kota Bandung,-6.9128,107.6169,"-6.9128,107.6169","Jl. Belitung No.1, Merdeka, Sumur Bandung, Kota Bandung",Taman Lalu Lintas Bandung adalah tempat wisata edukasi anak dan keluarga untuk mengenal aturan lalu lintas melalui area bermain dan taman kota.,1,1,1,1,21.61,39,78000,1040000,1050000,125000,2293000,sesuai,1
BDG-TRV-0215,Kabupaten Bandung,3 hari 2 malam,3,2,1433000,hemat,mobil,standar,foto-foto,kuliner,Jalan Braga,wisata kota,Kota Bandung,-6.9175,107.6098,"-6.9175,107.6098","Jl. Braga, Braga, Sumur Bandung, Kota Bandung","Jalan Braga adalah kawasan wisata kota dengan nuansa klasik, bangunan bersejarah, kafe, kuliner, dan spot foto yang populer di Bandung.",1,1,1,1,22.29,35,134000,640000,420000,10000,1204000,sesuai,1
BDG-TRV-0216,Bekasi,2 hari 1 malam,2,1,2528000,premium,motor,nyaman,wisata religi,keluarga,Tangkuban Perahu,gunung,Kabupaten Bandung Barat,-6.7596,107.6098,"-6.7596,107.6098","Cikahuripan, Lembang, Kabupaten Bandung Barat",Tangkuban Perahu adalah kawasan wisata gunung berapi dengan kawah alam yang populer untuk wisata alam dan edukasi geologi.,0,0,1,1,177.11,393,496000,520000,140000,35000,1191000,sesuai,0
BDG-TRV-0217,Tasikmalaya,1 hari,1,5,4355000,premium,transportasi umum,tanpa penginapan,wisata religi,edukasi,Martabak San Francisco Bandung,wisata kuliner,Kota Bandung,-6.9026,107.6092,"-6.9026,107.6092","Jl. Burangrang, Lengkong, Kota Bandung",Martabak San Francisco Bandung adalah destinasi kuliner legendaris yang dikenal dengan pilihan martabak manis dan martabak telur.,0,0,1,0,136.74,276,492000,0,350000,75000,917000,sesuai,0
BDG-TRV-0218,Bekasi,1 hari,1,1,2748000,premium,mobil,tanpa penginapan,wisata tematik,budaya,Bandung Indah Plaza,mall,Kota Bandung,-6.9089,107.6105,"-6.9089,107.6105","Jl. Merdeka No.56, Citarum, Bandung Wetan, Kota Bandung","Bandung Indah Plaza adalah pusat perbelanjaan di pusat Kota Bandung dengan pilihan fashion, kuliner, hiburan, dan kebutuhan gaya hidup.",0,0,1,0,168.9,295,1013000,0,70000,10000,1093000,sesuai,0
BDG-TRV-0219,Bogor,3 hari 2 malam,3,2,1866000,hemat,transportasi umum,hemat,wisata alam,alam,Tebing Keraton,wisata alam,Kabupaten Bandung Barat,-6.8341,107.6635,"-6.8341,107.6635","Ciburial, Cimenyan, Kabupaten Bandung Barat",Tebing Keraton adalah destinasi wisata alam dengan pemandangan hutan dan perbukitan yang cocok untuk foto dan menikmati udara sejuk.,1,1,1,1,229.34,438,826000,360000,420000,60000,1666000,sesuai,1
BDG-TRV-0220,Tasikmalaya,3 hari 2 malam,3,3,2836000,premium,transportasi umum,standar,kuliner,foto-foto,Floating Market Lembang,wisata kuliner,Kabupaten Bandung Barat,-6.8167,107.6187,"-6.8167,107.6187","Jl. Grand Hotel No.33E, Lembang, Kabupaten Bandung Barat","Floating Market Lembang menawarkan pengalaman kuliner, wahana keluarga, taman, dan suasana danau di kawasan Lembang.",1,1,1,0,266.73,472,960000,640000,630000,45000,2275000,sesuai,0
BDG-TRV-0221,Depok,2 hari 1 malam,2,1,1875000,hemat,mobil,standar,foto-foto,foto-foto,Alun-Alun Bandung,wisata kota,Kota Bandung,-6.9218,107.6071,"-6.9218,107.6071","Jl. Asia Afrika, Balonggede, Regol, Kota Bandung","Alun-Alun Bandung adalah ruang publik ikonik di pusat Kota Bandung yang cocok untuk bersantai, berfoto, dan menikmati suasana kota dekat Masjid Raya Bandung.",1,1,1,1,224.93,510,1350000,320000,140000,5000,1815000,sesuai,1
BDG-TRV-0222,Garut,4 hari 3 malam,4,1,4725000,premium,motor,standar,belanja,kuliner,Trans Studio Mall Bandung,mall,Kota Bandung,-6.9254,107.6358,"-6.9254,107.6358","Jl. Gatot Subroto No.289, Cibangkong, Batununggal, Kota Bandung",Trans Studio Mall Bandung adalah pusat perbelanjaan dan hiburan indoor yang terhubung dengan kawasan Trans Studio Bandung.,1,1,1,1,77.42,123,217000,960000,280000,10000,1467000,sesuai,1
BDG-TRV-0223,Tasikmalaya,4 hari 3 malam,4,2,2819000,standar,transportasi umum,standar,wisata alam,healing,Tebing Keraton,wisata alam,Kabupaten Bandung Barat,-6.8341,107.6635,"-6.8341,107.6635","Ciburial, Cimenyan, Kabupaten Bandung Barat",Tebing Keraton adalah destinasi wisata alam dengan pemandangan hutan dan perbukitan yang cocok untuk foto dan menikmati udara sejuk.,1,1,1,1,135.27,212,487000,960000,560000,60000,2067000,sesuai,1
BDG-TRV-0224,Depok,2 hari 1 malam,2,1,1922000,standar,motor,hemat,edukasi,belanja,Museum Geologi Bandung,museum,Kota Bandung,-6.9007,107.6215,"-6.9007,107.6215","Jl. Diponegoro No.57, Cihaur Geulis, Cibeunying Kaler, Kota Bandung","Museum Geologi Bandung adalah destinasi edukasi yang menampilkan koleksi batuan, mineral, fosil, dan informasi sejarah bumi.",1,0,1,1,189.09,387,529000,180000,140000,15000,864000,sesuai,0
BDG-TRV-0225,Garut,1 hari,1,5,1218000,standar,mobil,tanpa penginapan,wisata religi,alam,Floating Market Lembang,wisata kuliner,Kabupaten Bandung Barat,-6.8167,107.6187,"-6.8167,107.6187","Jl. Grand Hotel No.33E, Lembang, Kabupaten Bandung Barat","Floating Market Lembang menawarkan pengalaman kuliner, wahana keluarga, taman, dan suasana danau di kawasan Lembang.",0,0,0,0,144.88,318,869000,0,350000,75000,1294000,melebihi budget,0
BDG-TRV-0226,Depok,2 hari 1 malam,2,1,4586000,premium,mobil,standar,belanja,kuliner,Cihampelas Walk,mall,Kota Bandung,-6.894,107.6042,"-6.894,107.6042","Jl. Cihampelas No.160, Cipaganti, Coblong, Kota Bandung",Cihampelas Walk adalah pusat belanja dan kuliner dengan konsep ruang terbuka yang cocok untuk jalan santai dan hiburan keluarga.,1,1,1,1,185.85,406,1115000,320000,140000,10000,1585000,sesuai,1
BDG-TRV-0227,Jakarta,2 hari 1 malam,2,5,3354000,premium,motor,standar,cafe view,budaya,Paris Van Java Mall,mall,Kota Bandung,-6.8893,107.5966,"-6.8893,107.5966","Jl. Sukajadi No.131-139, Cipedes, Sukajadi, Kota Bandung","Paris Van Java Mall adalah pusat belanja bergaya terbuka yang menawarkan kuliner, hiburan, fashion, dan suasana santai di Kota Bandung.",0,0,1,1,205.65,340,576000,320000,700000,50000,1646000,sesuai,0
BDG-TRV-0228,Jakarta,3 hari 2 malam,3,2,2270000,hemat,mobil,hemat,wisata religi,keluarga,Masjid Raya Bandung,wisata religi,Kota Bandung,-6.9216,107.6068,"-6.9216,107.6068","Jl. Dalem Kaum, Balonggede, Regol, Kota Bandung",Masjid Raya Bandung merupakan destinasi wisata religi di kawasan Alun-Alun Bandung dengan arsitektur megah dan suasana pusat kota yang ramai.,1,1,1,1,170.21,320,1021000,360000,420000,0,1801000,sesuai,1
BDG-TRV-0229,Tasikmalaya,3 hari 2 malam,3,1,2363000,hemat,mobil,hemat,kuliner,kuliner,Sudirman Street Bandung,wisata kuliner,Kota Bandung,-6.9177,107.5969,"-6.9177,107.5969","Jl. Jend. Sudirman, Karanganyar, Astanaanyar, Kota Bandung",Sudirman Street Bandung adalah kawasan kuliner malam yang menawarkan berbagai makanan lokal dan suasana street food kota.,1,1,1,1,156.43,276,939000,360000,210000,15000,1524000,sesuai,1
BDG-TRV-0230,Bogor,1 hari,1,3,2407000,hemat,mobil,tanpa penginapan,alam,foto-foto,Tangkuban Perahu,gunung,Kabupaten Bandung Barat,-6.7596,107.6098,"-6.7596,107.6098","Cikahuripan, Lembang, Kabupaten Bandung Barat",Tangkuban Perahu adalah kawasan wisata gunung berapi dengan kawah alam yang populer untuk wisata alam dan edukasi geologi.,1,1,1,1,217.89,371,1307000,0,210000,105000,1622000,sesuai,1
BDG-TRV-0231,Kota Bandung,2 hari 1 malam,2,3,1324000,hemat,transportasi umum,standar,mall,kuliner,Paskal 23 Bandung,mall,Kota Bandung,-6.9147,107.5918,"-6.9147,107.5918","Jl. Pasir Kaliki No.25-27, Kebon Jeruk, Andir, Kota Bandung",Paskal 23 Bandung adalah pusat perbelanjaan dan kuliner modern yang dekat dengan kawasan stasiun dan pusat kota.,1,1,1,1,19.45,30,70000,320000,420000,30000,840000,sesuai,1
BDG-TRV-0232,Tasikmalaya,1 hari,1,2,2833000,premium,motor,tanpa penginapan,wisata alam,santai,Situ Patenggang,wisata alam,Kabupaten Bandung,-7.166,107.3589,"-7.166,107.3589","Patengan, Rancabali, Kabupaten Bandung","Situ Patenggang adalah danau wisata di kawasan Ciwidey yang cocok untuk menikmati alam, berfoto, dan rekreasi keluarga.",1,1,1,0,250.03,449,700000,0,140000,60000,900000,sesuai,0
BDG-TRV-0233,Kabupaten Bandung,3 hari 2 malam,3,3,1856000,standar,transportasi umum,hemat,wisata kuliner,foto-foto,Martabak San Francisco Bandung,wisata kuliner,Kota Bandung,-6.9026,107.6092,"-6.9026,107.6092","Jl. Burangrang, Lengkong, Kota Bandung",Martabak San Francisco Bandung adalah destinasi kuliner legendaris yang dikenal dengan pilihan martabak manis dan martabak telur.,1,0,1,1,53.43,117,192000,360000,630000,45000,1227000,sesuai,0
BDG-TRV-0234,Depok,4 hari 3 malam,4,1,2129000,standar,transportasi umum,nyaman,wisata kota,sejarah,Sudirman Street Bandung,wisata kuliner,Kota Bandung,-6.9177,107.5969,"-6.9177,107.5969","Jl. Jend. Sudirman, Karanganyar, Astanaanyar, Kota Bandung",Sudirman Street Bandung adalah kawasan kuliner malam yang menawarkan berbagai makanan lokal dan suasana street food kota.,0,0,0,1,202.81,415,730000,1560000,280000,15000,2585000,melebihi budget,0
BDG-TRV-0235,Depok,2 hari 1 malam,2,2,2677000,premium,mobil,nyaman,kuliner,kuliner,Floating Market Lembang,wisata kuliner,Kabupaten Bandung Barat,-6.8167,107.6187,"-6.8167,107.6187","Jl. Grand Hotel No.33E, Lembang, Kabupaten Bandung Barat","Floating Market Lembang menawarkan pengalaman kuliner, wahana keluarga, taman, dan suasana danau di kawasan Lembang.",1,1,1,1,218.9,445,1313000,520000,280000,30000,2143000,sesuai,1
BDG-TRV-0236,Tasikmalaya,2 hari 1 malam,2,3,1349000,hemat,transportasi umum,standar,mall,kuliner,Trans Studio Mall Bandung,mall,Kota Bandung,-6.9254,107.6358,"-6.9254,107.6358","Jl. Gatot Subroto No.289, Cibangkong, Batununggal, Kota Bandung",Trans Studio Mall Bandung adalah pusat perbelanjaan dan hiburan indoor yang terhubung dengan kawasan Trans Studio Bandung.,1,1,1,1,112.59,173,405000,320000,420000,30000,1175000,sesuai,1
BDG-TRV-0237,Garut,2 hari 1 malam,2,5,1757000,hemat,transportasi umum,hemat,belanja,keluarga,Trans Studio Mall Bandung,mall,Kota Bandung,-6.9254,107.6358,"-6.9254,107.6358","Jl. Gatot Subroto No.289, Cibangkong, Batununggal, Kota Bandung",Trans Studio Mall Bandung adalah pusat perbelanjaan dan hiburan indoor yang terhubung dengan kawasan Trans Studio Bandung.,1,1,1,1,92.09,163,332000,180000,700000,50000,1262000,sesuai,1
BDG-TRV-0238,Kabupaten Bandung,3 hari 2 malam,3,2,1878000,standar,motor,standar,wisata edukasi,belanja,Situ Patenggang,wisata alam,Kabupaten Bandung,-7.166,107.3589,"-7.166,107.3589","Patengan, Rancabali, Kabupaten Bandung","Situ Patenggang adalah danau wisata di kawasan Ciwidey yang cocok untuk menikmati alam, berfoto, dan rekreasi keluarga.",0,0,1,1,103.15,233,289000,640000,420000,60000,1409000,sesuai,0
BDG-TRV-0239,Kabupaten Bandung,1 hari,1,2,3442000,premium,transportasi umum,tanpa penginapan,wisata edukasi,alam,Jendela Alam,wisata edukasi,Kabupaten Bandung Barat,-6.8287,107.5976,"-6.8287,107.5976","Komplek Graha Puspa, Lembang, Kabupaten Bandung Barat","Jendela Alam adalah wisata edukasi keluarga yang mengenalkan aktivitas pertanian, peternakan, dan lingkungan alam.",1,1,1,1,72.05,155,259000,0,140000,50000,449000,sesuai,1
BDG-TRV-0240,Depok,2 hari 1 malam,2,5,1181000,standar,motor,hemat,wisata kuliner,edukasi,Dusun Bambu,wisata alam,Kabupaten Bandung Barat,-6.789,107.5788,"-6.789,107.5788","Jl. Kolonel Masturi KM 11, Cisarua, Kabupaten Bandung Barat","Dusun Bambu adalah destinasi wisata alam dan kuliner keluarga dengan pemandangan pegunungan, taman, dan area rekreasi.",0,0,0,0,244.63,370,685000,180000,700000,150000,1715000,melebihi budget,0
BDG-TRV-0241,Kota Bandung,1 hari,1,1,747000,hemat,motor,tanpa penginapan,kuliner,kuliner,Cafe D'Pakar Bandung,cafe view,Kota Bandung,-6.8398,107.6537,"-6.8398,107.6537","Dago Pakar, Ciburial, Cimenyan, Bandung","Cafe D'Pakar Bandung adalah tempat wisata kuliner dengan suasana alam sejuk, area outdoor, dan pemandangan pepohonan di kawasan Dago Pakar.",1,1,1,1,13.13,24,37000,0,70000,20000,127000,sesuai,1
BDG-TRV-0242,Cimahi,3 hari 2 malam,3,1,3280000,premium,motor,standar,kebun binatang,keluarga,Orchid Forest Cikole,wisata alam,Kabupaten Bandung Barat,-6.7806,107.6373,"-6.7806,107.6373","Cikole, Lembang, Kabupaten Bandung Barat","Orchid Forest Cikole adalah wisata alam hutan pinus dengan koleksi anggrek, spot foto, dan suasana sejuk di Lembang.",0,0,1,1,70.77,137,198000,640000,210000,30000,1078000,sesuai,0
BDG-TRV-0243,Depok,2 hari 1 malam,2,3,3619000,premium,transportasi umum,nyaman,gunung,alam,Tangkuban Perahu,gunung,Kabupaten Bandung Barat,-6.7596,107.6098,"-6.7596,107.6098","Cikahuripan, Lembang, Kabupaten Bandung Barat",Tangkuban Perahu adalah kawasan wisata gunung berapi dengan kawah alam yang populer untuk wisata alam dan edukasi geologi.,1,1,1,1,238.28,377,858000,520000,420000,105000,1903000,sesuai,1
BDG-TRV-0244,Bogor,3 hari 2 malam,3,5,4165000,standar,mobil,nyaman,wisata religi,foto-foto,Masjid Raya Bandung,wisata religi,Kota Bandung,-6.9216,107.6068,"-6.9216,107.6068","Jl. Dalem Kaum, Balonggede, Regol, Kota Bandung",Masjid Raya Bandung merupakan destinasi wisata religi di kawasan Alun-Alun Bandung dengan arsitektur megah dan suasana pusat kota yang ramai.,1,1,1,1,203.67,397,1222000,1040000,1050000,0,3312000,sesuai,1
BDG-TRV-0245,Jakarta,1 hari,1,2,559000,hemat,mobil,tanpa penginapan,religi,alam,Masjid Raya Bandung,wisata religi,Kota Bandung,-6.9216,107.6068,"-6.9216,107.6068","Jl. Dalem Kaum, Balonggede, Regol, Kota Bandung",Masjid Raya Bandung merupakan destinasi wisata religi di kawasan Alun-Alun Bandung dengan arsitektur megah dan suasana pusat kota yang ramai.,1,0,0,0,165.54,273,993000,0,140000,0,1133000,melebihi budget,0
BDG-TRV-0246,Tasikmalaya,2 hari 1 malam,2,4,4710000,premium,mobil,nyaman,wisata kuliner,santai,Sudirman Street Bandung,wisata kuliner,Kota Bandung,-6.9177,107.5969,"-6.9177,107.5969","Jl. Jend. Sudirman, Karanganyar, Astanaanyar, Kota Bandung",Sudirman Street Bandung adalah kawasan kuliner malam yang menawarkan berbagai makanan lokal dan suasana street food kota.,1,1,1,1,179.46,368,1077000,520000,560000,60000,2217000,sesuai,1
BDG-TRV-0247,Bogor,2 hari 1 malam,2,2,3161000,premium,mobil,standar,museum,keluarga,Museum Geologi Bandung,museum,Kota Bandung,-6.9007,107.6215,"-6.9007,107.6215","Jl. Diponegoro No.57, Cihaur Geulis, Cibeunying Kaler, Kota Bandung","Museum Geologi Bandung adalah destinasi edukasi yang menampilkan koleksi batuan, mineral, fosil, dan informasi sejarah bumi.",1,1,1,1,180.53,334,1083000,320000,280000,30000,1713000,sesuai,1
BDG-TRV-0248,Garut,3 hari 2 malam,3,1,616000,standar,motor,standar,kuliner,keluarga,Martabak San Francisco Bandung,wisata kuliner,Kota Bandung,-6.9026,107.6092,"-6.9026,107.6092","Jl. Burangrang, Lengkong, Kota Bandung",Martabak San Francisco Bandung adalah destinasi kuliner legendaris yang dikenal dengan pilihan martabak manis dan martabak telur.,1,1,0,1,84.34,138,236000,640000,210000,15000,1101000,melebihi budget,0
BDG-TRV-0249,Jakarta,3 hari 2 malam,3,2,3941000,premium,motor,nyaman,alam,keluarga,Ranca Upas,wisata alam,Kabupaten Bandung,-7.1421,107.3957,"-7.1421,107.3957","Jl. Raya Ciwidey-Patengan, Rancabali, Kabupaten Bandung",Ranca Upas adalah kawasan wisata alam dan bumi perkemahan yang dikenal dengan penangkaran rusa dan udara sejuk pegunungan.,1,1,1,1,172.62,376,483000,1040000,420000,60000,2003000,sesuai,1
BDG-TRV-0250,Depok,2 hari 1 malam,2,3,1559000,standar,motor,hemat,gunung,edukasi,Paris Van Java Mall,mall,Kota Bandung,-6.8893,107.5966,"-6.8893,107.5966","Jl. Sukajadi No.131-139, Cipedes, Sukajadi, Kota Bandung","Paris Van Java Mall adalah pusat belanja bergaya terbuka yang menawarkan kuliner, hiburan, fashion, dan suasana santai di Kota Bandung.",0,0,1,1,150.79,269,422000,180000,420000,30000,1052000,sesuai,0
BDG-TRV-0251,Garut,2 hari 1 malam,2,4,2013000,standar,mobil,standar,gunung,keluarga,Tangkuban Perahu,gunung,Kabupaten Bandung Barat,-6.7596,107.6098,"-6.7596,107.6098","Cikahuripan, Lembang, Kabupaten Bandung Barat",Tangkuban Perahu adalah kawasan wisata gunung berapi dengan kawah alam yang populer untuk wisata alam dan edukasi geologi.,1,0,1,1,149.69,303,898000,320000,560000,140000,1918000,sesuai,0
BDG-TRV-0252,Bekasi,3 hari 2 malam,3,2,2801000,standar,motor,nyaman,edukasi,edukasi,Museum Konferensi Asia Afrika,museum,Kota Bandung,-6.921,107.6097,"-6.921,107.6097","Jl. Asia Afrika No.65, Braga, Sumur Bandung, Kota Bandung","Museum Konferensi Asia Afrika menyajikan sejarah Konferensi Asia Afrika dan cocok untuk wisata edukasi, sejarah, serta kunjungan pelajar.",1,1,1,1,185.43,420,519000,1040000,420000,30000,2009000,sesuai,1
BDG-TRV-0253,Cimahi,2 hari 1 malam,2,4,1366000,hemat,transportasi umum,hemat,wisata kuliner,foto-foto,Floating Market Lembang,wisata kuliner,Kabupaten Bandung Barat,-6.8167,107.6187,"-6.8167,107.6187","Jl. Grand Hotel No.33E, Lembang, Kabupaten Bandung Barat","Floating Market Lembang menawarkan pengalaman kuliner, wahana keluarga, taman, dan suasana danau di kawasan Lembang.",1,1,1,1,48.78,109,176000,180000,560000,60000,976000,sesuai,1
BDG-TRV-0254,Tasikmalaya,1 hari,1,5,1376000,hemat,transportasi umum,tanpa penginapan,kuliner,santai,Martabak San Francisco Bandung,wisata kuliner,Kota Bandung,-6.9026,107.6092,"-6.9026,107.6092","Jl. Burangrang, Lengkong, Kota Bandung",Martabak San Francisco Bandung adalah destinasi kuliner legendaris yang dikenal dengan pilihan martabak manis dan martabak telur.,1,1,1,1,173.33,349,624000,0,350000,75000,1049000,sesuai,1
BDG-TRV-0255,Depok,1 hari,1,2,758000,hemat,transportasi umum,tanpa penginapan,wisata edukasi,edukasi,Museum Geologi Bandung,museum,Kota Bandung,-6.9007,107.6215,"-6.9007,107.6215","Jl. Diponegoro No.57, Cihaur Geulis, Cibeunying Kaler, Kota Bandung","Museum Geologi Bandung adalah destinasi edukasi yang menampilkan koleksi batuan, mineral, fosil, dan informasi sejarah bumi.",0,1,1,0,163.32,326,588000,0,140000,30000,758000,sesuai,0
BDG-TRV-0256,Garut,2 hari 1 malam,2,2,538000,premium,motor,hemat,belanja,kuliner,Trans Studio Mall Bandung,mall,Kota Bandung,-6.9254,107.6358,"-6.9254,107.6358","Jl. Gatot Subroto No.289, Cibangkong, Batununggal, Kota Bandung",Trans Studio Mall Bandung adalah pusat perbelanjaan dan hiburan indoor yang terhubung dengan kawasan Trans Studio Bandung.,1,1,0,1,79.14,166,222000,180000,280000,20000,702000,melebihi budget,0
BDG-TRV-0257,Bekasi,3 hari 2 malam,3,3,2546000,hemat,motor,nyaman,museum,sejarah,Museum Geologi Bandung,museum,Kota Bandung,-6.9007,107.6215,"-6.9007,107.6215","Jl. Diponegoro No.57, Cihaur Geulis, Cibeunying Kaler, Kota Bandung","Museum Geologi Bandung adalah destinasi edukasi yang menampilkan koleksi batuan, mineral, fosil, dan informasi sejarah bumi.",1,1,1,1,143.43,328,402000,1040000,630000,45000,2117000,sesuai,1
BDG-TRV-0258,Bekasi,3 hari 2 malam,3,4,1454000,standar,transportasi umum,standar,wisata kota,foto-foto,Jalan Braga,wisata kota,Kota Bandung,-6.9175,107.6098,"-6.9175,107.6098","Jl. Braga, Braga, Sumur Bandung, Kota Bandung","Jalan Braga adalah kawasan wisata kota dengan nuansa klasik, bangunan bersejarah, kafe, kuliner, dan spot foto yang populer di Bandung.",1,1,0,1,173.72,316,625000,640000,840000,20000,2125000,melebihi budget,0
BDG-TRV-0259,Kota Bandung,1 hari,1,4,3228000,premium,mobil,tanpa penginapan,wisata kuliner,foto-foto,Floating Market Lembang,wisata kuliner,Kabupaten Bandung Barat,-6.8167,107.6187,"-6.8167,107.6187","Jl. Grand Hotel No.33E, Lembang, Kabupaten Bandung Barat","Floating Market Lembang menawarkan pengalaman kuliner, wahana keluarga, taman, dan suasana danau di kawasan Lembang.",1,1,1,1,49.48,110,297000,0,280000,60000,637000,sesuai,1
BDG-TRV-0260,Kota Bandung,2 hari 1 malam,2,2,1449000,standar,motor,nyaman,wisata alam,alam,Kawah Putih,wisata alam,Kabupaten Bandung,-7.1662,107.402,"-7.1662,107.402","Sugihmukti, Pasirjambu, Kabupaten Bandung",Kawah Putih adalah wisata alam di Ciwidey dengan danau kawah berwarna putih kehijauan dan panorama pegunungan.,1,1,1,1,54.14,118,152000,520000,280000,60000,1012000,sesuai,1
BDG-TRV-0261,Tasikmalaya,1 hari,1,2,2193000,standar,transportasi umum,tanpa penginapan,museum,edukasi,Museum Konferensi Asia Afrika,museum,Kota Bandung,-6.921,107.6097,"-6.921,107.6097","Jl. Asia Afrika No.65, Braga, Sumur Bandung, Kota Bandung","Museum Konferensi Asia Afrika menyajikan sejarah Konferensi Asia Afrika dan cocok untuk wisata edukasi, sejarah, serta kunjungan pelajar.",1,1,1,1,134.84,292,485000,0,140000,30000,655000,sesuai,1
BDG-TRV-0262,Bekasi,1 hari,1,1,2265000,standar,motor,tanpa penginapan,wisata kuliner,kuliner,Martabak San Francisco Bandung,wisata kuliner,Kota Bandung,-6.9026,107.6092,"-6.9026,107.6092","Jl. Burangrang, Lengkong, Kota Bandung",Martabak San Francisco Bandung adalah destinasi kuliner legendaris yang dikenal dengan pilihan martabak manis dan martabak telur.,1,1,1,1,137.84,223,386000,0,70000,15000,471000,sesuai,1
BDG-TRV-0263,Tasikmalaya,1 hari,1,3,1624000,standar,transportasi umum,tanpa penginapan,edukasi,santai,Kebun Binatang Bandung,kebun binatang,Kota Bandung,-6.8902,107.607,"-6.8902,107.607","Jl. Tamansari No.71, Lebak Siliwangi, Coblong, Kota Bandung",Kebun Binatang Bandung adalah wisata edukasi keluarga yang menampilkan berbagai satwa dan area rekreasi di kawasan Tamansari.,1,1,1,1,143.58,305,517000,0,210000,150000,877000,sesuai,1
BDG-TRV-0264,Kota Bandung,1 hari,1,3,379000,hemat,motor,tanpa penginapan,cafe view,kuliner,Paskal 23 Bandung,mall,Kota Bandung,-6.9147,107.5918,"-6.9147,107.5918","Jl. Pasir Kaliki No.25-27, Kebon Jeruk, Andir, Kota Bandung",Paskal 23 Bandung adalah pusat perbelanjaan dan kuliner modern yang dekat dengan kawasan stasiun dan pusat kota.,0,1,1,1,12.49,21,35000,0,210000,30000,275000,sesuai,0
BDG-TRV-0265,Kabupaten Bandung,4 hari 3 malam,4,1,2497000,standar,motor,standar,mall,budaya,Paris Van Java Mall,mall,Kota Bandung,-6.8893,107.5966,"-6.8893,107.5966","Jl. Sukajadi No.131-139, Cipedes, Sukajadi, Kota Bandung","Paris Van Java Mall adalah pusat belanja bergaya terbuka yang menawarkan kuliner, hiburan, fashion, dan suasana santai di Kota Bandung.",1,0,1,1,37.4,74,105000,960000,280000,10000,1355000,sesuai,0
BDG-TRV-0266,Cimahi,2 hari 1 malam,2,3,539000,hemat,mobil,nyaman,wisata alam,alam,The Lodge Maribaya,wisata alam,Kabupaten Bandung Barat,-6.8294,107.6875,"-6.8294,107.6875","Cibodas, Lembang, Kabupaten Bandung Barat","The Lodge Maribaya adalah destinasi alam dengan wahana foto, pemandangan hutan pinus, dan aktivitas rekreasi keluarga.",1,1,0,1,202.79,453,1217000,520000,420000,90000,2247000,melebihi budget,0
BDG-TRV-0267,Jakarta,2 hari 1 malam,2,5,3226000,hemat,mobil,nyaman,museum,sejarah,Museum Geologi Bandung,museum,Kota Bandung,-6.9007,107.6215,"-6.9007,107.6215","Jl. Diponegoro No.57, Cihaur Geulis, Cibeunying Kaler, Kota Bandung","Museum Geologi Bandung adalah destinasi edukasi yang menampilkan koleksi batuan, mineral, fosil, dan informasi sejarah bumi.",1,1,1,1,218.6,441,1312000,520000,700000,75000,2607000,sesuai,1
BDG-TRV-0268,Depok,1 hari,1,2,2907000,premium,transportasi umum,tanpa penginapan,alam,budaya,The Lodge Maribaya,wisata alam,Kabupaten Bandung Barat,-6.8294,107.6875,"-6.8294,107.6875","Cibodas, Lembang, Kabupaten Bandung Barat","The Lodge Maribaya adalah destinasi alam dengan wahana foto, pemandangan hutan pinus, dan aktivitas rekreasi keluarga.",1,0,1,0,203.41,455,732000,0,140000,60000,932000,sesuai,0
BDG-TRV-0269,Kabupaten Bandung,2 hari 1 malam,2,1,3565000,premium,transportasi umum,standar,wisata edukasi,keluarga,Taman Lalu Lintas Bandung,wisata edukasi,Kota Bandung,-6.9128,107.6169,"-6.9128,107.6169","Jl. Belitung No.1, Merdeka, Sumur Bandung, Kota Bandung",Taman Lalu Lintas Bandung adalah tempat wisata edukasi anak dan keluarga untuk mengenal aturan lalu lintas melalui area bermain dan taman kota.,1,1,1,1,43.91,83,158000,320000,140000,25000,643000,sesuai,1
BDG-TRV-0270,Jakarta,2 hari 1 malam,2,2,957000,standar,mobil,hemat,wisata kuliner,edukasi,Floating Market Lembang,wisata kuliner,Kabupaten Bandung Barat,-6.8167,107.6187,"-6.8167,107.6187","Jl. Grand Hotel No.33E, Lembang, Kabupaten Bandung Barat","Floating Market Lembang menawarkan pengalaman kuliner, wahana keluarga, taman, dan suasana danau di kawasan Lembang.",1,0,0,0,247.57,427,1485000,180000,280000,30000,1975000,melebihi budget,0
BDG-TRV-0271,Jakarta,3 hari 2 malam,3,2,3148000,hemat,mobil,nyaman,kuliner,santai,Martabak San Francisco Bandung,wisata kuliner,Kota Bandung,-6.9026,107.6092,"-6.9026,107.6092","Jl. Burangrang, Lengkong, Kota Bandung",Martabak San Francisco Bandung adalah destinasi kuliner legendaris yang dikenal dengan pilihan martabak manis dan martabak telur.,1,1,1,1,190.38,388,1142000,1040000,420000,30000,2632000,sesuai,1
BDG-TRV-0272,Kota Bandung,1 hari,1,1,4662000,premium,motor,tanpa penginapan,belanja,belanja,Paskal 23 Bandung,mall,Kota Bandung,-6.9147,107.5918,"-6.9147,107.5918","Jl. Pasir Kaliki No.25-27, Kebon Jeruk, Andir, Kota Bandung",Paskal 23 Bandung adalah pusat perbelanjaan dan kuliner modern yang dekat dengan kawasan stasiun dan pusat kota.,1,1,1,1,11.66,21,33000,0,70000,10000,113000,sesuai,1
BDG-TRV-0273,Kabupaten Bandung,1 hari,1,2,2284000,standar,transportasi umum,tanpa penginapan,gunung,alam,Tangkuban Perahu,gunung,Kabupaten Bandung Barat,-6.7596,107.6098,"-6.7596,107.6098","Cikahuripan, Lembang, Kabupaten Bandung Barat",Tangkuban Perahu adalah kawasan wisata gunung berapi dengan kawah alam yang populer untuk wisata alam dan edukasi geologi.,1,1,1,1,94.47,188,340000,0,140000,70000,550000,sesuai,1
BDG-TRV-0274,Jakarta,2 hari 1 malam,2,1,3983000,premium,mobil,nyaman,mall,kuliner,Paris Van Java Mall,mall,Kota Bandung,-6.8893,107.5966,"-6.8893,107.5966","Jl. Sukajadi No.131-139, Cipedes, Sukajadi, Kota Bandung","Paris Van Java Mall adalah pusat belanja bergaya terbuka yang menawarkan kuliner, hiburan, fashion, dan suasana santai di Kota Bandung.",1,1,1,1,206.58,322,1239000,520000,140000,10000,1909000,sesuai,1
BDG-TRV-0275,Kabupaten Bandung,2 hari 1 malam,2,2,2165000,standar,mobil,nyaman,alam,alam,Tebing Keraton,wisata alam,Kabupaten Bandung Barat,-6.8341,107.6635,"-6.8341,107.6635","Ciburial, Cimenyan, Kabupaten Bandung Barat",Tebing Keraton adalah destinasi wisata alam dengan pemandangan hutan dan perbukitan yang cocok untuk foto dan menikmati udara sejuk.,1,1,1,1,99.55,200,597000,520000,280000,60000,1457000,sesuai,1
BDG-TRV-0276,Tasikmalaya,2 hari 1 malam,2,2,2326000,standar,transportasi umum,hemat,belanja,kuliner,Paris Van Java Mall,mall,Kota Bandung,-6.8893,107.5966,"-6.8893,107.5966","Jl. Sukajadi No.131-139, Cipedes, Sukajadi, Kota Bandung","Paris Van Java Mall adalah pusat belanja bergaya terbuka yang menawarkan kuliner, hiburan, fashion, dan suasana santai di Kota Bandung.",1,1,1,1,114.47,262,412000,180000,280000,20000,892000,sesuai,1
BDG-TRV-0277,Cimahi,1 hari,1,4,1047000,standar,mobil,tanpa penginapan,mall,foto-foto,Tebing Keraton,wisata alam,Kabupaten Bandung Barat,-6.8341,107.6635,"-6.8341,107.6635","Ciburial, Cimenyan, Kabupaten Bandung Barat",Tebing Keraton adalah destinasi wisata alam dengan pemandangan hutan dan perbukitan yang cocok untuk foto dan menikmati udara sejuk.,0,1,1,1,66.28,151,398000,0,280000,120000,798000,sesuai,0
BDG-TRV-0278,Garut,3 hari 2 malam,3,1,1680000,hemat,transportasi umum,standar,edukasi,keluarga,Museum Geologi Bandung,museum,Kota Bandung,-6.9007,107.6215,"-6.9007,107.6215","Jl. Diponegoro No.57, Cihaur Geulis, Cibeunying Kaler, Kota Bandung","Museum Geologi Bandung adalah destinasi edukasi yang menampilkan koleksi batuan, mineral, fosil, dan informasi sejarah bumi.",1,1,1,1,118.41,255,426000,640000,210000,15000,1291000,sesuai,1
BDG-TRV-0279,Bogor,1 hari,1,5,1027000,standar,mobil,tanpa penginapan,keluarga,belanja,Farm House Lembang,wisata tematik,Kabupaten Bandung Barat,-6.8325,107.605,"-6.8325,107.605","Jl. Raya Lembang No.108, Gudangkahuripan, Lembang","Farm House Lembang adalah wisata tematik dengan nuansa Eropa, spot foto, taman, dan area rekreasi keluarga.",1,0,0,0,191.12,355,1147000,0,350000,325000,1822000,melebihi budget,0
BDG-TRV-0280,Cimahi,2 hari 1 malam,2,4,1299000,standar,transportasi umum,nyaman,alam,budaya,Tebing Keraton,wisata alam,Kabupaten Bandung Barat,-6.8341,107.6635,"-6.8341,107.6635","Ciburial, Cimenyan, Kabupaten Bandung Barat",Tebing Keraton adalah destinasi wisata alam dengan pemandangan hutan dan perbukitan yang cocok untuk foto dan menikmati udara sejuk.,1,0,0,1,75.58,154,272000,520000,560000,120000,1472000,melebihi budget,0
BDG-TRV-0281,Cimahi,3 hari 2 malam,3,1,1822000,hemat,mobil,nyaman,religi,keluarga,Masjid Raya Bandung,wisata religi,Kota Bandung,-6.9216,107.6068,"-6.9216,107.6068","Jl. Dalem Kaum, Balonggede, Regol, Kota Bandung",Masjid Raya Bandung merupakan destinasi wisata religi di kawasan Alun-Alun Bandung dengan arsitektur megah dan suasana pusat kota yang ramai.,1,1,1,1,20.28,41,122000,1040000,210000,0,1372000,sesuai,1
BDG-TRV-0282,Jakarta,1 hari,1,2,1979000,standar,transportasi umum,tanpa penginapan,belanja,santai,Paskal 23 Bandung,mall,Kota Bandung,-6.9147,107.5918,"-6.9147,107.5918","Jl. Pasir Kaliki No.25-27, Kebon Jeruk, Andir, Kota Bandung",Paskal 23 Bandung adalah pusat perbelanjaan dan kuliner modern yang dekat dengan kawasan stasiun dan pusat kota.,1,1,1,1,181.64,382,654000,0,140000,20000,814000,sesuai,1
BDG-TRV-0283,Bogor,2 hari 1 malam,2,3,2972000,premium,transportasi umum,nyaman,edukasi,keluarga,Museum Geologi Bandung,museum,Kota Bandung,-6.9007,107.6215,"-6.9007,107.6215","Jl. Diponegoro No.57, Cihaur Geulis, Cibeunying Kaler, Kota Bandung","Museum Geologi Bandung adalah destinasi edukasi yang menampilkan koleksi batuan, mineral, fosil, dan informasi sejarah bumi.",1,1,1,1,194.51,437,700000,520000,420000,45000,1685000,sesuai,1
BDG-TRV-0284,Garut,2 hari 1 malam,2,2,1008000,premium,transportasi umum,nyaman,wisata kuliner,kuliner,Martabak San Francisco Bandung,wisata kuliner,Kota Bandung,-6.9026,107.6092,"-6.9026,107.6092","Jl. Burangrang, Lengkong, Kota Bandung",Martabak San Francisco Bandung adalah destinasi kuliner legendaris yang dikenal dengan pilihan martabak manis dan martabak telur.,1,1,0,1,83.04,159,299000,520000,280000,30000,1129000,melebihi budget,0
BDG-TRV-0285,Garut,2 hari 1 malam,2,1,3283000,premium,motor,hemat,wisata kuliner,alam,Paris Van Java Mall,mall,Kota Bandung,-6.8893,107.5966,"-6.8893,107.5966","Jl. Sukajadi No.131-139, Cipedes, Sukajadi, Kota Bandung","Paris Van Java Mall adalah pusat belanja bergaya terbuka yang menawarkan kuliner, hiburan, fashion, dan suasana santai di Kota Bandung.",0,0,1,1,97.65,148,273000,180000,140000,10000,603000,sesuai,0
BDG-TRV-0286,Depok,2 hari 1 malam,2,4,2451000,standar,mobil,standar,foto-foto,santai,Alun-Alun Bandung,wisata kota,Kota Bandung,-6.9218,107.6071,"-6.9218,107.6071","Jl. Asia Afrika, Balonggede, Regol, Kota Bandung","Alun-Alun Bandung adalah ruang publik ikonik di pusat Kota Bandung yang cocok untuk bersantai, berfoto, dan menikmati suasana kota dekat Masjid Raya Bandung.",1,1,1,1,187.3,378,1124000,320000,560000,20000,2024000,sesuai,1
BDG-TRV-0287,Tasikmalaya,2 hari 1 malam,2,1,3898000,premium,transportasi umum,hemat,kuliner,kuliner,Floating Market Lembang,wisata kuliner,Kabupaten Bandung Barat,-6.8167,107.6187,"-6.8167,107.6187","Jl. Grand Hotel No.33E, Lembang, Kabupaten Bandung Barat","Floating Market Lembang menawarkan pengalaman kuliner, wahana keluarga, taman, dan suasana danau di kawasan Lembang.",1,1,1,1,191.58,334,690000,180000,140000,15000,1025000,sesuai,1
BDG-TRV-0288,Kabupaten Bandung,3 hari 2 malam,3,1,483000,premium,motor,standar,mall,kuliner,Paskal 23 Bandung,mall,Kota Bandung,-6.9147,107.5918,"-6.9147,107.5918","Jl. Pasir Kaliki No.25-27, Kebon Jeruk, Andir, Kota Bandung",Paskal 23 Bandung adalah pusat perbelanjaan dan kuliner modern yang dekat dengan kawasan stasiun dan pusat kota.,1,1,0,1,23.3,41,65000,640000,210000,10000,925000,melebihi budget,0
BDG-TRV-0289,Jakarta,1 hari,1,2,2056000,hemat,mobil,tanpa penginapan,cafe view,santai,Cafe D'Pakar Bandung,cafe view,Kota Bandung,-6.8398,107.6537,"-6.8398,107.6537","Dago Pakar, Ciburial, Cimenyan, Bandung","Cafe D'Pakar Bandung adalah tempat wisata kuliner dengan suasana alam sejuk, area outdoor, dan pemandangan pepohonan di kawasan Dago Pakar.",1,1,1,1,191.21,390,1147000,0,140000,40000,1327000,sesuai,1
BDG-TRV-0290,Kota Bandung,4 hari 3 malam,4,2,680000,hemat,mobil,hemat,museum,foto-foto,Museum Konferensi Asia Afrika,museum,Kota Bandung,-6.921,107.6097,"-6.921,107.6097","Jl. Asia Afrika No.65, Braga, Sumur Bandung, Kota Bandung","Museum Konferensi Asia Afrika menyajikan sejarah Konferensi Asia Afrika dan cocok untuk wisata edukasi, sejarah, serta kunjungan pelajar.",1,1,0,1,21.38,41,128000,540000,560000,30000,1258000,melebihi budget,0
BDG-TRV-0291,Bogor,4 hari 3 malam,4,5,743000,hemat,transportasi umum,standar,wisata kuliner,santai,Martabak San Francisco Bandung,wisata kuliner,Kota Bandung,-6.9026,107.6092,"-6.9026,107.6092","Jl. Burangrang, Lengkong, Kota Bandung",Martabak San Francisco Bandung adalah destinasi kuliner legendaris yang dikenal dengan pilihan martabak manis dan martabak telur.,1,1,0,0,303.43,468,1092000,960000,1400000,75000,3527000,melebihi budget,0
BDG-TRV-0292,Tasikmalaya,1 hari,1,5,1368000,hemat,transportasi umum,tanpa penginapan,belanja,kuliner,Bandung Indah Plaza,mall,Kota Bandung,-6.9089,107.6105,"-6.9089,107.6105","Jl. Merdeka No.56, Citarum, Bandung Wetan, Kota Bandung","Bandung Indah Plaza adalah pusat perbelanjaan di pusat Kota Bandung dengan pilihan fashion, kuliner, hiburan, dan kebutuhan gaya hidup.",1,1,1,1,174.34,338,628000,0,350000,50000,1028000,sesuai,1
BDG-TRV-0293,Kota Bandung,2 hari 1 malam,2,1,196000,premium,transportasi umum,nyaman,wisata kota,foto-foto,Jalan Braga,wisata kota,Kota Bandung,-6.9175,107.6098,"-6.9175,107.6098","Jl. Braga, Braga, Sumur Bandung, Kota Bandung","Jalan Braga adalah kawasan wisata kota dengan nuansa klasik, bangunan bersejarah, kafe, kuliner, dan spot foto yang populer di Bandung.",1,1,0,1,17.33,30,62000,520000,140000,5000,727000,melebihi budget,0
BDG-TRV-0294,Jakarta,3 hari 2 malam,3,2,2058000,standar,mobil,standar,foto-foto,santai,Jalan Braga,wisata kota,Kota Bandung,-6.9175,107.6098,"-6.9175,107.6098","Jl. Braga, Braga, Sumur Bandung, Kota Bandung","Jalan Braga adalah kawasan wisata kota dengan nuansa klasik, bangunan bersejarah, kafe, kuliner, dan spot foto yang populer di Bandung.",1,1,0,1,187.85,422,1127000,640000,420000,10000,2197000,melebihi budget,0
BDG-TRV-0295,Cimahi,1 hari,1,4,805000,hemat,transportasi umum,tanpa penginapan,wisata alam,alam,Kawah Putih,wisata alam,Kabupaten Bandung,-7.1662,107.402,"-7.1662,107.402","Sugihmukti, Pasirjambu, Kabupaten Bandung",Kawah Putih adalah wisata alam di Ciwidey dengan danau kawah berwarna putih kehijauan dan panorama pegunungan.,1,1,1,1,68.67,142,247000,0,280000,120000,647000,sesuai,1
BDG-TRV-0296,Jakarta,2 hari 1 malam,2,2,4291000,premium,transportasi umum,hemat,wisata kota,alam,Sudirman Street Bandung,wisata kuliner,Kota Bandung,-6.9177,107.5969,"-6.9177,107.5969","Jl. Jend. Sudirman, Karanganyar, Astanaanyar, Kota Bandung",Sudirman Street Bandung adalah kawasan kuliner malam yang menawarkan berbagai makanan lokal dan suasana street food kota.,0,0,1,1,195.83,390,705000,180000,280000,30000,1195000,sesuai,0
BDG-TRV-0297,Jakarta,1 hari,1,4,4620000,premium,mobil,tanpa penginapan,wisata kota,foto-foto,Alun-Alun Bandung,wisata kota,Kota Bandung,-6.9218,107.6071,"-6.9218,107.6071","Jl. Asia Afrika, Balonggede, Regol, Kota Bandung","Alun-Alun Bandung adalah ruang publik ikonik di pusat Kota Bandung yang cocok untuk bersantai, berfoto, dan menikmati suasana kota dekat Masjid Raya Bandung.",1,1,1,1,197.78,309,1187000,0,280000,20000,1487000,sesuai,1
BDG-TRV-0298,Garut,2 hari 1 malam,2,4,1389000,hemat,mobil,nyaman,wisata edukasi,edukasi,Saung Angklung Udjo,wisata edukasi,Kota Bandung,-6.8992,107.6542,"-6.8992,107.6542","Jl. Padasuka No.118, Pasirlayung, Cibeunying Kidul, Kota Bandung","Saung Angklung Udjo adalah destinasi budaya dan edukasi yang menampilkan pertunjukan angklung, seni Sunda, dan aktivitas keluarga.",1,1,0,1,108.07,174,648000,520000,560000,100000,1828000,melebihi budget,0
BDG-TRV-0299,Depok,4 hari 3 malam,4,1,3758000,premium,mobil,nyaman,edukasi,edukasi,Kebun Binatang Bandung,kebun binatang,Kota Bandung,-6.8902,107.607,"-6.8902,107.607","Jl. Tamansari No.71, Lebak Siliwangi, Coblong, Kota Bandung",Kebun Binatang Bandung adalah wisata edukasi keluarga yang menampilkan berbagai satwa dan area rekreasi di kawasan Tamansari.,1,1,1,1,180.49,346,1083000,1560000,280000,50000,2973000,sesuai,1
BDG-TRV-0300,Jakarta,1 hari,1,2,1824000,standar,transportasi umum,tanpa penginapan,wisata kota,foto-foto,Alun-Alun Bandung,wisata kota,Kota Bandung,-6.9218,107.6071,"-6.9218,107.6071","Jl. Asia Afrika, Balonggede, Regol, Kota Bandung","Alun-Alun Bandung adalah ruang publik ikonik di pusat Kota Bandung yang cocok untuk bersantai, berfoto, dan menikmati suasana kota dekat Masjid Raya Bandung.",1,1,1,1,218.04,457,785000,0,140000,10000,935000,sesuai,1
BDG-TRV-0301,Tasikmalaya,1 hari,1,5,2667000,premium,transportasi umum,tanpa penginapan,wisata alam,edukasi,Tangkuban Perahu,gunung,Kabupaten Bandung Barat,-6.7596,107.6098,"-6.7596,107.6098","Cikahuripan, Lembang, Kabupaten Bandung Barat",Tangkuban Perahu adalah kawasan wisata gunung berapi dengan kawah alam yang populer untuk wisata alam dan edukasi geologi.,0,1,1,0,214.6,397,773000,0,350000,175000,1298000,sesuai,0
BDG-TRV-0302,Kabupaten Bandung,4 hari 3 malam,4,5,4228000,hemat,transportasi umum,nyaman,alam,alam,Curug Cimahi,wisata alam,Kabupaten Bandung Barat,-6.7986,107.5775,"-6.7986,107.5775","Kertawangi, Cisarua, Kabupaten Bandung Barat",Curug Cimahi adalah wisata air terjun di Bandung Barat dengan jalur trekking ringan dan suasana alam yang sejuk.,1,1,1,1,69.32,144,250000,1560000,1400000,150000,3360000,sesuai,1
BDG-TRV-0303,Kabupaten Bandung,1 hari,1,2,1834000,standar,mobil,tanpa penginapan,kuliner,keluarga,Floating Market Lembang,wisata kuliner,Kabupaten Bandung Barat,-6.8167,107.6187,"-6.8167,107.6187","Jl. Grand Hotel No.33E, Lembang, Kabupaten Bandung Barat","Floating Market Lembang menawarkan pengalaman kuliner, wahana keluarga, taman, dan suasana danau di kawasan Lembang.",1,1,1,1,54.91,115,329000,0,140000,30000,499000,sesuai,1
BDG-TRV-0304,Depok,3 hari 2 malam,3,2,1694000,standar,motor,hemat,mall,religi,Cafe D'Pakar Bandung,cafe view,Kota Bandung,-6.8398,107.6537,"-6.8398,107.6537","Dago Pakar, Ciburial, Cimenyan, Bandung","Cafe D'Pakar Bandung adalah tempat wisata kuliner dengan suasana alam sejuk, area outdoor, dan pemandangan pepohonan di kawasan Dago Pakar.",0,0,1,1,225.36,424,631000,360000,420000,40000,1451000,sesuai,0
BDG-TRV-0305,Bogor,1 hari,1,1,100000,hemat,motor,tanpa penginapan,mall,kuliner,Paskal 23 Bandung,mall,Kota Bandung,-6.9147,107.5918,"-6.9147,107.5918","Jl. Pasir Kaliki No.25-27, Kebon Jeruk, Andir, Kota Bandung",Paskal 23 Bandung adalah pusat perbelanjaan dan kuliner modern yang dekat dengan kawasan stasiun dan pusat kota.,1,1,0,0,177.73,297,498000,0,70000,10000,578000,melebihi budget,0
BDG-TRV-0306,Cimahi,3 hari 2 malam,3,3,3809000,premium,motor,hemat,wisata kuliner,keluarga,Martabak San Francisco Bandung,wisata kuliner,Kota Bandung,-6.9026,107.6092,"-6.9026,107.6092","Jl. Burangrang, Lengkong, Kota Bandung",Martabak San Francisco Bandung adalah destinasi kuliner legendaris yang dikenal dengan pilihan martabak manis dan martabak telur.,1,1,1,1,28.69,60,80000,360000,630000,45000,1115000,sesuai,1
BDG-TRV-0307,Bogor,1 hari,1,4,2925000,premium,mobil,tanpa penginapan,wisata alam,keluarga,The Lodge Maribaya,wisata alam,Kabupaten Bandung Barat,-6.8294,107.6875,"-6.8294,107.6875","Cibodas, Lembang, Kabupaten Bandung Barat","The Lodge Maribaya adalah destinasi alam dengan wahana foto, pemandangan hutan pinus, dan aktivitas rekreasi keluarga.",1,1,1,1,177.26,308,1064000,0,280000,120000,1464000,sesuai,1
BDG-TRV-0308,Kabupaten Bandung,2 hari 1 malam,2,2,1373000,hemat,transportasi umum,standar,kuliner,kuliner,Sudirman Street Bandung,wisata kuliner,Kota Bandung,-6.9177,107.5969,"-6.9177,107.5969","Jl. Jend. Sudirman, Karanganyar, Astanaanyar, Kota Bandung",Sudirman Street Bandung adalah kawasan kuliner malam yang menawarkan berbagai makanan lokal dan suasana street food kota.,1,1,1,1,43.81,90,158000,320000,280000,30000,788000,sesuai,1
BDG-TRV-0309,Kota Bandung,3 hari 2 malam,3,3,2948000,premium,mobil,standar,wisata kuliner,kuliner,Orchid Forest Cikole,wisata alam,Kabupaten Bandung Barat,-6.7806,107.6373,"-6.7806,107.6373","Cikole, Lembang, Kabupaten Bandung Barat","Orchid Forest Cikole adalah wisata alam hutan pinus dengan koleksi anggrek, spot foto, dan suasana sejuk di Lembang.",0,0,1,1,46.39,77,278000,640000,630000,90000,1638000,sesuai,0
BDG-TRV-0310,Garut,1 hari,1,2,537000,hemat,mobil,tanpa penginapan,edukasi,edukasi,Saung Angklung Udjo,wisata edukasi,Kota Bandung,-6.8992,107.6542,"-6.8992,107.6542","Jl. Padasuka No.118, Pasirlayung, Cibeunying Kidul, Kota Bandung","Saung Angklung Udjo adalah destinasi budaya dan edukasi yang menampilkan pertunjukan angklung, seni Sunda, dan aktivitas keluarga.",1,1,0,0,172.52,318,1035000,0,140000,50000,1225000,melebihi budget,0
BDG-TRV-0311,Tasikmalaya,2 hari 1 malam,2,2,1605000,hemat,motor,standar,wisata alam,foto-foto,Orchid Forest Cikole,wisata alam,Kabupaten Bandung Barat,-6.7806,107.6373,"-6.7806,107.6373","Cikole, Lembang, Kabupaten Bandung Barat","Orchid Forest Cikole adalah wisata alam hutan pinus dengan koleksi anggrek, spot foto, dan suasana sejuk di Lembang.",1,1,1,1,186.61,370,523000,320000,280000,60000,1183000,sesuai,1
BDG-TRV-0312,Kota Bandung,1 hari,1,2,1917000,standar,transportasi umum,tanpa penginapan,foto-foto,foto-foto,Alun-Alun Bandung,wisata kota,Kota Bandung,-6.9218,107.6071,"-6.9218,107.6071","Jl. Asia Afrika, Balonggede, Regol, Kota Bandung","Alun-Alun Bandung adalah ruang publik ikonik di pusat Kota Bandung yang cocok untuk bersantai, berfoto, dan menikmati suasana kota dekat Masjid Raya Bandung.",1,1,1,1,21.19,33,76000,0,140000,10000,226000,sesuai,1
BDG-TRV-0313,Kota Bandung,3 hari 2 malam,3,2,2062000,standar,motor,nyaman,edukasi,keluarga,Museum Geologi Bandung,museum,Kota Bandung,-6.9007,107.6215,"-6.9007,107.6215","Jl. Diponegoro No.57, Cihaur Geulis, Cibeunying Kaler, Kota Bandung","Museum Geologi Bandung adalah destinasi edukasi yang menampilkan koleksi batuan, mineral, fosil, dan informasi sejarah bumi.",1,1,1,1,23.09,45,65000,1040000,420000,30000,1555000,sesuai,1
BDG-TRV-0314,Kota Bandung,2 hari 1 malam,2,5,4013000,premium,mobil,standar,wisata kota,foto-foto,Martabak San Francisco Bandung,wisata kuliner,Kota Bandung,-6.9026,107.6092,"-6.9026,107.6092","Jl. Burangrang, Lengkong, Kota Bandung",Martabak San Francisco Bandung adalah destinasi kuliner legendaris yang dikenal dengan pilihan martabak manis dan martabak telur.,0,0,1,1,13.1,26,79000,320000,700000,75000,1174000,sesuai,0
BDG-TRV-0315,Jakarta,3 hari 2 malam,3,3,2286000,standar,motor,hemat,belanja,belanja,Paris Van Java Mall,mall,Kota Bandung,-6.8893,107.5966,"-6.8893,107.5966","Jl. Sukajadi No.131-139, Cipedes, Sukajadi, Kota Bandung","Paris Van Java Mall adalah pusat belanja bergaya terbuka yang menawarkan kuliner, hiburan, fashion, dan suasana santai di Kota Bandung.",1,1,1,1,187.89,368,526000,360000,630000,30000,1546000,sesuai,1
BDG-TRV-0316,Depok,3 hari 2 malam,3,2,1070000,standar,transportasi umum,standar,belanja,foto-foto,Paris Van Java Mall,mall,Kota Bandung,-6.8893,107.5966,"-6.8893,107.5966","Jl. Sukajadi No.131-139, Cipedes, Sukajadi, Kota Bandung","Paris Van Java Mall adalah pusat belanja bergaya terbuka yang menawarkan kuliner, hiburan, fashion, dan suasana santai di Kota Bandung.",1,1,0,0,392.88,863,1414000,640000,420000,20000,2494000,melebihi budget,0
BDG-TRV-0317,Jakarta,2 hari 1 malam,2,3,920000,hemat,transportasi umum,standar,kebun binatang,healing,Kebun Binatang Bandung,kebun binatang,Kota Bandung,-6.8902,107.607,"-6.8902,107.607","Jl. Tamansari No.71, Lebak Siliwangi, Coblong, Kota Bandung",Kebun Binatang Bandung adalah wisata edukasi keluarga yang menampilkan berbagai satwa dan area rekreasi di kawasan Tamansari.,1,0,0,1,168.05,316,605000,320000,420000,150000,1495000,melebihi budget,0
BDG-TRV-0318,Bekasi,1 hari,1,1,1239000,standar,mobil,tanpa penginapan,cafe view,kuliner,Bandung Indah Plaza,mall,Kota Bandung,-6.9089,107.6105,"-6.9089,107.6105","Jl. Merdeka No.56, Citarum, Bandung Wetan, Kota Bandung","Bandung Indah Plaza adalah pusat perbelanjaan di pusat Kota Bandung dengan pilihan fashion, kuliner, hiburan, dan kebutuhan gaya hidup.",0,1,1,0,130.36,232,782000,0,70000,10000,862000,sesuai,0
BDG-TRV-0319,Kota Bandung,3 hari 2 malam,3,5,2252000,standar,motor,hemat,alam,foto-foto,Curug Cimahi,wisata alam,Kabupaten Bandung Barat,-6.7986,107.5775,"-6.7986,107.5775","Kertawangi, Cisarua, Kabupaten Bandung Barat",Curug Cimahi adalah wisata air terjun di Bandung Barat dengan jalur trekking ringan dan suasana alam yang sejuk.,1,1,1,1,41.38,68,116000,360000,1050000,150000,1676000,sesuai,1
BDG-TRV-0320,Kabupaten Bandung,3 hari 2 malam,3,2,1723000,premium,transportasi umum,standar,foto-foto,santai,Jalan Braga,wisata kota,Kota Bandung,-6.9175,107.6098,"-6.9175,107.6098","Jl. Braga, Braga, Sumur Bandung, Kota Bandung","Jalan Braga adalah kawasan wisata kota dengan nuansa klasik, bangunan bersejarah, kafe, kuliner, dan spot foto yang populer di Bandung.",1,1,0,1,209.12,468,753000,640000,420000,10000,1823000,melebihi budget,0
BDG-TRV-0321,Bogor,3 hari 2 malam,3,2,4418000,premium,motor,standar,wisata alam,foto-foto,Kawah Putih,wisata alam,Kabupaten Bandung,-7.1662,107.402,"-7.1662,107.402","Sugihmukti, Pasirjambu, Kabupaten Bandung",Kawah Putih adalah wisata alam di Ciwidey dengan danau kawah berwarna putih kehijauan dan panorama pegunungan.,1,1,1,1,259.0,491,725000,640000,420000,60000,1845000,sesuai,1
BDG-TRV-0322,Garut,4 hari 3 malam,4,4,4810000,premium,mobil,standar,museum,keluarga,Ranca Upas,wisata alam,Kabupaten Bandung,-7.1421,107.3957,"-7.1421,107.3957","Jl. Raya Ciwidey-Patengan, Rancabali, Kabupaten Bandung",Ranca Upas adalah kawasan wisata alam dan bumi perkemahan yang dikenal dengan penangkaran rusa dan udara sejuk pegunungan.,0,1,1,1,131.33,225,788000,960000,1120000,120000,2988000,sesuai,0
BDG-TRV-0323,Cimahi,4 hari 3 malam,4,2,3582000,premium,transportasi umum,nyaman,cafe view,kuliner,Cafe D'Pakar Bandung,cafe view,Kota Bandung,-6.8398,107.6537,"-6.8398,107.6537","Dago Pakar, Ciburial, Cimenyan, Bandung","Cafe D'Pakar Bandung adalah tempat wisata kuliner dengan suasana alam sejuk, area outdoor, dan pemandangan pepohonan di kawasan Dago Pakar.",1,1,1,1,28.7,53,103000,1560000,560000,40000,2263000,sesuai,1
BDG-TRV-0324,Garut,1 hari,1,4,1364000,standar,motor,tanpa penginapan,wisata alam,healing,Curug Cimahi,wisata alam,Kabupaten Bandung Barat,-6.7986,107.5775,"-6.7986,107.5775","Kertawangi, Cisarua, Kabupaten Bandung Barat",Curug Cimahi adalah wisata air terjun di Bandung Barat dengan jalur trekking ringan dan suasana alam yang sejuk.,1,1,1,0,210.24,414,589000,0,280000,120000,989000,sesuai,0
BDG-TRV-0325,Kabupaten Bandung,1 hari,1,4,1437000,standar,transportasi umum,tanpa penginapan,alam,budaya,Tangkuban Perahu,gunung,Kabupaten Bandung Barat,-6.7596,107.6098,"-6.7596,107.6098","Cikahuripan, Lembang, Kabupaten Bandung Barat",Tangkuban Perahu adalah kawasan wisata gunung berapi dengan kawah alam yang populer untuk wisata alam dan edukasi geologi.,1,0,1,1,77.83,136,280000,0,280000,140000,700000,sesuai,0
BDG-TRV-0326,Kota Bandung,3 hari 2 malam,3,2,1302000,standar,motor,standar,edukasi,edukasi,Gedung Sate,wisata edukasi,Kota Bandung,-6.9025,107.6188,"-6.9025,107.6188","Jl. Diponegoro No.22, Citarum, Bandung Wetan, Kota Bandung",Gedung Sate adalah ikon Kota Bandung yang dikenal sebagai bangunan bersejarah dengan arsitektur khas dan nilai edukasi sejarah pemerintahan Jawa Barat.,1,1,1,1,11.69,25,33000,640000,420000,50000,1143000,sesuai,1
BDG-TRV-0327,Garut,2 hari 1 malam,2,5,718000,hemat,motor,hemat,wisata alam,santai,Trans Studio Mall Bandung,mall,Kota Bandung,-6.9254,107.6358,"-6.9254,107.6358","Jl. Gatot Subroto No.289, Cibangkong, Batununggal, Kota Bandung",Trans Studio Mall Bandung adalah pusat perbelanjaan dan hiburan indoor yang terhubung dengan kawasan Trans Studio Bandung.,0,0,0,1,116.68,220,327000,180000,700000,50000,1257000,melebihi budget,0
BDG-TRV-0328,Bogor,2 hari 1 malam,2,1,2149000,standar,motor,hemat,cafe view,belanja,Cafe D'Pakar Bandung,cafe view,Kota Bandung,-6.8398,107.6537,"-6.8398,107.6537","Dago Pakar, Ciburial, Cimenyan, Bandung","Cafe D'Pakar Bandung adalah tempat wisata kuliner dengan suasana alam sejuk, area outdoor, dan pemandangan pepohonan di kawasan Dago Pakar.",1,0,1,1,155.92,329,437000,180000,140000,20000,777000,sesuai,0
BDG-TRV-0329,Bekasi,3 hari 2 malam,3,4,2467000,standar,motor,hemat,wisata alam,healing,Kawah Putih,wisata alam,Kabupaten Bandung,-7.1662,107.402,"-7.1662,107.402","Sugihmukti, Pasirjambu, Kabupaten Bandung",Kawah Putih adalah wisata alam di Ciwidey dengan danau kawah berwarna putih kehijauan dan panorama pegunungan.,1,1,1,1,183.88,334,515000,360000,840000,120000,1835000,sesuai,1
BDG-TRV-0330,Kota Bandung,4 hari 3 malam,4,3,4628000,premium,motor,hemat,wisata religi,foto-foto,Alun-Alun Bandung,wisata kota,Kota Bandung,-6.9218,107.6071,"-6.9218,107.6071","Jl. Asia Afrika, Balonggede, Regol, Kota Bandung","Alun-Alun Bandung adalah ruang publik ikonik di pusat Kota Bandung yang cocok untuk bersantai, berfoto, dan menikmati suasana kota dekat Masjid Raya Bandung.",0,1,1,1,17.19,37,48000,540000,840000,15000,1443000,sesuai,0
BDG-TRV-0331,Tasikmalaya,2 hari 1 malam,2,5,754000,premium,motor,standar,mall,kuliner,Trans Studio Mall Bandung,mall,Kota Bandung,-6.9254,107.6358,"-6.9254,107.6358","Jl. Gatot Subroto No.289, Cibangkong, Batununggal, Kota Bandung",Trans Studio Mall Bandung adalah pusat perbelanjaan dan hiburan indoor yang terhubung dengan kawasan Trans Studio Bandung.,1,1,0,1,112.3,224,314000,320000,700000,50000,1384000,melebihi budget,0
BDG-TRV-0332,Garut,2 hari 1 malam,2,5,2498000,standar,mobil,hemat,cafe view,santai,Cafe D'Pakar Bandung,cafe view,Kota Bandung,-6.8398,107.6537,"-6.8398,107.6537","Dago Pakar, Ciburial, Cimenyan, Bandung","Cafe D'Pakar Bandung adalah tempat wisata kuliner dengan suasana alam sejuk, area outdoor, dan pemandangan pepohonan di kawasan Dago Pakar.",1,1,1,1,118.14,190,709000,180000,700000,100000,1689000,sesuai,1
BDG-TRV-0333,Kabupaten Bandung,1 hari,1,2,100000,premium,transportasi umum,tanpa penginapan,mall,foto-foto,Paris Van Java Mall,mall,Kota Bandung,-6.8893,107.5966,"-6.8893,107.5966","Jl. Sukajadi No.131-139, Cipedes, Sukajadi, Kota Bandung","Paris Van Java Mall adalah pusat belanja bergaya terbuka yang menawarkan kuliner, hiburan, fashion, dan suasana santai di Kota Bandung.",1,1,0,1,40.96,89,147000,0,140000,20000,307000,melebihi budget,0
BDG-TRV-0334,Depok,2 hari 1 malam,2,5,3609000,premium,mobil,nyaman,kuliner,kuliner,Cafe D'Pakar Bandung,cafe view,Kota Bandung,-6.8398,107.6537,"-6.8398,107.6537","Dago Pakar, Ciburial, Cimenyan, Bandung","Cafe D'Pakar Bandung adalah tempat wisata kuliner dengan suasana alam sejuk, area outdoor, dan pemandangan pepohonan di kawasan Dago Pakar.",1,1,1,1,163.38,320,980000,520000,700000,100000,2300000,sesuai,1
BDG-TRV-0335,Depok,1 hari,1,4,799000,hemat,mobil,tanpa penginapan,alam,foto-foto,The Lodge Maribaya,wisata alam,Kabupaten Bandung Barat,-6.8294,107.6875,"-6.8294,107.6875","Cibodas, Lembang, Kabupaten Bandung Barat","The Lodge Maribaya adalah destinasi alam dengan wahana foto, pemandangan hutan pinus, dan aktivitas rekreasi keluarga.",1,1,0,0,430.57,859,2583000,0,280000,120000,2983000,melebihi budget,0
BDG-TRV-0336,Kabupaten Bandung,3 hari 2 malam,3,3,3110000,premium,transportasi umum,hemat,edukasi,keluarga,Saung Angklung Udjo,wisata edukasi,Kota Bandung,-6.8992,107.6542,"-6.8992,107.6542","Jl. Padasuka No.118, Pasirlayung, Cibeunying Kidul, Kota Bandung","Saung Angklung Udjo adalah destinasi budaya dan edukasi yang menampilkan pertunjukan angklung, seni Sunda, dan aktivitas keluarga.",1,1,1,1,30.55,68,110000,360000,630000,75000,1175000,sesuai,1
BDG-TRV-0337,Garut,1 hari,1,1,100000,hemat,transportasi umum,tanpa penginapan,kuliner,kuliner,Sudirman Street Bandung,wisata kuliner,Kota Bandung,-6.9177,107.5969,"-6.9177,107.5969","Jl. Jend. Sudirman, Karanganyar, Astanaanyar, Kota Bandung",Sudirman Street Bandung adalah kawasan kuliner malam yang menawarkan berbagai makanan lokal dan suasana street food kota.,1,1,0,0,113.32,229,408000,0,70000,15000,493000,melebihi budget,0
BDG-TRV-0338,Bogor,3 hari 2 malam,3,2,3205000,premium,mobil,hemat,gunung,keluarga,Trans Studio Mall Bandung,mall,Kota Bandung,-6.9254,107.6358,"-6.9254,107.6358","Jl. Gatot Subroto No.289, Cibangkong, Batununggal, Kota Bandung",Trans Studio Mall Bandung adalah pusat perbelanjaan dan hiburan indoor yang terhubung dengan kawasan Trans Studio Bandung.,0,1,1,1,180.39,307,1082000,360000,420000,20000,1882000,sesuai,0
BDG-TRV-0339,Kota Bandung,2 hari 1 malam,2,3,2487000,standar,motor,hemat,wisata alam,alam,Jendela Alam,wisata edukasi,Kabupaten Bandung Barat,-6.8287,107.5976,"-6.8287,107.5976","Komplek Graha Puspa, Lembang, Kabupaten Bandung Barat","Jendela Alam adalah wisata edukasi keluarga yang mengenalkan aktivitas pertanian, peternakan, dan lingkungan alam.",0,1,1,1,63.98,119,179000,180000,420000,75000,854000,sesuai,0
BDG-TRV-0340,Tasikmalaya,1 hari,1,2,1309000,standar,transportasi umum,tanpa penginapan,alam,healing,Tebing Keraton,wisata alam,Kabupaten Bandung Barat,-6.8341,107.6635,"-6.8341,107.6635","Ciburial, Cimenyan, Kabupaten Bandung Barat",Tebing Keraton adalah destinasi wisata alam dengan pemandangan hutan dan perbukitan yang cocok untuk foto dan menikmati udara sejuk.,1,1,1,1,165.95,374,597000,0,140000,60000,797000,sesuai,1
BDG-TRV-0341,Depok,3 hari 2 malam,3,1,2147000,standar,motor,nyaman,wisata alam,alam,Ranca Upas,wisata alam,Kabupaten Bandung,-7.1421,107.3957,"-7.1421,107.3957","Jl. Raya Ciwidey-Patengan, Rancabali, Kabupaten Bandung",Ranca Upas adalah kawasan wisata alam dan bumi perkemahan yang dikenal dengan penangkaran rusa dan udara sejuk pegunungan.,1,1,0,0,359.38,626,1006000,1040000,210000,30000,2286000,melebihi budget,0
BDG-TRV-0342,Garut,4 hari 3 malam,4,4,3226000,hemat,motor,nyaman,kuliner,kuliner,Cafe D'Pakar Bandung,cafe view,Kota Bandung,-6.8398,107.6537,"-6.8398,107.6537","Dago Pakar, Ciburial, Cimenyan, Bandung","Cafe D'Pakar Bandung adalah tempat wisata kuliner dengan suasana alam sejuk, area outdoor, dan pemandangan pepohonan di kawasan Dago Pakar.",1,1,1,1,91.99,154,258000,1560000,1120000,80000,3018000,sesuai,1
BDG-TRV-0343,Kota Bandung,3 hari 2 malam,3,2,2050000,hemat,transportasi umum,nyaman,edukasi,edukasi,Museum Konferensi Asia Afrika,museum,Kota Bandung,-6.921,107.6097,"-6.921,107.6097","Jl. Asia Afrika No.65, Braga, Sumur Bandung, Kota Bandung","Museum Konferensi Asia Afrika menyajikan sejarah Konferensi Asia Afrika dan cocok untuk wisata edukasi, sejarah, serta kunjungan pelajar.",1,1,1,1,5.26,11,19000,1040000,420000,30000,1509000,sesuai,1
BDG-TRV-0344,Bekasi,1 hari,1,5,2146000,hemat,transportasi umum,tanpa penginapan,wisata alam,healing,Kawah Putih,wisata alam,Kabupaten Bandung,-7.1662,107.402,"-7.1662,107.402","Sugihmukti, Pasirjambu, Kabupaten Bandung",Kawah Putih adalah wisata alam di Ciwidey dengan danau kawah berwarna putih kehijauan dan panorama pegunungan.,1,1,1,1,224.17,435,807000,0,350000,150000,1307000,sesuai,1
BDG-TRV-0345,Tasikmalaya,3 hari 2 malam,3,2,4421000,premium,motor,hemat,alam,foto-foto,Tebing Keraton,wisata alam,Kabupaten Bandung Barat,-6.8341,107.6635,"-6.8341,107.6635","Ciburial, Cimenyan, Kabupaten Bandung Barat",Tebing Keraton adalah destinasi wisata alam dengan pemandangan hutan dan perbukitan yang cocok untuk foto dan menikmati udara sejuk.,1,1,1,0,328.56,557,920000,360000,420000,60000,1760000,sesuai,0
BDG-TRV-0346,Kabupaten Bandung,1 hari,1,2,354000,hemat,motor,tanpa penginapan,belanja,foto-foto,Trans Studio Mall Bandung,mall,Kota Bandung,-6.9254,107.6358,"-6.9254,107.6358","Jl. Gatot Subroto No.289, Cibangkong, Batununggal, Kota Bandung",Trans Studio Mall Bandung adalah pusat perbelanjaan dan hiburan indoor yang terhubung dengan kawasan Trans Studio Bandung.,1,0,1,1,50.39,82,141000,0,140000,20000,301000,sesuai,0
BDG-TRV-0347,Cimahi,2 hari 1 malam,2,2,2232000,standar,mobil,hemat,alam,keluarga,Dusun Bambu,wisata alam,Kabupaten Bandung Barat,-6.789,107.5788,"-6.789,107.5788","Jl. Kolonel Masturi KM 11, Cisarua, Kabupaten Bandung Barat","Dusun Bambu adalah destinasi wisata alam dan kuliner keluarga dengan pemandangan pegunungan, taman, dan area rekreasi.",1,1,1,1,45.67,86,274000,180000,280000,60000,794000,sesuai,1
BDG-TRV-0348,Tasikmalaya,3 hari 2 malam,3,2,4944000,premium,mobil,nyaman,wisata kuliner,santai,Martabak San Francisco Bandung,wisata kuliner,Kota Bandung,-6.9026,107.6092,"-6.9026,107.6092","Jl. Burangrang, Lengkong, Kota Bandung",Martabak San Francisco Bandung adalah destinasi kuliner legendaris yang dikenal dengan pilihan martabak manis dan martabak telur.,1,1,1,1,177.51,351,1065000,1040000,420000,30000,2555000,sesuai,1
BDG-TRV-0349,Cimahi,2 hari 1 malam,2,2,1075000,hemat,mobil,standar,kuliner,santai,Sudirman Street Bandung,wisata kuliner,Kota Bandung,-6.9177,107.5969,"-6.9177,107.5969","Jl. Jend. Sudirman, Karanganyar, Astanaanyar, Kota Bandung",Sudirman Street Bandung adalah kawasan kuliner malam yang menawarkan berbagai makanan lokal dan suasana street food kota.,1,1,1,1,8.18,14,49000,320000,280000,30000,679000,sesuai,1
BDG-TRV-0350,Bekasi,1 hari,1,2,2435000,standar,mobil,tanpa penginapan,alam,alam,Orchid Forest Cikole,wisata alam,Kabupaten Bandung Barat,-6.7806,107.6373,"-6.7806,107.6373","Cikole, Lembang, Kabupaten Bandung Barat","Orchid Forest Cikole adalah wisata alam hutan pinus dengan koleksi anggrek, spot foto, dan suasana sejuk di Lembang.",1,1,1,1,174.88,391,1049000,0,140000,60000,1249000,sesuai,1
BDG-TRV-0351,Kabupaten Bandung,2 hari 1 malam,2,2,1308000,hemat,transportasi umum,nyaman,belanja,kuliner,Paskal 23 Bandung,mall,Kota Bandung,-6.9147,107.5918,"-6.9147,107.5918","Jl. Pasir Kaliki No.25-27, Kebon Jeruk, Andir, Kota Bandung",Paskal 23 Bandung adalah pusat perbelanjaan dan kuliner modern yang dekat dengan kawasan stasiun dan pusat kota.,1,1,1,1,36.77,60,132000,520000,280000,20000,952000,sesuai,1
BDG-TRV-0352,Kabupaten Bandung,2 hari 1 malam,2,1,2645000,premium,motor,standar,wisata edukasi,keluarga,Taman Lalu Lintas Bandung,wisata edukasi,Kota Bandung,-6.9128,107.6169,"-6.9128,107.6169","Jl. Belitung No.1, Merdeka, Sumur Bandung, Kota Bandung",Taman Lalu Lintas Bandung adalah tempat wisata edukasi anak dan keluarga untuk mengenal aturan lalu lintas melalui area bermain dan taman kota.,1,1,1,1,24.43,41,68000,320000,140000,25000,553000,sesuai,1
BDG-TRV-0353,Tasikmalaya,2 hari 1 malam,2,1,2156000,standar,mobil,nyaman,kuliner,foto-foto,Cafe D'Pakar Bandung,cafe view,Kota Bandung,-6.8398,107.6537,"-6.8398,107.6537","Dago Pakar, Ciburial, Cimenyan, Bandung","Cafe D'Pakar Bandung adalah tempat wisata kuliner dengan suasana alam sejuk, area outdoor, dan pemandangan pepohonan di kawasan Dago Pakar.",1,1,1,1,118.48,228,711000,520000,140000,20000,1391000,sesuai,1
BDG-TRV-0354,Bekasi,2 hari 1 malam,2,2,2191000,standar,transportasi umum,standar,wisata kuliner,keluarga,Martabak San Francisco Bandung,wisata kuliner,Kota Bandung,-6.9026,107.6092,"-6.9026,107.6092","Jl. Burangrang, Lengkong, Kota Bandung",Martabak San Francisco Bandung adalah destinasi kuliner legendaris yang dikenal dengan pilihan martabak manis dan martabak telur.,1,1,1,1,190.05,287,684000,320000,280000,30000,1314000,sesuai,1
BDG-TRV-0355,Jakarta,1 hari,1,2,897000,hemat,motor,tanpa penginapan,mall,kuliner,Paris Van Java Mall,mall,Kota Bandung,-6.8893,107.5966,"-6.8893,107.5966","Jl. Sukajadi No.131-139, Cipedes, Sukajadi, Kota Bandung","Paris Van Java Mall adalah pusat belanja bergaya terbuka yang menawarkan kuliner, hiburan, fashion, dan suasana santai di Kota Bandung.",1,1,1,1,162.78,297,456000,0,140000,20000,616000,sesuai,1
BDG-TRV-0356,Kota Bandung,2 hari 1 malam,2,3,2430000,standar,mobil,standar,gunung,edukasi,Tangkuban Perahu,gunung,Kabupaten Bandung Barat,-6.7596,107.6098,"-6.7596,107.6098","Cikahuripan, Lembang, Kabupaten Bandung Barat",Tangkuban Perahu adalah kawasan wisata gunung berapi dengan kawah alam yang populer untuk wisata alam dan edukasi geologi.,1,1,1,1,58.02,129,348000,320000,420000,105000,1193000,sesuai,1
BDG-TRV-0357,Tasikmalaya,2 hari 1 malam,2,2,1915000,standar,transportasi umum,nyaman,cafe view,kuliner,Cafe D'Pakar Bandung,cafe view,Kota Bandung,-6.8398,107.6537,"-6.8398,107.6537","Dago Pakar, Ciburial, Cimenyan, Bandung","Cafe D'Pakar Bandung adalah tempat wisata kuliner dengan suasana alam sejuk, area outdoor, dan pemandangan pepohonan di kawasan Dago Pakar.",1,1,1,1,174.56,345,628000,520000,280000,40000,1468000,sesuai,1
BDG-TRV-0358,Garut,3 hari 2 malam,3,5,4493000,premium,motor,hemat,kuliner,sejarah,Cafe D'Pakar Bandung,cafe view,Kota Bandung,-6.8398,107.6537,"-6.8398,107.6537","Dago Pakar, Ciburial, Cimenyan, Bandung","Cafe D'Pakar Bandung adalah tempat wisata kuliner dengan suasana alam sejuk, area outdoor, dan pemandangan pepohonan di kawasan Dago Pakar.",1,0,1,1,76.14,146,213000,360000,1050000,100000,1723000,sesuai,0
BDG-TRV-0359,Kota Bandung,2 hari 1 malam,2,2,705000,hemat,motor,standar,gunung,keluarga,Martabak San Francisco Bandung,wisata kuliner,Kota Bandung,-6.9026,107.6092,"-6.9026,107.6092","Jl. Burangrang, Lengkong, Kota Bandung",Martabak San Francisco Bandung adalah destinasi kuliner legendaris yang dikenal dengan pilihan martabak manis dan martabak telur.,0,1,1,1,23.77,47,67000,320000,280000,30000,697000,sesuai,0
BDG-TRV-0360,Bogor,2 hari 1 malam,2,5,1950000,standar,transportasi umum,hemat,wisata kuliner,santai,Floating Market Lembang,wisata kuliner,Kabupaten Bandung Barat,-6.8167,107.6187,"-6.8167,107.6187","Jl. Grand Hotel No.33E, Lembang, Kabupaten Bandung Barat","Floating Market Lembang menawarkan pengalaman kuliner, wahana keluarga, taman, dan suasana danau di kawasan Lembang.",1,0,1,0,245.61,388,884000,180000,700000,75000,1839000,sesuai,0
BDG-TRV-0361,Jakarta,2 hari 1 malam,2,5,2347000,hemat,mobil,nyaman,wisata kuliner,santai,Martabak San Francisco Bandung,wisata kuliner,Kota Bandung,-6.9026,107.6092,"-6.9026,107.6092","Jl. Burangrang, Lengkong, Kota Bandung",Martabak San Francisco Bandung adalah destinasi kuliner legendaris yang dikenal dengan pilihan martabak manis dan martabak telur.,1,1,0,1,213.28,331,1280000,520000,700000,75000,2575000,melebihi budget,0
BDG-TRV-0362,Bogor,1 hari,1,1,1692000,hemat,mobil,tanpa penginapan,gunung,edukasi,Tangkuban Perahu,gunung,Kabupaten Bandung Barat,-6.7596,107.6098,"-6.7596,107.6098","Cikahuripan, Lembang, Kabupaten Bandung Barat",Tangkuban Perahu adalah kawasan wisata gunung berapi dengan kawah alam yang populer untuk wisata alam dan edukasi geologi.,1,1,1,1,213.75,383,1282000,0,70000,35000,1387000,sesuai,1
BDG-TRV-0363,Garut,2 hari 1 malam,2,2,1723000,standar,transportasi umum,hemat,belanja,belanja,Cihampelas Walk,mall,Kota Bandung,-6.894,107.6042,"-6.894,107.6042","Jl. Cihampelas No.160, Cipaganti, Coblong, Kota Bandung",Cihampelas Walk adalah pusat belanja dan kuliner dengan konsep ruang terbuka yang cocok untuk jalan santai dan hiburan keluarga.,1,1,1,1,95.37,166,343000,180000,280000,20000,823000,sesuai,1
BDG-TRV-0364,Bekasi,3 hari 2 malam,3,3,2359000,standar,mobil,standar,kuliner,santai,Cafe D'Pakar Bandung,cafe view,Kota Bandung,-6.8398,107.6537,"-6.8398,107.6537","Dago Pakar, Ciburial, Cimenyan, Bandung","Cafe D'Pakar Bandung adalah tempat wisata kuliner dengan suasana alam sejuk, area outdoor, dan pemandangan pepohonan di kawasan Dago Pakar.",1,1,1,1,145.27,253,872000,640000,630000,60000,2202000,sesuai,1
BDG-TRV-0365,Tasikmalaya,3 hari 2 malam,3,2,432000,hemat,transportasi umum,nyaman,museum,foto-foto,Museum Konferensi Asia Afrika,museum,Kota Bandung,-6.921,107.6097,"-6.921,107.6097","Jl. Asia Afrika No.65, Braga, Sumur Bandung, Kota Bandung","Museum Konferensi Asia Afrika menyajikan sejarah Konferensi Asia Afrika dan cocok untuk wisata edukasi, sejarah, serta kunjungan pelajar.",1,1,0,0,258.83,495,932000,1040000,420000,30000,2422000,melebihi budget,0
BDG-TRV-0366,Tasikmalaya,2 hari 1 malam,2,3,1527000,hemat,mobil,hemat,wisata edukasi,edukasi,Taman Lalu Lintas Bandung,wisata edukasi,Kota Bandung,-6.9128,107.6169,"-6.9128,107.6169","Jl. Belitung No.1, Merdeka, Sumur Bandung, Kota Bandung",Taman Lalu Lintas Bandung adalah tempat wisata edukasi anak dan keluarga untuk mengenal aturan lalu lintas melalui area bermain dan taman kota.,1,1,1,1,132.02,245,792000,180000,420000,75000,1467000,sesuai,1
BDG-TRV-0367,Depok,3 hari 2 malam,3,4,4781000,premium,transportasi umum,nyaman,wisata alam,alam,Curug Cimahi,wisata alam,Kabupaten Bandung Barat,-6.7986,107.5775,"-6.7986,107.5775","Kertawangi, Cisarua, Kabupaten Bandung Barat",Curug Cimahi adalah wisata air terjun di Bandung Barat dengan jalur trekking ringan dan suasana alam yang sejuk.,1,1,1,1,179.62,337,647000,1040000,840000,120000,2647000,sesuai,1
BDG-TRV-0368,Kabupaten Bandung,2 hari 1 malam,2,2,1081000,hemat,transportasi umum,hemat,wisata alam,alam,Orchid Forest Cikole,wisata alam,Kabupaten Bandung Barat,-6.7806,107.6373,"-6.7806,107.6373","Cikole, Lembang, Kabupaten Bandung Barat","Orchid Forest Cikole adalah wisata alam hutan pinus dengan koleksi anggrek, spot foto, dan suasana sejuk di Lembang.",1,1,1,1,82.05,173,295000,180000,280000,60000,815000,sesuai,1
BDG-TRV-0369,Kota Bandung,4 hari 3 malam,4,1,747000,hemat,motor,standar,kuliner,santai,Sudirman Street Bandung,wisata kuliner,Kota Bandung,-6.9177,107.5969,"-6.9177,107.5969","Jl. Jend. Sudirman, Karanganyar, Astanaanyar, Kota Bandung",Sudirman Street Bandung adalah kawasan kuliner malam yang menawarkan berbagai makanan lokal dan suasana street food kota.,1,1,0,1,23.87,35,67000,960000,280000,15000,1322000,melebihi budget,0
BDG-TRV-0370,Kota Bandung,1 hari,1,4,1744000,standar,motor,tanpa penginapan,wisata edukasi,keluarga,Kawah Putih,wisata alam,Kabupaten Bandung,-7.1662,107.402,"-7.1662,107.402","Sugihmukti, Pasirjambu, Kabupaten Bandung",Kawah Putih adalah wisata alam di Ciwidey dengan danau kawah berwarna putih kehijauan dan panorama pegunungan.,0,0,1,1,56.05,106,157000,0,280000,120000,557000,sesuai,0
BDG-TRV-0371,Tasikmalaya,1 hari,1,5,2529000,standar,mobil,tanpa penginapan,keluarga,santai,Farm House Lembang,wisata tematik,Kabupaten Bandung Barat,-6.8325,107.605,"-6.8325,107.605","Jl. Raya Lembang No.108, Gudangkahuripan, Lembang","Farm House Lembang adalah wisata tematik dengan nuansa Eropa, spot foto, taman, dan area rekreasi keluarga.",1,1,1,1,169.97,384,1020000,0,350000,325000,1695000,sesuai,1
BDG-TRV-0372,Depok,4 hari 3 malam,4,2,1935000,standar,mobil,standar,wisata religi,foto-foto,Masjid Raya Bandung,wisata religi,Kota Bandung,-6.9216,107.6068,"-6.9216,107.6068","Jl. Dalem Kaum, Balonggede, Regol, Kota Bandung",Masjid Raya Bandung merupakan destinasi wisata religi di kawasan Alun-Alun Bandung dengan arsitektur megah dan suasana pusat kota yang ramai.,1,1,0,1,152.88,250,917000,960000,560000,0,2437000,melebihi budget,0
BDG-TRV-0373,Kabupaten Bandung,3 hari 2 malam,3,2,3526000,premium,mobil,hemat,wisata alam,alam,Curug Cimahi,wisata alam,Kabupaten Bandung Barat,-6.7986,107.5775,"-6.7986,107.5775","Kertawangi, Cisarua, Kabupaten Bandung Barat",Curug Cimahi adalah wisata air terjun di Bandung Barat dengan jalur trekking ringan dan suasana alam yang sejuk.,1,1,1,1,66.0,138,396000,360000,420000,60000,1236000,sesuai,1
BDG-TRV-0374,Cimahi,2 hari 1 malam,2,5,1615000,standar,transportasi umum,standar,wisata kuliner,keluarga,Floating Market Lembang,wisata kuliner,Kabupaten Bandung Barat,-6.8167,107.6187,"-6.8167,107.6187","Jl. Grand Hotel No.33E, Lembang, Kabupaten Bandung Barat","Floating Market Lembang menawarkan pengalaman kuliner, wahana keluarga, taman, dan suasana danau di kawasan Lembang.",1,1,0,1,172.19,344,620000,320000,700000,75000,1715000,melebihi budget,0
BDG-TRV-0375,Depok,1 hari,1,2,4807000,premium,motor,tanpa penginapan,alam,healing,Curug Cimahi,wisata alam,Kabupaten Bandung Barat,-6.7986,107.5775,"-6.7986,107.5775","Kertawangi, Cisarua, Kabupaten Bandung Barat",Curug Cimahi adalah wisata air terjun di Bandung Barat dengan jalur trekking ringan dan suasana alam yang sejuk.,1,1,1,1,208.06,338,583000,0,140000,60000,783000,sesuai,1
BDG-TRV-0376,Garut,3 hari 2 malam,3,5,2514000,hemat,motor,hemat,wisata alam,foto-foto,Kawah Putih,wisata alam,Kabupaten Bandung,-7.1662,107.402,"-7.1662,107.402","Sugihmukti, Pasirjambu, Kabupaten Bandung",Kawah Putih adalah wisata alam di Ciwidey dengan danau kawah berwarna putih kehijauan dan panorama pegunungan.,1,1,1,1,151.88,229,425000,360000,1050000,150000,1985000,sesuai,1
BDG-TRV-0377,Cimahi,3 hari 2 malam,3,5,384000,hemat,motor,hemat,mall,kuliner,Martabak San Francisco Bandung,wisata kuliner,Kota Bandung,-6.9026,107.6092,"-6.9026,107.6092","Jl. Burangrang, Lengkong, Kota Bandung",Martabak San Francisco Bandung adalah destinasi kuliner legendaris yang dikenal dengan pilihan martabak manis dan martabak telur.,0,1,0,1,28.92,60,81000,360000,1050000,75000,1566000,melebihi budget,0
BDG-TRV-0378,Tasikmalaya,2 hari 1 malam,2,3,2865000,premium,motor,nyaman,alam,edukasi,Tangkuban Perahu,gunung,Kabupaten Bandung Barat,-6.7596,107.6098,"-6.7596,107.6098","Cikahuripan, Lembang, Kabupaten Bandung Barat",Tangkuban Perahu adalah kawasan wisata gunung berapi dengan kawah alam yang populer untuk wisata alam dan edukasi geologi.,1,1,1,1,175.89,404,492000,520000,420000,105000,1537000,sesuai,1
BDG-TRV-0379,Depok,2 hari 1 malam,2,2,2415000,standar,transportasi umum,nyaman,gunung,santai,Kawah Putih,wisata alam,Kabupaten Bandung,-7.1662,107.402,"-7.1662,107.402","Sugihmukti, Pasirjambu, Kabupaten Bandung",Kawah Putih adalah wisata alam di Ciwidey dengan danau kawah berwarna putih kehijauan dan panorama pegunungan.,0,0,1,0,256.18,421,922000,520000,280000,60000,1782000,sesuai,0
BDG-TRV-0380,Garut,2 hari 1 malam,2,5,4091000,premium,motor,standar,wisata kuliner,kuliner,Floating Market Lembang,wisata kuliner,Kabupaten Bandung Barat,-6.8167,107.6187,"-6.8167,107.6187","Jl. Grand Hotel No.33E, Lembang, Kabupaten Bandung Barat","Floating Market Lembang menawarkan pengalaman kuliner, wahana keluarga, taman, dan suasana danau di kawasan Lembang.",1,1,1,1,122.15,280,342000,320000,700000,75000,1437000,sesuai,1
BDG-TRV-0381,Depok,2 hari 1 malam,2,5,4828000,premium,motor,standar,kuliner,kuliner,Sudirman Street Bandung,wisata kuliner,Kota Bandung,-6.9177,107.5969,"-6.9177,107.5969","Jl. Jend. Sudirman, Karanganyar, Astanaanyar, Kota Bandung",Sudirman Street Bandung adalah kawasan kuliner malam yang menawarkan berbagai makanan lokal dan suasana street food kota.,1,1,1,1,220.96,502,619000,320000,700000,75000,1714000,sesuai,1
BDG-TRV-0382,Bogor,3 hari 2 malam,3,5,2074000,standar,motor,hemat,belanja,santai,Cihampelas Walk,mall,Kota Bandung,-6.894,107.6042,"-6.894,107.6042","Jl. Cihampelas No.160, Cipaganti, Coblong, Kota Bandung",Cihampelas Walk adalah pusat belanja dan kuliner dengan konsep ruang terbuka yang cocok untuk jalan santai dan hiburan keluarga.,1,1,1,1,187.93,356,526000,360000,1050000,50000,1986000,sesuai,1
BDG-TRV-0383,Bekasi,3 hari 2 malam,3,4,780000,hemat,transportasi umum,nyaman,edukasi,santai,Jendela Alam,wisata edukasi,Kabupaten Bandung Barat,-6.8287,107.5976,"-6.8287,107.5976","Komplek Graha Puspa, Lembang, Kabupaten Bandung Barat","Jendela Alam adalah wisata edukasi keluarga yang mengenalkan aktivitas pertanian, peternakan, dan lingkungan alam.",1,0,0,1,191.39,309,689000,1040000,840000,100000,2669000,melebihi budget,0
BDG-TRV-0384,Kota Bandung,3 hari 2 malam,3,1,1618000,standar,mobil,nyaman,kuliner,kuliner,Cafe D'Pakar Bandung,cafe view,Kota Bandung,-6.8398,107.6537,"-6.8398,107.6537","Dago Pakar, Ciburial, Cimenyan, Bandung","Cafe D'Pakar Bandung adalah tempat wisata kuliner dengan suasana alam sejuk, area outdoor, dan pemandangan pepohonan di kawasan Dago Pakar.",1,1,1,1,9.72,22,58000,1040000,210000,20000,1328000,sesuai,1
BDG-TRV-0385,Depok,2 hari 1 malam,2,3,1669000,hemat,motor,hemat,kuliner,kuliner,Sudirman Street Bandung,wisata kuliner,Kota Bandung,-6.9177,107.5969,"-6.9177,107.5969","Jl. Jend. Sudirman, Karanganyar, Astanaanyar, Kota Bandung",Sudirman Street Bandung adalah kawasan kuliner malam yang menawarkan berbagai makanan lokal dan suasana street food kota.,1,1,1,1,229.39,406,642000,180000,420000,45000,1287000,sesuai,1
BDG-TRV-0386,Bogor,2 hari 1 malam,2,5,4678000,premium,mobil,nyaman,museum,healing,Tebing Keraton,wisata alam,Kabupaten Bandung Barat,-6.8341,107.6635,"-6.8341,107.6635","Ciburial, Cimenyan, Kabupaten Bandung Barat",Tebing Keraton adalah destinasi wisata alam dengan pemandangan hutan dan perbukitan yang cocok untuk foto dan menikmati udara sejuk.,0,1,1,0,276.45,546,1659000,520000,700000,150000,3029000,sesuai,0
BDG-TRV-0387,Bogor,1 hari,1,5,671000,hemat,mobil,tanpa penginapan,kebun binatang,foto-foto,Tebing Keraton,wisata alam,Kabupaten Bandung Barat,-6.8341,107.6635,"-6.8341,107.6635","Ciburial, Cimenyan, Kabupaten Bandung Barat",Tebing Keraton adalah destinasi wisata alam dengan pemandangan hutan dan perbukitan yang cocok untuk foto dan menikmati udara sejuk.,0,1,0,0,214.39,379,1286000,0,350000,150000,1786000,melebihi budget,0
BDG-TRV-0388,Kabupaten Bandung,1 hari,1,2,903000,hemat,motor,tanpa penginapan,alam,alam,Situ Patenggang,wisata alam,Kabupaten Bandung,-7.166,107.3589,"-7.166,107.3589","Patengan, Rancabali, Kabupaten Bandung","Situ Patenggang adalah danau wisata di kawasan Ciwidey yang cocok untuk menikmati alam, berfoto, dan rekreasi keluarga.",1,1,1,1,63.97,102,179000,0,140000,60000,379000,sesuai,1
BDG-TRV-0389,Depok,1 hari,1,3,3573000,premium,mobil,tanpa penginapan,museum,alam,Tangkuban Perahu,gunung,Kabupaten Bandung Barat,-6.7596,107.6098,"-6.7596,107.6098","Cikahuripan, Lembang, Kabupaten Bandung Barat",Tangkuban Perahu adalah kawasan wisata gunung berapi dengan kawah alam yang populer untuk wisata alam dan edukasi geologi.,0,1,1,0,275.21,581,1651000,0,210000,105000,1966000,sesuai,0
BDG-TRV-0390,Cimahi,1 hari,1,2,2202000,standar,transportasi umum,tanpa penginapan,wisata alam,foto-foto,Orchid Forest Cikole,wisata alam,Kabupaten Bandung Barat,-6.7806,107.6373,"-6.7806,107.6373","Cikole, Lembang, Kabupaten Bandung Barat","Orchid Forest Cikole adalah wisata alam hutan pinus dengan koleksi anggrek, spot foto, dan suasana sejuk di Lembang.",1,1,1,1,42.53,97,153000,0,140000,60000,353000,sesuai,1
BDG-TRV-0391,Garut,2 hari 1 malam,2,2,2656000,premium,mobil,standar,mall,santai,Cihampelas Walk,mall,Kota Bandung,-6.894,107.6042,"-6.894,107.6042","Jl. Cihampelas No.160, Cipaganti, Coblong, Kota Bandung",Cihampelas Walk adalah pusat belanja dan kuliner dengan konsep ruang terbuka yang cocok untuk jalan santai dan hiburan keluarga.,1,1,1,1,72.96,154,438000,320000,280000,20000,1058000,sesuai,1
BDG-TRV-0392,Bogor,4 hari 3 malam,4,5,2407000,standar,motor,hemat,kebun binatang,santai,Kebun Binatang Bandung,kebun binatang,Kota Bandung,-6.8902,107.607,"-6.8902,107.607","Jl. Tamansari No.71, Lebak Siliwangi, Coblong, Kota Bandung",Kebun Binatang Bandung adalah wisata edukasi keluarga yang menampilkan berbagai satwa dan area rekreasi di kawasan Tamansari.,1,1,0,1,192.47,359,539000,540000,1400000,250000,2729000,melebihi budget,0
BDG-TRV-0393,Cimahi,2 hari 1 malam,2,2,1532000,standar,motor,standar,alam,alam,Orchid Forest Cikole,wisata alam,Kabupaten Bandung Barat,-6.7806,107.6373,"-6.7806,107.6373","Cikole, Lembang, Kabupaten Bandung Barat","Orchid Forest Cikole adalah wisata alam hutan pinus dengan koleksi anggrek, spot foto, dan suasana sejuk di Lembang.",1,1,1,1,70.81,138,198000,320000,280000,60000,858000,sesuai,1
BDG-TRV-0394,Cimahi,3 hari 2 malam,3,5,2044000,standar,motor,hemat,wisata alam,healing,Curug Cimahi,wisata alam,Kabupaten Bandung Barat,-6.7986,107.5775,"-6.7986,107.5775","Kertawangi, Cisarua, Kabupaten Bandung Barat",Curug Cimahi adalah wisata air terjun di Bandung Barat dengan jalur trekking ringan dan suasana alam yang sejuk.,1,1,1,1,67.72,144,190000,360000,1050000,150000,1750000,sesuai,1
BDG-TRV-0395,Garut,2 hari 1 malam,2,2,1016000,standar,transportasi umum,standar,wisata religi,belanja,Jendela Alam,wisata edukasi,Kabupaten Bandung Barat,-6.8287,107.5976,"-6.8287,107.5976","Komplek Graha Puspa, Lembang, Kabupaten Bandung Barat","Jendela Alam adalah wisata edukasi keluarga yang mengenalkan aktivitas pertanian, peternakan, dan lingkungan alam.",0,0,0,1,132.31,284,476000,320000,280000,50000,1126000,melebihi budget,0
BDG-TRV-0396,Bogor,4 hari 3 malam,4,1,3500000,premium,transportasi umum,standar,wisata edukasi,sejarah,Gedung Sate,wisata edukasi,Kota Bandung,-6.9025,107.6188,"-6.9025,107.6188","Jl. Diponegoro No.22, Citarum, Bandung Wetan, Kota Bandung",Gedung Sate adalah ikon Kota Bandung yang dikenal sebagai bangunan bersejarah dengan arsitektur khas dan nilai edukasi sejarah pemerintahan Jawa Barat.,1,1,1,1,170.16,260,613000,960000,280000,25000,1878000,sesuai,1
BDG-TRV-0397,Depok,4 hari 3 malam,4,2,2198000,standar,mobil,standar,wisata edukasi,budaya,Saung Angklung Udjo,wisata edukasi,Kota Bandung,-6.8992,107.6542,"-6.8992,107.6542","Jl. Padasuka No.118, Pasirlayung, Cibeunying Kidul, Kota Bandung","Saung Angklung Udjo adalah destinasi budaya dan edukasi yang menampilkan pertunjukan angklung, seni Sunda, dan aktivitas keluarga.",1,1,0,1,194.97,367,1170000,960000,560000,50000,2740000,melebihi budget,0
BDG-TRV-0398,Bekasi,2 hari 1 malam,2,1,1950000,standar,motor,nyaman,wisata religi,santai,The Lodge Maribaya,wisata alam,Kabupaten Bandung Barat,-6.8294,107.6875,"-6.8294,107.6875","Cibodas, Lembang, Kabupaten Bandung Barat","The Lodge Maribaya adalah destinasi alam dengan wahana foto, pemandangan hutan pinus, dan aktivitas rekreasi keluarga.",0,0,1,1,151.78,271,425000,520000,140000,30000,1115000,sesuai,0
BDG-TRV-0399,Bekasi,2 hari 1 malam,2,1,1979000,standar,motor,nyaman,wisata kota,foto-foto,Museum Geologi Bandung,museum,Kota Bandung,-6.9007,107.6215,"-6.9007,107.6215","Jl. Diponegoro No.57, Cihaur Geulis, Cibeunying Kaler, Kota Bandung","Museum Geologi Bandung adalah destinasi edukasi yang menampilkan koleksi batuan, mineral, fosil, dan informasi sejarah bumi.",0,0,1,1,177.39,401,497000,520000,140000,15000,1172000,sesuai,0
BDG-TRV-0400,Bekasi,4 hari 3 malam,4,5,2641000,standar,motor,standar,mall,keluarga,Trans Studio Mall Bandung,mall,Kota Bandung,-6.9254,107.6358,"-6.9254,107.6358","Jl. Gatot Subroto No.289, Cibangkong, Batununggal, Kota Bandung",Trans Studio Mall Bandung adalah pusat perbelanjaan dan hiburan indoor yang terhubung dengan kawasan Trans Studio Bandung.,1,1,0,1,179.29,322,502000,960000,1400000,50000,2912000,melebihi budget,0
BDG-TRV-0401,Garut,3 hari 2 malam,3,2,2648000,hemat,mobil,nyaman,edukasi,keluarga,Kebun Binatang Bandung,kebun binatang,Kota Bandung,-6.8902,107.607,"-6.8902,107.607","Jl. Tamansari No.71, Lebak Siliwangi, Coblong, Kota Bandung",Kebun Binatang Bandung adalah wisata edukasi keluarga yang menampilkan berbagai satwa dan area rekreasi di kawasan Tamansari.,1,1,1,1,78.79,156,473000,1040000,420000,100000,2033000,sesuai,1
BDG-TRV-0402,Garut,1 hari,1,2,800000,standar,mobil,tanpa penginapan,wisata alam,foto-foto,Kawah Putih,wisata alam,Kabupaten Bandung,-7.1662,107.402,"-7.1662,107.402","Sugihmukti, Pasirjambu, Kabupaten Bandung",Kawah Putih adalah wisata alam di Ciwidey dengan danau kawah berwarna putih kehijauan dan panorama pegunungan.,1,1,0,0,127.68,233,766000,0,140000,60000,966000,melebihi budget,0
BDG-TRV-0403,Tasikmalaya,1 hari,1,4,4393000,premium,mobil,tanpa penginapan,alam,edukasi,Tangkuban Perahu,gunung,Kabupaten Bandung Barat,-6.7596,107.6098,"-6.7596,107.6098","Cikahuripan, Lembang, Kabupaten Bandung Barat",Tangkuban Perahu adalah kawasan wisata gunung berapi dengan kawah alam yang populer untuk wisata alam dan edukasi geologi.,1,1,1,0,333.31,765,2000000,0,280000,140000,2420000,sesuai,0
BDG-TRV-0404,Cimahi,2 hari 1 malam,2,1,505000,hemat,transportasi umum,standar,kuliner,religi,Martabak San Francisco Bandung,wisata kuliner,Kota Bandung,-6.9026,107.6092,"-6.9026,107.6092","Jl. Burangrang, Lengkong, Kota Bandung",Martabak San Francisco Bandung adalah destinasi kuliner legendaris yang dikenal dengan pilihan martabak manis dan martabak telur.,1,0,1,1,8.03,13,29000,320000,140000,15000,504000,sesuai,0
BDG-TRV-0405,Kota Bandung,3 hari 2 malam,3,5,365000,hemat,transportasi umum,nyaman,gunung,religi,Cihampelas Walk,mall,Kota Bandung,-6.894,107.6042,"-6.894,107.6042","Jl. Cihampelas No.160, Cipaganti, Coblong, Kota Bandung",Cihampelas Walk adalah pusat belanja dan kuliner dengan konsep ruang terbuka yang cocok untuk jalan santai dan hiburan keluarga.,0,0,0,1,14.59,27,53000,1040000,1050000,50000,2193000,melebihi budget,0
BDG-TRV-0406,Depok,3 hari 2 malam,3,3,3433000,premium,transportasi umum,hemat,wisata religi,foto-foto,Masjid Raya Bandung,wisata religi,Kota Bandung,-6.9216,107.6068,"-6.9216,107.6068","Jl. Dalem Kaum, Balonggede, Regol, Kota Bandung",Masjid Raya Bandung merupakan destinasi wisata religi di kawasan Alun-Alun Bandung dengan arsitektur megah dan suasana pusat kota yang ramai.,1,1,1,1,206.65,404,744000,360000,630000,0,1734000,sesuai,1
BDG-TRV-0407,Garut,2 hari 1 malam,2,2,3739000,premium,motor,standar,alam,kuliner,Situ Patenggang,wisata alam,Kabupaten Bandung,-7.166,107.3589,"-7.166,107.3589","Patengan, Rancabali, Kabupaten Bandung","Situ Patenggang adalah danau wisata di kawasan Ciwidey yang cocok untuk menikmati alam, berfoto, dan rekreasi keluarga.",1,0,1,1,135.66,280,380000,320000,280000,60000,1040000,sesuai,0
BDG-TRV-0408,Garut,2 hari 1 malam,2,3,2866000,premium,transportasi umum,standar,mall,belanja,Trans Studio Mall Bandung,mall,Kota Bandung,-6.9254,107.6358,"-6.9254,107.6358","Jl. Gatot Subroto No.289, Cibangkong, Batununggal, Kota Bandung",Trans Studio Mall Bandung adalah pusat perbelanjaan dan hiburan indoor yang terhubung dengan kawasan Trans Studio Bandung.,1,1,1,1,117.27,251,422000,320000,420000,30000,1192000,sesuai,1
BDG-TRV-0409,Depok,3 hari 2 malam,3,2,3825000,premium,transportasi umum,hemat,wisata religi,keluarga,Floating Market Lembang,wisata kuliner,Kabupaten Bandung Barat,-6.8167,107.6187,"-6.8167,107.6187","Jl. Grand Hotel No.33E, Lembang, Kabupaten Bandung Barat","Floating Market Lembang menawarkan pengalaman kuliner, wahana keluarga, taman, dan suasana danau di kawasan Lembang.",0,1,1,0,238.81,378,860000,360000,420000,30000,1670000,sesuai,0
BDG-TRV-0410,Kota Bandung,3 hari 2 malam,3,1,2297000,premium,mobil,nyaman,wisata kuliner,foto-foto,Sudirman Street Bandung,wisata kuliner,Kota Bandung,-6.9177,107.5969,"-6.9177,107.5969","Jl. Jend. Sudirman, Karanganyar, Astanaanyar, Kota Bandung",Sudirman Street Bandung adalah kawasan kuliner malam yang menawarkan berbagai makanan lokal dan suasana street food kota.,1,1,0,1,188.71,315,1132000,1040000,210000,15000,2397000,melebihi budget,0
BDG-TRV-0411,Garut,3 hari 2 malam,3,2,672000,hemat,transportasi umum,standar,wisata edukasi,foto-foto,Taman Lalu Lintas Bandung,wisata edukasi,Kota Bandung,-6.9128,107.6169,"-6.9128,107.6169","Jl. Belitung No.1, Merdeka, Sumur Bandung, Kota Bandung",Taman Lalu Lintas Bandung adalah tempat wisata edukasi anak dan keluarga untuk mengenal aturan lalu lintas melalui area bermain dan taman kota.,1,0,0,1,107.22,171,386000,640000,420000,50000,1496000,melebihi budget,0
BDG-TRV-0412,Cimahi,1 hari,1,4,666000,hemat,motor,tanpa penginapan,wisata alam,healing,Orchid Forest Cikole,wisata alam,Kabupaten Bandung Barat,-6.7806,107.6373,"-6.7806,107.6373","Cikole, Lembang, Kabupaten Bandung Barat","Orchid Forest Cikole adalah wisata alam hutan pinus dengan koleksi anggrek, spot foto, dan suasana sejuk di Lembang.",1,1,0,0,191.67,331,537000,0,280000,120000,937000,melebihi budget,0
BDG-TRV-0413,Kabupaten Bandung,2 hari 1 malam,2,5,4819000,premium,transportasi umum,standar,keluarga,religi,Dago Dreampark,wisata tematik,Kabupaten Bandung Barat,-6.8486,107.6246,"-6.8486,107.6246","Jl. Dago Giri, Mekarwangi, Lembang, Kabupaten Bandung Barat","Dago Dreampark adalah wisata tematik keluarga dengan wahana permainan, spot foto, dan suasana alam di kawasan Lembang.",1,0,1,1,96.08,199,346000,320000,700000,325000,1691000,sesuai,0
BDG-TRV-0414,Jakarta,1 hari,1,4,716000,standar,transportasi umum,tanpa penginapan,kuliner,foto-foto,Floating Market Lembang,wisata kuliner,Kabupaten Bandung Barat,-6.8167,107.6187,"-6.8167,107.6187","Jl. Grand Hotel No.33E, Lembang, Kabupaten Bandung Barat","Floating Market Lembang menawarkan pengalaman kuliner, wahana keluarga, taman, dan suasana danau di kawasan Lembang.",1,1,0,0,222.5,385,801000,0,280000,60000,1141000,melebihi budget,0
BDG-TRV-0415,Bekasi,2 hari 1 malam,2,1,834000,premium,motor,nyaman,gunung,edukasi,Tangkuban Perahu,gunung,Kabupaten Bandung Barat,-6.7596,107.6098,"-6.7596,107.6098","Cikahuripan, Lembang, Kabupaten Bandung Barat",Tangkuban Perahu adalah kawasan wisata gunung berapi dengan kawah alam yang populer untuk wisata alam dan edukasi geologi.,1,1,0,1,185.54,297,520000,520000,140000,35000,1215000,melebihi budget,0
BDG-TRV-0416,Garut,3 hari 2 malam,3,4,2152000,hemat,motor,standar,museum,sejarah,Museum Geologi Bandung,museum,Kota Bandung,-6.9007,107.6215,"-6.9007,107.6215","Jl. Diponegoro No.57, Cihaur Geulis, Cibeunying Kaler, Kota Bandung","Museum Geologi Bandung adalah destinasi edukasi yang menampilkan koleksi batuan, mineral, fosil, dan informasi sejarah bumi.",1,1,1,1,90.36,143,253000,640000,840000,60000,1793000,sesuai,1
BDG-TRV-0417,Bogor,2 hari 1 malam,2,1,2541000,standar,mobil,nyaman,alam,keluarga,Dusun Bambu,wisata alam,Kabupaten Bandung Barat,-6.789,107.5788,"-6.789,107.5788","Jl. Kolonel Masturi KM 11, Cisarua, Kabupaten Bandung Barat","Dusun Bambu adalah destinasi wisata alam dan kuliner keluarga dengan pemandangan pegunungan, taman, dan area rekreasi.",1,1,1,1,216.55,459,1299000,520000,140000,30000,1989000,sesuai,1
BDG-TRV-0418,Bekasi,1 hari,1,4,3194000,premium,motor,tanpa penginapan,wisata religi,budaya,Kawah Putih,wisata alam,Kabupaten Bandung,-7.1662,107.402,"-7.1662,107.402","Sugihmukti, Pasirjambu, Kabupaten Bandung",Kawah Putih adalah wisata alam di Ciwidey dengan danau kawah berwarna putih kehijauan dan panorama pegunungan.,0,0,1,0,209.62,397,587000,0,280000,120000,987000,sesuai,0
BDG-TRV-0419,Bogor,2 hari 1 malam,2,2,1346000,premium,mobil,standar,edukasi,edukasi,Museum Konferensi Asia Afrika,museum,Kota Bandung,-6.921,107.6097,"-6.921,107.6097","Jl. Asia Afrika No.65, Braga, Sumur Bandung, Kota Bandung","Museum Konferensi Asia Afrika menyajikan sejarah Konferensi Asia Afrika dan cocok untuk wisata edukasi, sejarah, serta kunjungan pelajar.",1,1,0,1,191.51,302,1149000,320000,280000,30000,1779000,melebihi budget,0
BDG-TRV-0420,Tasikmalaya,4 hari 3 malam,4,1,1273000,standar,mobil,nyaman,cafe view,alam,Cafe D'Pakar Bandung,cafe view,Kota Bandung,-6.8398,107.6537,"-6.8398,107.6537","Dago Pakar, Ciburial, Cimenyan, Bandung","Cafe D'Pakar Bandung adalah tempat wisata kuliner dengan suasana alam sejuk, area outdoor, dan pemandangan pepohonan di kawasan Dago Pakar.",1,0,0,1,144.59,302,868000,1560000,280000,20000,2728000,melebihi budget,0
BDG-TRV-0421,Bogor,1 hari,1,1,3394000,premium,motor,tanpa penginapan,wisata kota,keluarga,Alun-Alun Bandung,wisata kota,Kota Bandung,-6.9218,107.6071,"-6.9218,107.6071","Jl. Asia Afrika, Balonggede, Regol, Kota Bandung","Alun-Alun Bandung adalah ruang publik ikonik di pusat Kota Bandung yang cocok untuk bersantai, berfoto, dan menikmati suasana kota dekat Masjid Raya Bandung.",1,1,1,1,197.66,395,553000,0,70000,5000,628000,sesuai,1
BDG-TRV-0422,Bogor,3 hari 2 malam,3,2,360000,hemat,mobil,hemat,kuliner,belanja,Martabak San Francisco Bandung,wisata kuliner,Kota Bandung,-6.9026,107.6092,"-6.9026,107.6092","Jl. Burangrang, Lengkong, Kota Bandung",Martabak San Francisco Bandung adalah destinasi kuliner legendaris yang dikenal dengan pilihan martabak manis dan martabak telur.,1,0,0,1,172.21,309,1033000,360000,420000,30000,1843000,melebihi budget,0
BDG-TRV-0423,Jakarta,4 hari 3 malam,4,5,3796000,premium,mobil,hemat,wisata tematik,keluarga,Floating Market Lembang,wisata kuliner,Kabupaten Bandung Barat,-6.8167,107.6187,"-6.8167,107.6187","Jl. Grand Hotel No.33E, Lembang, Kabupaten Bandung Barat","Floating Market Lembang menawarkan pengalaman kuliner, wahana keluarga, taman, dan suasana danau di kawasan Lembang.",0,1,1,1,227.37,495,1364000,540000,1400000,75000,3379000,sesuai,0
BDG-TRV-0424,Kota Bandung,3 hari 2 malam,3,2,2156000,standar,mobil,standar,alam,kuliner,Orchid Forest Cikole,wisata alam,Kabupaten Bandung Barat,-6.7806,107.6373,"-6.7806,107.6373","Cikole, Lembang, Kabupaten Bandung Barat","Orchid Forest Cikole adalah wisata alam hutan pinus dengan koleksi anggrek, spot foto, dan suasana sejuk di Lembang.",1,0,1,1,69.36,106,416000,640000,420000,60000,1536000,sesuai,0
BDG-TRV-0425,Jakarta,4 hari 3 malam,4,2,2807000,standar,motor,standar,keluarga,foto-foto,Dago Dreampark,wisata tematik,Kabupaten Bandung Barat,-6.8486,107.6246,"-6.8486,107.6246","Jl. Dago Giri, Mekarwangi, Lembang, Kabupaten Bandung Barat","Dago Dreampark adalah wisata tematik keluarga dengan wahana permainan, spot foto, dan suasana alam di kawasan Lembang.",1,1,1,1,219.5,420,615000,960000,560000,130000,2265000,sesuai,1
BDG-TRV-0426,Kota Bandung,1 hari,1,2,2039000,standar,transportasi umum,tanpa penginapan,kebun binatang,santai,Kebun Binatang Bandung,kebun binatang,Kota Bandung,-6.8902,107.607,"-6.8902,107.607","Jl. Tamansari No.71, Lebak Siliwangi, Coblong, Kota Bandung",Kebun Binatang Bandung adalah wisata edukasi keluarga yang menampilkan berbagai satwa dan area rekreasi di kawasan Tamansari.,1,1,1,1,5.25,11,19000,0,140000,100000,259000,sesuai,1
BDG-TRV-0427,Kota Bandung,3 hari 2 malam,3,4,1593000,standar,motor,hemat,wisata alam,alam,Kawah Putih,wisata alam,Kabupaten Bandung,-7.1662,107.402,"-7.1662,107.402","Sugihmukti, Pasirjambu, Kabupaten Bandung",Kawah Putih adalah wisata alam di Ciwidey dengan danau kawah berwarna putih kehijauan dan panorama pegunungan.,1,1,1,1,42.17,81,118000,360000,840000,120000,1438000,sesuai,1
BDG-TRV-0428,Kabupaten Bandung,2 hari 1 malam,2,4,4928000,premium,transportasi umum,nyaman,wisata kuliner,santai,Martabak San Francisco Bandung,wisata kuliner,Kota Bandung,-6.9026,107.6092,"-6.9026,107.6092","Jl. Burangrang, Lengkong, Kota Bandung",Martabak San Francisco Bandung adalah destinasi kuliner legendaris yang dikenal dengan pilihan martabak manis dan martabak telur.,1,1,1,1,40.82,86,147000,520000,560000,60000,1287000,sesuai,1
BDG-TRV-0429,Depok,3 hari 2 malam,3,4,3980000,premium,transportasi umum,hemat,wisata kuliner,foto-foto,Sudirman Street Bandung,wisata kuliner,Kota Bandung,-6.9177,107.5969,"-6.9177,107.5969","Jl. Jend. Sudirman, Karanganyar, Astanaanyar, Kota Bandung",Sudirman Street Bandung adalah kawasan kuliner malam yang menawarkan berbagai makanan lokal dan suasana street food kota.,1,1,1,1,170.13,387,612000,360000,840000,60000,1872000,sesuai,1
BDG-TRV-0430,Kabupaten Bandung,3 hari 2 malam,3,5,903000,hemat,mobil,hemat,mall,sejarah,Paris Van Java Mall,mall,Kota Bandung,-6.8893,107.5966,"-6.8893,107.5966","Jl. Sukajadi No.131-139, Cipedes, Sukajadi, Kota Bandung","Paris Van Java Mall adalah pusat belanja bergaya terbuka yang menawarkan kuliner, hiburan, fashion, dan suasana santai di Kota Bandung.",1,0,0,1,37.97,86,228000,360000,1050000,50000,1688000,melebihi budget,0
BDG-TRV-0431,Kota Bandung,2 hari 1 malam,2,1,2458000,standar,mobil,hemat,kuliner,foto-foto,Cafe D'Pakar Bandung,cafe view,Kota Bandung,-6.8398,107.6537,"-6.8398,107.6537","Dago Pakar, Ciburial, Cimenyan, Bandung","Cafe D'Pakar Bandung adalah tempat wisata kuliner dengan suasana alam sejuk, area outdoor, dan pemandangan pepohonan di kawasan Dago Pakar.",1,1,1,1,18.35,42,110000,180000,140000,20000,450000,sesuai,1
BDG-TRV-0432,Garut,3 hari 2 malam,3,5,1628000,standar,motor,hemat,wisata edukasi,alam,Jendela Alam,wisata edukasi,Kabupaten Bandung Barat,-6.8287,107.5976,"-6.8287,107.5976","Komplek Graha Puspa, Lembang, Kabupaten Bandung Barat","Jendela Alam adalah wisata edukasi keluarga yang mengenalkan aktivitas pertanian, peternakan, dan lingkungan alam.",1,1,0,1,212.63,372,595000,360000,1050000,125000,2130000,melebihi budget,0
BDG-TRV-0433,Bekasi,3 hari 2 malam,3,1,2758000,premium,transportasi umum,hemat,kuliner,foto-foto,Cafe D'Pakar Bandung,cafe view,Kota Bandung,-6.8398,107.6537,"-6.8398,107.6537","Dago Pakar, Ciburial, Cimenyan, Bandung","Cafe D'Pakar Bandung adalah tempat wisata kuliner dengan suasana alam sejuk, area outdoor, dan pemandangan pepohonan di kawasan Dago Pakar.",1,1,1,1,186.98,395,673000,360000,210000,20000,1263000,sesuai,1
BDG-TRV-0434,Bekasi,4 hari 3 malam,4,2,3853000,premium,mobil,nyaman,wisata kuliner,kuliner,Floating Market Lembang,wisata kuliner,Kabupaten Bandung Barat,-6.8167,107.6187,"-6.8167,107.6187","Jl. Grand Hotel No.33E, Lembang, Kabupaten Bandung Barat","Floating Market Lembang menawarkan pengalaman kuliner, wahana keluarga, taman, dan suasana danau di kawasan Lembang.",1,1,1,1,223.72,464,1342000,1560000,560000,30000,3492000,sesuai,1
BDG-TRV-0435,Bogor,2 hari 1 malam,2,1,2061000,standar,mobil,standar,wisata alam,edukasi,Kebun Binatang Bandung,kebun binatang,Kota Bandung,-6.8902,107.607,"-6.8902,107.607","Jl. Tamansari No.71, Lebak Siliwangi, Coblong, Kota Bandung",Kebun Binatang Bandung adalah wisata edukasi keluarga yang menampilkan berbagai satwa dan area rekreasi di kawasan Tamansari.,0,1,1,1,205.9,466,1235000,320000,140000,50000,1745000,sesuai,0
BDG-TRV-0436,Kabupaten Bandung,2 hari 1 malam,2,4,2258000,standar,transportasi umum,standar,wisata tematik,foto-foto,Tangkuban Perahu,gunung,Kabupaten Bandung Barat,-6.7596,107.6098,"-6.7596,107.6098","Cikahuripan, Lembang, Kabupaten Bandung Barat",Tangkuban Perahu adalah kawasan wisata gunung berapi dengan kawah alam yang populer untuk wisata alam dan edukasi geologi.,0,1,1,1,66.9,139,241000,320000,560000,140000,1261000,sesuai,0
BDG-TRV-0437,Bogor,3 hari 2 malam,3,5,1723000,premium,transportasi umum,hemat,edukasi,keluarga,Museum Geologi Bandung,museum,Kota Bandung,-6.9007,107.6215,"-6.9007,107.6215","Jl. Diponegoro No.57, Cihaur Geulis, Cibeunying Kaler, Kota Bandung","Museum Geologi Bandung adalah destinasi edukasi yang menampilkan koleksi batuan, mineral, fosil, dan informasi sejarah bumi.",1,1,0,1,182.3,287,656000,360000,1050000,75000,2141000,melebihi budget,0
BDG-TRV-0438,Kota Bandung,2 hari 1 malam,2,2,4188000,premium,transportasi umum,nyaman,kuliner,santai,Cafe D'Pakar Bandung,cafe view,Kota Bandung,-6.8398,107.6537,"-6.8398,107.6537","Dago Pakar, Ciburial, Cimenyan, Bandung","Cafe D'Pakar Bandung adalah tempat wisata kuliner dengan suasana alam sejuk, area outdoor, dan pemandangan pepohonan di kawasan Dago Pakar.",1,1,1,1,23.42,43,84000,520000,280000,40000,924000,sesuai,1
BDG-TRV-0439,Garut,3 hari 2 malam,3,5,2370000,hemat,motor,hemat,wisata alam,alam,The Lodge Maribaya,wisata alam,Kabupaten Bandung Barat,-6.8294,107.6875,"-6.8294,107.6875","Cibodas, Lembang, Kabupaten Bandung Barat","The Lodge Maribaya adalah destinasi alam dengan wahana foto, pemandangan hutan pinus, dan aktivitas rekreasi keluarga.",1,1,1,1,115.78,260,324000,360000,1050000,150000,1884000,sesuai,1
BDG-TRV-0440,Kabupaten Bandung,1 hari,1,2,903000,hemat,motor,tanpa penginapan,kuliner,budaya,Floating Market Lembang,wisata kuliner,Kabupaten Bandung Barat,-6.8167,107.6187,"-6.8167,107.6187","Jl. Grand Hotel No.33E, Lembang, Kabupaten Bandung Barat","Floating Market Lembang menawarkan pengalaman kuliner, wahana keluarga, taman, dan suasana danau di kawasan Lembang.",1,0,1,1,86.25,139,242000,0,140000,30000,412000,sesuai,0
BDG-TRV-0441,Garut,2 hari 1 malam,2,4,2441000,standar,mobil,standar,wisata alam,foto-foto,Orchid Forest Cikole,wisata alam,Kabupaten Bandung Barat,-6.7806,107.6373,"-6.7806,107.6373","Cikole, Lembang, Kabupaten Bandung Barat","Orchid Forest Cikole adalah wisata alam hutan pinus dengan koleksi anggrek, spot foto, dan suasana sejuk di Lembang.",1,1,1,1,125.0,232,750000,320000,560000,120000,1750000,sesuai,1
BDG-TRV-0442,Garut,2 hari 1 malam,2,5,2097000,standar,motor,hemat,kebun binatang,belanja,Trans Studio Mall Bandung,mall,Kota Bandung,-6.9254,107.6358,"-6.9254,107.6358","Jl. Gatot Subroto No.289, Cibangkong, Batununggal, Kota Bandung",Trans Studio Mall Bandung adalah pusat perbelanjaan dan hiburan indoor yang terhubung dengan kawasan Trans Studio Bandung.,0,1,1,1,91.07,151,255000,180000,700000,50000,1185000,sesuai,0
BDG-TRV-0443,Bekasi,4 hari 3 malam,4,2,2915000,premium,transportasi umum,standar,wisata kuliner,edukasi,Kampung Gajah Wonderland,wisata tematik,Kabupaten Bandung Barat,-6.8291,107.5933,"-6.8291,107.5933","Jl. Sersan Bajuri, Cihideung, Parongpong, Kabupaten Bandung Barat",Kampung Gajah Wonderland dikenal sebagai kawasan wisata tematik keluarga dengan berbagai wahana dan area rekreasi.,0,0,1,1,221.27,508,797000,960000,560000,130000,2447000,sesuai,0
BDG-TRV-0444,Kota Bandung,2 hari 1 malam,2,2,2341000,standar,transportasi umum,standar,wisata kuliner,kuliner,Martabak San Francisco Bandung,wisata kuliner,Kota Bandung,-6.9026,107.6092,"-6.9026,107.6092","Jl. Burangrang, Lengkong, Kota Bandung",Martabak San Francisco Bandung adalah destinasi kuliner legendaris yang dikenal dengan pilihan martabak manis dan martabak telur.,1,1,1,1,19.77,31,71000,320000,280000,30000,701000,sesuai,1
BDG-TRV-0445,Jakarta,3 hari 2 malam,3,3,2163000,standar,mobil,hemat,belanja,religi,Paris Van Java Mall,mall,Kota Bandung,-6.8893,107.5966,"-6.8893,107.5966","Jl. Sukajadi No.131-139, Cipedes, Sukajadi, Kota Bandung","Paris Van Java Mall adalah pusat belanja bergaya terbuka yang menawarkan kuliner, hiburan, fashion, dan suasana santai di Kota Bandung.",1,0,0,1,214.01,423,1284000,360000,630000,30000,2304000,melebihi budget,0
BDG-TRV-0446,Tasikmalaya,1 hari,1,1,4176000,premium,motor,tanpa penginapan,mall,foto-foto,Paris Van Java Mall,mall,Kota Bandung,-6.8893,107.5966,"-6.8893,107.5966","Jl. Sukajadi No.131-139, Cipedes, Sukajadi, Kota Bandung","Paris Van Java Mall adalah pusat belanja bergaya terbuka yang menawarkan kuliner, hiburan, fashion, dan suasana santai di Kota Bandung.",1,1,1,1,156.53,255,438000,0,70000,10000,518000,sesuai,1
BDG-TRV-0447,Kota Bandung,4 hari 3 malam,4,4,2457000,hemat,motor,standar,kuliner,santai,Cafe D'Pakar Bandung,cafe view,Kota Bandung,-6.8398,107.6537,"-6.8398,107.6537","Dago Pakar, Ciburial, Cimenyan, Bandung","Cafe D'Pakar Bandung adalah tempat wisata kuliner dengan suasana alam sejuk, area outdoor, dan pemandangan pepohonan di kawasan Dago Pakar.",1,1,1,1,16.04,34,45000,960000,1120000,80000,2205000,sesuai,1
BDG-TRV-0448,Bekasi,2 hari 1 malam,2,3,1024000,hemat,motor,hemat,alam,alam,Orchid Forest Cikole,wisata alam,Kabupaten Bandung Barat,-6.7806,107.6373,"-6.7806,107.6373","Cikole, Lembang, Kabupaten Bandung Barat","Orchid Forest Cikole adalah wisata alam hutan pinus dengan koleksi anggrek, spot foto, dan suasana sejuk di Lembang.",1,1,0,1,205.87,463,576000,180000,420000,90000,1266000,melebihi budget,0
BDG-TRV-0449,Garut,2 hari 1 malam,2,3,1971000,standar,transportasi umum,nyaman,wisata alam,kuliner,Dusun Bambu,wisata alam,Kabupaten Bandung Barat,-6.789,107.5788,"-6.789,107.5788","Jl. Kolonel Masturi KM 11, Cisarua, Kabupaten Bandung Barat","Dusun Bambu adalah destinasi wisata alam dan kuliner keluarga dengan pemandangan pegunungan, taman, dan area rekreasi.",1,1,1,1,134.33,231,484000,520000,420000,90000,1514000,sesuai,1
BDG-TRV-0450,Bogor,2 hari 1 malam,2,2,3003000,premium,transportasi umum,standar,belanja,belanja,Trans Studio Mall Bandung,mall,Kota Bandung,-6.9254,107.6358,"-6.9254,107.6358","Jl. Gatot Subroto No.289, Cibangkong, Batununggal, Kota Bandung",Trans Studio Mall Bandung adalah pusat perbelanjaan dan hiburan indoor yang terhubung dengan kawasan Trans Studio Bandung.,1,1,1,0,315.03,581,1134000,320000,280000,20000,1754000,sesuai,0
BDG-TRV-0451,Cimahi,1 hari,1,1,650000,hemat,transportasi umum,tanpa penginapan,gunung,foto-foto,Paris Van Java Mall,mall,Kota Bandung,-6.8893,107.5966,"-6.8893,107.5966","Jl. Sukajadi No.131-139, Cipedes, Sukajadi, Kota Bandung","Paris Van Java Mall adalah pusat belanja bergaya terbuka yang menawarkan kuliner, hiburan, fashion, dan suasana santai di Kota Bandung.",0,1,1,1,33.51,54,121000,0,70000,10000,201000,sesuai,0
BDG-TRV-0452,Tasikmalaya,1 hari,1,5,2219000,hemat,mobil,tanpa penginapan,wisata tematik,keluarga,Kampung Gajah Wonderland,wisata tematik,Kabupaten Bandung Barat,-6.8291,107.5933,"-6.8291,107.5933","Jl. Sersan Bajuri, Cihideung, Parongpong, Kabupaten Bandung Barat",Kampung Gajah Wonderland dikenal sebagai kawasan wisata tematik keluarga dengan berbagai wahana dan area rekreasi.,1,1,1,1,160.38,358,962000,0,350000,325000,1637000,sesuai,1
BDG-TRV-0453,Bekasi,4 hari 3 malam,4,2,2462000,standar,motor,hemat,kuliner,keluarga,Floating Market Lembang,wisata kuliner,Kabupaten Bandung Barat,-6.8167,107.6187,"-6.8167,107.6187","Jl. Grand Hotel No.33E, Lembang, Kabupaten Bandung Barat","Floating Market Lembang menawarkan pengalaman kuliner, wahana keluarga, taman, dan suasana danau di kawasan Lembang.",1,1,1,1,177.02,376,496000,540000,560000,30000,1626000,sesuai,1
BDG-TRV-0454,Depok,3 hari 2 malam,3,3,2669000,standar,mobil,standar,wisata kuliner,keluarga,Martabak San Francisco Bandung,wisata kuliner,Kota Bandung,-6.9026,107.6092,"-6.9026,107.6092","Jl. Burangrang, Lengkong, Kota Bandung",Martabak San Francisco Bandung adalah destinasi kuliner legendaris yang dikenal dengan pilihan martabak manis dan martabak telur.,1,1,1,1,156.42,355,939000,640000,630000,45000,2254000,sesuai,1
BDG-TRV-0455,Kota Bandung,3 hari 2 malam,3,2,2045000,standar,mobil,nyaman,alam,edukasi,Tangkuban Perahu,gunung,Kabupaten Bandung Barat,-6.7596,107.6098,"-6.7596,107.6098","Cikahuripan, Lembang, Kabupaten Bandung Barat",Tangkuban Perahu adalah kawasan wisata gunung berapi dengan kawah alam yang populer untuk wisata alam dan edukasi geologi.,1,1,1,1,39.06,81,234000,1040000,420000,70000,1764000,sesuai,1
BDG-TRV-0456,Kota Bandung,1 hari,1,2,594000,hemat,motor,tanpa penginapan,wisata kuliner,keluarga,Martabak San Francisco Bandung,wisata kuliner,Kota Bandung,-6.9026,107.6092,"-6.9026,107.6092","Jl. Burangrang, Lengkong, Kota Bandung",Martabak San Francisco Bandung adalah destinasi kuliner legendaris yang dikenal dengan pilihan martabak manis dan martabak telur.,1,1,1,1,20.74,34,58000,0,140000,30000,228000,sesuai,1
BDG-TRV-0457,Tasikmalaya,2 hari 1 malam,2,2,2220000,hemat,mobil,nyaman,edukasi,edukasi,Kebun Binatang Bandung,kebun binatang,Kota Bandung,-6.8902,107.607,"-6.8902,107.607","Jl. Tamansari No.71, Lebak Siliwangi, Coblong, Kota Bandung",Kebun Binatang Bandung adalah wisata edukasi keluarga yang menampilkan berbagai satwa dan area rekreasi di kawasan Tamansari.,1,1,1,1,166.33,308,998000,520000,280000,100000,1898000,sesuai,1
BDG-TRV-0458,Cimahi,2 hari 1 malam,2,4,2453000,standar,transportasi umum,nyaman,kebun binatang,keluarga,Kebun Binatang Bandung,kebun binatang,Kota Bandung,-6.8902,107.607,"-6.8902,107.607","Jl. Tamansari No.71, Lebak Siliwangi, Coblong, Kota Bandung",Kebun Binatang Bandung adalah wisata edukasi keluarga yang menampilkan berbagai satwa dan area rekreasi di kawasan Tamansari.,1,1,1,1,25.46,57,92000,520000,560000,200000,1372000,sesuai,1
BDG-TRV-0459,Kabupaten Bandung,3 hari 2 malam,3,4,2377000,standar,motor,standar,edukasi,santai,Kebun Binatang Bandung,kebun binatang,Kota Bandung,-6.8902,107.607,"-6.8902,107.607","Jl. Tamansari No.71, Lebak Siliwangi, Coblong, Kota Bandung",Kebun Binatang Bandung adalah wisata edukasi keluarga yang menampilkan berbagai satwa dan area rekreasi di kawasan Tamansari.,1,1,1,1,40.86,76,114000,640000,840000,200000,1794000,sesuai,1
BDG-TRV-0460,Jakarta,2 hari 1 malam,2,4,4586000,premium,motor,hemat,wisata edukasi,budaya,Saung Angklung Udjo,wisata edukasi,Kota Bandung,-6.8992,107.6542,"-6.8992,107.6542","Jl. Padasuka No.118, Pasirlayung, Cibeunying Kidul, Kota Bandung","Saung Angklung Udjo adalah destinasi budaya dan edukasi yang menampilkan pertunjukan angklung, seni Sunda, dan aktivitas keluarga.",1,1,1,1,175.31,307,491000,180000,560000,100000,1331000,sesuai,1
BDG-TRV-0461,Jakarta,2 hari 1 malam,2,2,1808000,standar,transportasi umum,standar,kebun binatang,keluarga,Kebun Binatang Bandung,kebun binatang,Kota Bandung,-6.8902,107.607,"-6.8902,107.607","Jl. Tamansari No.71, Lebak Siliwangi, Coblong, Kota Bandung",Kebun Binatang Bandung adalah wisata edukasi keluarga yang menampilkan berbagai satwa dan area rekreasi di kawasan Tamansari.,1,1,1,1,165.21,302,595000,320000,280000,100000,1295000,sesuai,1
BDG-TRV-0462,Bogor,1 hari,1,1,1310000,standar,motor,tanpa penginapan,wisata religi,foto-foto,Museum Konferensi Asia Afrika,museum,Kota Bandung,-6.921,107.6097,"-6.921,107.6097","Jl. Asia Afrika No.65, Braga, Sumur Bandung, Kota Bandung","Museum Konferensi Asia Afrika menyajikan sejarah Konferensi Asia Afrika dan cocok untuk wisata edukasi, sejarah, serta kunjungan pelajar.",0,1,1,0,179.12,354,502000,0,70000,15000,587000,sesuai,0
BDG-TRV-0463,Kabupaten Bandung,2 hari 1 malam,2,3,1877000,standar,transportasi umum,hemat,belanja,kuliner,Cihampelas Walk,mall,Kota Bandung,-6.894,107.6042,"-6.894,107.6042","Jl. Cihampelas No.160, Cipaganti, Coblong, Kota Bandung",Cihampelas Walk adalah pusat belanja dan kuliner dengan konsep ruang terbuka yang cocok untuk jalan santai dan hiburan keluarga.,1,1,1,1,30.04,55,108000,180000,420000,30000,738000,sesuai,1
BDG-TRV-0464,Bekasi,2 hari 1 malam,2,5,4961000,premium,mobil,standar,keluarga,foto-foto,Kampung Gajah Wonderland,wisata tematik,Kabupaten Bandung Barat,-6.8291,107.5933,"-6.8291,107.5933","Jl. Sersan Bajuri, Cihideung, Parongpong, Kabupaten Bandung Barat",Kampung Gajah Wonderland dikenal sebagai kawasan wisata tematik keluarga dengan berbagai wahana dan area rekreasi.,1,1,1,1,181.37,321,1088000,320000,700000,325000,2433000,sesuai,1
BDG-TRV-0465,Kota Bandung,2 hari 1 malam,2,2,1385000,hemat,transportasi umum,standar,belanja,santai,Paskal 23 Bandung,mall,Kota Bandung,-6.9147,107.5918,"-6.9147,107.5918","Jl. Pasir Kaliki No.25-27, Kebon Jeruk, Andir, Kota Bandung",Paskal 23 Bandung adalah pusat perbelanjaan dan kuliner modern yang dekat dengan kawasan stasiun dan pusat kota.,1,1,1,1,24.88,39,90000,320000,280000,20000,710000,sesuai,1
BDG-TRV-0466,Bogor,2 hari 1 malam,2,2,4637000,premium,motor,hemat,alam,healing,Curug Cimahi,wisata alam,Kabupaten Bandung Barat,-6.7986,107.5775,"-6.7986,107.5775","Kertawangi, Cisarua, Kabupaten Bandung Barat",Curug Cimahi adalah wisata air terjun di Bandung Barat dengan jalur trekking ringan dan suasana alam yang sejuk.,1,1,1,1,203.99,447,571000,180000,280000,60000,1091000,sesuai,1
BDG-TRV-0467,Tasikmalaya,3 hari 2 malam,3,2,1277000,standar,mobil,hemat,kuliner,keluarga,Floating Market Lembang,wisata kuliner,Kabupaten Bandung Barat,-6.8167,107.6187,"-6.8167,107.6187","Jl. Grand Hotel No.33E, Lembang, Kabupaten Bandung Barat","Floating Market Lembang menawarkan pengalaman kuliner, wahana keluarga, taman, dan suasana danau di kawasan Lembang.",1,1,0,1,135.72,298,814000,360000,420000,30000,1624000,melebihi budget,0
BDG-TRV-0468,Kabupaten Bandung,2 hari 1 malam,2,2,208000,hemat,motor,hemat,kuliner,foto-foto,Sudirman Street Bandung,wisata kuliner,Kota Bandung,-6.9177,107.5969,"-6.9177,107.5969","Jl. Jend. Sudirman, Karanganyar, Astanaanyar, Kota Bandung",Sudirman Street Bandung adalah kawasan kuliner malam yang menawarkan berbagai makanan lokal dan suasana street food kota.,1,1,0,1,37.41,65,105000,180000,280000,30000,595000,melebihi budget,0
BDG-TRV-0469,Garut,1 hari,1,4,991000,hemat,motor,tanpa penginapan,wisata alam,foto-foto,Orchid Forest Cikole,wisata alam,Kabupaten Bandung Barat,-6.7806,107.6373,"-6.7806,107.6373","Cikole, Lembang, Kabupaten Bandung Barat","Orchid Forest Cikole adalah wisata alam hutan pinus dengan koleksi anggrek, spot foto, dan suasana sejuk di Lembang.",1,1,1,1,156.29,359,438000,0,280000,120000,838000,sesuai,1
BDG-TRV-0470,Garut,1 hari,1,4,2420000,standar,transportasi umum,tanpa penginapan,wisata kuliner,keluarga,Martabak San Francisco Bandung,wisata kuliner,Kota Bandung,-6.9026,107.6092,"-6.9026,107.6092","Jl. Burangrang, Lengkong, Kota Bandung",Martabak San Francisco Bandung adalah destinasi kuliner legendaris yang dikenal dengan pilihan martabak manis dan martabak telur.,1,1,1,1,115.76,194,417000,0,280000,60000,757000,sesuai,1
BDG-TRV-0471,Bekasi,1 hari,1,1,1919000,hemat,mobil,tanpa penginapan,wisata edukasi,foto-foto,Gedung Sate,wisata edukasi,Kota Bandung,-6.9025,107.6188,"-6.9025,107.6188","Jl. Diponegoro No.22, Citarum, Bandung Wetan, Kota Bandung",Gedung Sate adalah ikon Kota Bandung yang dikenal sebagai bangunan bersejarah dengan arsitektur khas dan nilai edukasi sejarah pemerintahan Jawa Barat.,1,1,1,1,172.63,366,1036000,0,70000,25000,1131000,sesuai,1
BDG-TRV-0472,Bekasi,1 hari,1,4,409000,hemat,transportasi umum,tanpa penginapan,museum,religi,Martabak San Francisco Bandung,wisata kuliner,Kota Bandung,-6.9026,107.6092,"-6.9026,107.6092","Jl. Burangrang, Lengkong, Kota Bandung",Martabak San Francisco Bandung adalah destinasi kuliner legendaris yang dikenal dengan pilihan martabak manis dan martabak telur.,0,0,0,0,189.72,426,683000,0,280000,60000,1023000,melebihi budget,0
BDG-TRV-0473,Tasikmalaya,1 hari,1,5,2226000,standar,motor,tanpa penginapan,wisata alam,alam,The Lodge Maribaya,wisata alam,Kabupaten Bandung Barat,-6.8294,107.6875,"-6.8294,107.6875","Cibodas, Lembang, Kabupaten Bandung Barat","The Lodge Maribaya adalah destinasi alam dengan wahana foto, pemandangan hutan pinus, dan aktivitas rekreasi keluarga.",1,1,1,1,206.78,409,579000,0,350000,150000,1079000,sesuai,1
BDG-TRV-0474,Kota Bandung,3 hari 2 malam,3,3,2987000,standar,mobil,nyaman,wisata alam,healing,Ranca Upas,wisata alam,Kabupaten Bandung,-7.1421,107.3957,"-7.1421,107.3957","Jl. Raya Ciwidey-Patengan, Rancabali, Kabupaten Bandung",Ranca Upas adalah kawasan wisata alam dan bumi perkemahan yang dikenal dengan penangkaran rusa dan udara sejuk pegunungan.,1,1,1,1,59.71,125,358000,1040000,630000,90000,2118000,sesuai,1
BDG-TRV-0475,Kabupaten Bandung,2 hari 1 malam,2,2,1881000,standar,motor,hemat,kuliner,kuliner,Sudirman Street Bandung,wisata kuliner,Kota Bandung,-6.9177,107.5969,"-6.9177,107.5969","Jl. Jend. Sudirman, Karanganyar, Astanaanyar, Kota Bandung",Sudirman Street Bandung adalah kawasan kuliner malam yang menawarkan berbagai makanan lokal dan suasana street food kota.,1,1,1,1,43.13,75,121000,180000,280000,30000,611000,sesuai,1
BDG-TRV-0476,Bogor,1 hari,1,2,1964000,standar,motor,tanpa penginapan,wisata alam,alam,Dusun Bambu,wisata alam,Kabupaten Bandung Barat,-6.789,107.5788,"-6.789,107.5788","Jl. Kolonel Masturi KM 11, Cisarua, Kabupaten Bandung Barat","Dusun Bambu adalah destinasi wisata alam dan kuliner keluarga dengan pemandangan pegunungan, taman, dan area rekreasi.",1,1,1,1,254.16,565,712000,0,140000,60000,912000,sesuai,1
BDG-TRV-0477,Kota Bandung,1 hari,1,2,3316000,premium,mobil,tanpa penginapan,kuliner,santai,Cafe D'Pakar Bandung,cafe view,Kota Bandung,-6.8398,107.6537,"-6.8398,107.6537","Dago Pakar, Ciburial, Cimenyan, Bandung","Cafe D'Pakar Bandung adalah tempat wisata kuliner dengan suasana alam sejuk, area outdoor, dan pemandangan pepohonan di kawasan Dago Pakar.",1,1,1,1,21.99,34,132000,0,140000,40000,312000,sesuai,1
BDG-TRV-0478,Cimahi,1 hari,1,5,3032000,premium,motor,tanpa penginapan,alam,alam,Kawah Putih,wisata alam,Kabupaten Bandung,-7.1662,107.402,"-7.1662,107.402","Sugihmukti, Pasirjambu, Kabupaten Bandung",Kawah Putih adalah wisata alam di Ciwidey dengan danau kawah berwarna putih kehijauan dan panorama pegunungan.,1,1,1,1,36.86,65,103000,0,350000,150000,603000,sesuai,1
BDG-TRV-0479,Tasikmalaya,4 hari 3 malam,4,2,2773000,premium,transportasi umum,hemat,wisata alam,edukasi,Ranca Upas,wisata alam,Kabupaten Bandung,-7.1421,107.3957,"-7.1421,107.3957","Jl. Raya Ciwidey-Patengan, Rancabali, Kabupaten Bandung",Ranca Upas adalah kawasan wisata alam dan bumi perkemahan yang dikenal dengan penangkaran rusa dan udara sejuk pegunungan.,1,0,1,1,201.6,399,726000,540000,560000,60000,1886000,sesuai,0
BDG-TRV-0480,Jakarta,1 hari,1,3,2881000,premium,transportasi umum,tanpa penginapan,mall,belanja,Bandung Indah Plaza,mall,Kota Bandung,-6.9089,107.6105,"-6.9089,107.6105","Jl. Merdeka No.56, Citarum, Bandung Wetan, Kota Bandung","Bandung Indah Plaza adalah pusat perbelanjaan di pusat Kota Bandung dengan pilihan fashion, kuliner, hiburan, dan kebutuhan gaya hidup.",1,1,1,0,331.86,593,1195000,0,210000,30000,1435000,sesuai,0
BDG-TRV-0481,Jakarta,2 hari 1 malam,2,2,1390000,hemat,mobil,standar,wisata kota,foto-foto,Alun-Alun Bandung,wisata kota,Kota Bandung,-6.9218,107.6071,"-6.9218,107.6071","Jl. Asia Afrika, Balonggede, Regol, Kota Bandung","Alun-Alun Bandung adalah ruang publik ikonik di pusat Kota Bandung yang cocok untuk bersantai, berfoto, dan menikmati suasana kota dekat Masjid Raya Bandung.",1,1,0,1,215.22,360,1291000,320000,280000,10000,1901000,melebihi budget,0
BDG-TRV-0482,Tasikmalaya,2 hari 1 malam,2,2,4305000,premium,mobil,standar,alam,foto-foto,Tebing Keraton,wisata alam,Kabupaten Bandung Barat,-6.8341,107.6635,"-6.8341,107.6635","Ciburial, Cimenyan, Kabupaten Bandung Barat",Tebing Keraton adalah destinasi wisata alam dengan pemandangan hutan dan perbukitan yang cocok untuk foto dan menikmati udara sejuk.,1,1,1,1,189.88,428,1139000,320000,280000,60000,1799000,sesuai,1
BDG-TRV-0483,Kota Bandung,2 hari 1 malam,2,1,4944000,premium,motor,standar,keluarga,foto-foto,Kampung Gajah Wonderland,wisata tematik,Kabupaten Bandung Barat,-6.8291,107.5933,"-6.8291,107.5933","Jl. Sersan Bajuri, Cihideung, Parongpong, Kabupaten Bandung Barat",Kampung Gajah Wonderland dikenal sebagai kawasan wisata tematik keluarga dengan berbagai wahana dan area rekreasi.,1,1,1,1,77.06,126,216000,320000,140000,65000,741000,sesuai,1
BDG-TRV-0484,Garut,2 hari 1 malam,2,4,4854000,premium,transportasi umum,hemat,gunung,sejarah,Sudirman Street Bandung,wisata kuliner,Kota Bandung,-6.9177,107.5969,"-6.9177,107.5969","Jl. Jend. Sudirman, Karanganyar, Astanaanyar, Kota Bandung",Sudirman Street Bandung adalah kawasan kuliner malam yang menawarkan berbagai makanan lokal dan suasana street food kota.,0,0,1,1,89.5,163,322000,180000,560000,60000,1122000,sesuai,0
BDG-TRV-0485,Bekasi,2 hari 1 malam,2,3,1414000,standar,transportasi umum,standar,wisata tematik,foto-foto,Kampung Gajah Wonderland,wisata tematik,Kabupaten Bandung Barat,-6.8291,107.5933,"-6.8291,107.5933","Jl. Sersan Bajuri, Cihideung, Parongpong, Kabupaten Bandung Barat",Kampung Gajah Wonderland dikenal sebagai kawasan wisata tematik keluarga dengan berbagai wahana dan area rekreasi.,1,1,0,1,228.23,344,822000,320000,420000,195000,1757000,melebihi budget,0
BDG-TRV-0486,Bekasi,2 hari 1 malam,2,2,4140000,premium,mobil,nyaman,kuliner,santai,Floating Market Lembang,wisata kuliner,Kabupaten Bandung Barat,-6.8167,107.6187,"-6.8167,107.6187","Jl. Grand Hotel No.33E, Lembang, Kabupaten Bandung Barat","Floating Market Lembang menawarkan pengalaman kuliner, wahana keluarga, taman, dan suasana danau di kawasan Lembang.",1,0,1,1,151.82,290,911000,520000,280000,30000,1741000,sesuai,0
BDG-TRV-0487,Bekasi,2 hari 1 malam,2,2,4833000,premium,motor,nyaman,kebun binatang,keluarga,Kebun Binatang Bandung,kebun binatang,Kota Bandung,-6.8902,107.607,"-6.8902,107.607","Jl. Tamansari No.71, Lebak Siliwangi, Coblong, Kota Bandung",Kebun Binatang Bandung adalah wisata edukasi keluarga yang menampilkan berbagai satwa dan area rekreasi di kawasan Tamansari.,1,1,1,1,144.89,293,406000,520000,280000,100000,1306000,sesuai,1
BDG-TRV-0488,Tasikmalaya,1 hari,1,2,747000,hemat,motor,tanpa penginapan,kebun binatang,edukasi,Kebun Binatang Bandung,kebun binatang,Kota Bandung,-6.8902,107.607,"-6.8902,107.607","Jl. Tamansari No.71, Lebak Siliwangi, Coblong, Kota Bandung",Kebun Binatang Bandung adalah wisata edukasi keluarga yang menampilkan berbagai satwa dan area rekreasi di kawasan Tamansari.,1,1,1,1,129.1,287,361000,0,140000,100000,601000,sesuai,1
BDG-TRV-0489,Bogor,1 hari,1,5,3305000,premium,mobil,tanpa penginapan,keluarga,santai,Farm House Lembang,wisata tematik,Kabupaten Bandung Barat,-6.8325,107.605,"-6.8325,107.605","Jl. Raya Lembang No.108, Gudangkahuripan, Lembang","Farm House Lembang adalah wisata tematik dengan nuansa Eropa, spot foto, taman, dan area rekreasi keluarga.",1,1,1,1,215.04,391,1290000,0,350000,325000,1965000,sesuai,1
BDG-TRV-0490,Cimahi,4 hari 3 malam,4,4,729000,hemat,motor,hemat,gunung,keluarga,Museum Geologi Bandung,museum,Kota Bandung,-6.9007,107.6215,"-6.9007,107.6215","Jl. Diponegoro No.57, Cihaur Geulis, Cibeunying Kaler, Kota Bandung","Museum Geologi Bandung adalah destinasi edukasi yang menampilkan koleksi batuan, mineral, fosil, dan informasi sejarah bumi.",0,1,0,1,15.63,34,44000,540000,1120000,60000,1764000,melebihi budget,0
BDG-TRV-0491,Garut,2 hari 1 malam,2,2,2096000,standar,mobil,nyaman,belanja,kuliner,Paris Van Java Mall,mall,Kota Bandung,-6.8893,107.5966,"-6.8893,107.5966","Jl. Sukajadi No.131-139, Cipedes, Sukajadi, Kota Bandung","Paris Van Java Mall adalah pusat belanja bergaya terbuka yang menawarkan kuliner, hiburan, fashion, dan suasana santai di Kota Bandung.",1,1,1,1,81.24,185,487000,520000,280000,20000,1307000,sesuai,1
BDG-TRV-0492,Kabupaten Bandung,2 hari 1 malam,2,4,1597000,hemat,transportasi umum,hemat,wisata kuliner,foto-foto,Floating Market Lembang,wisata kuliner,Kabupaten Bandung Barat,-6.8167,107.6187,"-6.8167,107.6187","Jl. Grand Hotel No.33E, Lembang, Kabupaten Bandung Barat","Floating Market Lembang menawarkan pengalaman kuliner, wahana keluarga, taman, dan suasana danau di kawasan Lembang.",1,1,1,1,69.73,152,251000,180000,560000,60000,1051000,sesuai,1
BDG-TRV-0493,Bekasi,1 hari,1,2,1575000,standar,mobil,tanpa penginapan,wisata alam,belanja,Kawah Putih,wisata alam,Kabupaten Bandung,-7.1662,107.402,"-7.1662,107.402","Sugihmukti, Pasirjambu, Kabupaten Bandung",Kawah Putih adalah wisata alam di Ciwidey dengan danau kawah berwarna putih kehijauan dan panorama pegunungan.,1,0,1,0,176.27,399,1058000,0,140000,60000,1258000,sesuai,0
BDG-TRV-0494,Cimahi,4 hari 3 malam,4,2,1052000,hemat,motor,standar,edukasi,sejarah,Museum Geologi Bandung,museum,Kota Bandung,-6.9007,107.6215,"-6.9007,107.6215","Jl. Diponegoro No.57, Cihaur Geulis, Cibeunying Kaler, Kota Bandung","Museum Geologi Bandung adalah destinasi edukasi yang menampilkan koleksi batuan, mineral, fosil, dan informasi sejarah bumi.",1,1,0,1,10.25,22,29000,960000,560000,30000,1579000,melebihi budget,0
BDG-TRV-0495,Depok,3 hari 2 malam,3,1,2209000,hemat,transportasi umum,nyaman,museum,sejarah,Museum Geologi Bandung,museum,Kota Bandung,-6.9007,107.6215,"-6.9007,107.6215","Jl. Diponegoro No.57, Cihaur Geulis, Cibeunying Kaler, Kota Bandung","Museum Geologi Bandung adalah destinasi edukasi yang menampilkan koleksi batuan, mineral, fosil, dan informasi sejarah bumi.",1,1,1,1,185.97,342,669000,1040000,210000,15000,1934000,sesuai,1
BDG-TRV-0496,Depok,3 hari 2 malam,3,2,601000,hemat,motor,standar,alam,foto-foto,Ranca Upas,wisata alam,Kabupaten Bandung,-7.1421,107.3957,"-7.1421,107.3957","Jl. Raya Ciwidey-Patengan, Rancabali, Kabupaten Bandung",Ranca Upas adalah kawasan wisata alam dan bumi perkemahan yang dikenal dengan penangkaran rusa dan udara sejuk pegunungan.,1,0,0,0,258.43,519,724000,640000,420000,60000,1844000,melebihi budget,0
BDG-TRV-0497,Depok,1 hari,1,1,2327000,standar,motor,tanpa penginapan,alam,santai,Curug Cimahi,wisata alam,Kabupaten Bandung Barat,-6.7986,107.5775,"-6.7986,107.5775","Kertawangi, Cisarua, Kabupaten Bandung Barat",Curug Cimahi adalah wisata air terjun di Bandung Barat dengan jalur trekking ringan dan suasana alam yang sejuk.,1,0,1,0,241.7,515,677000,0,70000,30000,777000,sesuai,0
BDG-TRV-0498,Bekasi,2 hari 1 malam,2,1,1923000,hemat,motor,nyaman,wisata kuliner,foto-foto,Floating Market Lembang,wisata kuliner,Kabupaten Bandung Barat,-6.8167,107.6187,"-6.8167,107.6187","Jl. Grand Hotel No.33E, Lembang, Kabupaten Bandung Barat","Floating Market Lembang menawarkan pengalaman kuliner, wahana keluarga, taman, dan suasana danau di kawasan Lembang.",1,1,1,1,188.86,418,529000,520000,140000,15000,1204000,sesuai,1
BDG-TRV-0499,Kabupaten Bandung,3 hari 2 malam,3,5,4654000,premium,transportasi umum,nyaman,alam,belanja,The Lodge Maribaya,wisata alam,Kabupaten Bandung Barat,-6.8294,107.6875,"-6.8294,107.6875","Cibodas, Lembang, Kabupaten Bandung Barat","The Lodge Maribaya adalah destinasi alam dengan wahana foto, pemandangan hutan pinus, dan aktivitas rekreasi keluarga.",1,0,1,1,88.52,166,319000,1040000,1050000,150000,2559000,sesuai,0
BDG-TRV-0500,Cimahi,2 hari 1 malam,2,5,3541000,premium,mobil,nyaman,belanja,belanja,Trans Studio Mall Bandung,mall,Kota Bandung,-6.9254,107.6358,"-6.9254,107.6358","Jl. Gatot Subroto No.289, Cibangkong, Batununggal, Kota Bandung",Trans Studio Mall Bandung adalah pusat perbelanjaan dan hiburan indoor yang terhubung dengan kawasan Trans Studio Bandung.,1,1,1,1,24.29,40,146000,520000,700000,50000,1416000,sesuai,1
BDG-TRV-0501,Cimahi,1 hari,1,4,1281000,hemat,motor,tanpa penginapan,kuliner,foto-foto,Cafe D'Pakar Bandung,cafe view,Kota Bandung,-6.8398,107.6537,"-6.8398,107.6537","Dago Pakar, Ciburial, Cimenyan, Bandung","Cafe D'Pakar Bandung adalah tempat wisata kuliner dengan suasana alam sejuk, area outdoor, dan pemandangan pepohonan di kawasan Dago Pakar.",1,1,1,1,13.18,25,37000,0,280000,80000,397000,sesuai,1
BDG-TRV-0502,Garut,2 hari 1 malam,2,4,4185000,premium,motor,nyaman,mall,belanja,Trans Studio Mall Bandung,mall,Kota Bandung,-6.9254,107.6358,"-6.9254,107.6358","Jl. Gatot Subroto No.289, Cibangkong, Batununggal, Kota Bandung",Trans Studio Mall Bandung adalah pusat perbelanjaan dan hiburan indoor yang terhubung dengan kawasan Trans Studio Bandung.,1,1,1,1,96.07,179,269000,520000,560000,40000,1389000,sesuai,1
BDG-TRV-0503,Depok,2 hari 1 malam,2,3,4853000,premium,mobil,standar,museum,belanja,Museum Geologi Bandung,museum,Kota Bandung,-6.9007,107.6215,"-6.9007,107.6215","Jl. Diponegoro No.57, Cihaur Geulis, Cibeunying Kaler, Kota Bandung","Museum Geologi Bandung adalah destinasi edukasi yang menampilkan koleksi batuan, mineral, fosil, dan informasi sejarah bumi.",1,0,1,1,158.72,277,952000,320000,420000,45000,1737000,sesuai,0
BDG-TRV-0504,Depok,3 hari 2 malam,3,5,2570000,hemat,mobil,hemat,edukasi,foto-foto,Museum Konferensi Asia Afrika,museum,Kota Bandung,-6.921,107.6097,"-6.921,107.6097","Jl. Asia Afrika No.65, Braga, Sumur Bandung, Kota Bandung","Museum Konferensi Asia Afrika menyajikan sejarah Konferensi Asia Afrika dan cocok untuk wisata edukasi, sejarah, serta kunjungan pelajar.",1,1,1,1,152.07,250,912000,360000,1050000,75000,2397000,sesuai,1
BDG-TRV-0505,Depok,3 hari 2 malam,3,3,2490000,standar,transportasi umum,hemat,wisata religi,keluarga,Masjid Raya Bandung,wisata religi,Kota Bandung,-6.9216,107.6068,"-6.9216,107.6068","Jl. Dalem Kaum, Balonggede, Regol, Kota Bandung",Masjid Raya Bandung merupakan destinasi wisata religi di kawasan Alun-Alun Bandung dengan arsitektur megah dan suasana pusat kota yang ramai.,1,1,1,1,189.62,297,683000,360000,630000,0,1673000,sesuai,1
BDG-TRV-0506,Depok,1 hari,1,3,1831000,standar,motor,tanpa penginapan,mall,keluarga,Alun-Alun Bandung,wisata kota,Kota Bandung,-6.9218,107.6071,"-6.9218,107.6071","Jl. Asia Afrika, Balonggede, Regol, Kota Bandung","Alun-Alun Bandung adalah ruang publik ikonik di pusat Kota Bandung yang cocok untuk bersantai, berfoto, dan menikmati suasana kota dekat Masjid Raya Bandung.",0,1,1,0,155.89,353,436000,0,210000,15000,661000,sesuai,0
BDG-TRV-0507,Cimahi,4 hari 3 malam,4,2,1877000,standar,motor,standar,kebun binatang,santai,Kebun Binatang Bandung,kebun binatang,Kota Bandung,-6.8902,107.607,"-6.8902,107.607","Jl. Tamansari No.71, Lebak Siliwangi, Coblong, Kota Bandung",Kebun Binatang Bandung adalah wisata edukasi keluarga yang menampilkan berbagai satwa dan area rekreasi di kawasan Tamansari.,1,1,1,1,19.18,37,54000,960000,560000,100000,1674000,sesuai,1
BDG-TRV-0508,Kota Bandung,2 hari 1 malam,2,2,1197000,premium,motor,nyaman,kuliner,kuliner,Floating Market Lembang,wisata kuliner,Kabupaten Bandung Barat,-6.8167,107.6187,"-6.8167,107.6187","Jl. Grand Hotel No.33E, Lembang, Kabupaten Bandung Barat","Floating Market Lembang menawarkan pengalaman kuliner, wahana keluarga, taman, dan suasana danau di kawasan Lembang.",1,1,0,1,166.95,349,467000,520000,280000,30000,1297000,melebihi budget,0
BDG-TRV-0509,Depok,3 hari 2 malam,3,2,1899000,hemat,mobil,hemat,alam,alam,Dusun Bambu,wisata alam,Kabupaten Bandung Barat,-6.789,107.5788,"-6.789,107.5788","Jl. Kolonel Masturi KM 11, Cisarua, Kabupaten Bandung Barat","Dusun Bambu adalah destinasi wisata alam dan kuliner keluarga dengan pemandangan pegunungan, taman, dan area rekreasi.",1,1,0,1,206.5,317,1239000,360000,420000,60000,2079000,melebihi budget,0
BDG-TRV-0510,Tasikmalaya,2 hari 1 malam,2,5,2698000,premium,transportasi umum,standar,alam,alam,Situ Patenggang,wisata alam,Kabupaten Bandung,-7.166,107.3589,"-7.166,107.3589","Patengan, Rancabali, Kabupaten Bandung","Situ Patenggang adalah danau wisata di kawasan Ciwidey yang cocok untuk menikmati alam, berfoto, dan rekreasi keluarga.",1,1,1,1,156.33,359,563000,320000,700000,150000,1733000,sesuai,1
BDG-TRV-0511,Cimahi,2 hari 1 malam,2,3,1286000,standar,mobil,hemat,alam,keluarga,Orchid Forest Cikole,wisata alam,Kabupaten Bandung Barat,-6.7806,107.6373,"-6.7806,107.6373","Cikole, Lembang, Kabupaten Bandung Barat","Orchid Forest Cikole adalah wisata alam hutan pinus dengan koleksi anggrek, spot foto, dan suasana sejuk di Lembang.",1,0,1,1,84.88,147,509000,180000,420000,90000,1199000,sesuai,0
BDG-TRV-0512,Garut,1 hari,1,5,1322000,hemat,transportasi umum,tanpa penginapan,wisata alam,alam,Dusun Bambu,wisata alam,Kabupaten Bandung Barat,-6.789,107.5788,"-6.789,107.5788","Jl. Kolonel Masturi KM 11, Cisarua, Kabupaten Bandung Barat","Dusun Bambu adalah destinasi wisata alam dan kuliner keluarga dengan pemandangan pegunungan, taman, dan area rekreasi.",1,1,1,1,142.49,287,513000,0,350000,150000,1013000,sesuai,1
BDG-TRV-0513,Kabupaten Bandung,1 hari,1,2,698000,hemat,motor,tanpa penginapan,kuliner,foto-foto,Cafe D'Pakar Bandung,cafe view,Kota Bandung,-6.8398,107.6537,"-6.8398,107.6537","Dago Pakar, Ciburial, Cimenyan, Bandung","Cafe D'Pakar Bandung adalah tempat wisata kuliner dengan suasana alam sejuk, area outdoor, dan pemandangan pepohonan di kawasan Dago Pakar.",1,1,1,1,44.93,90,126000,0,140000,40000,306000,sesuai,1
BDG-TRV-0514,Bekasi,2 hari 1 malam,2,3,4367000,premium,transportasi umum,hemat,wisata kuliner,foto-foto,Floating Market Lembang,wisata kuliner,Kabupaten Bandung Barat,-6.8167,107.6187,"-6.8167,107.6187","Jl. Grand Hotel No.33E, Lembang, Kabupaten Bandung Barat","Floating Market Lembang menawarkan pengalaman kuliner, wahana keluarga, taman, dan suasana danau di kawasan Lembang.",1,1,1,1,163.75,255,590000,180000,420000,45000,1235000,sesuai,1
BDG-TRV-0515,Jakarta,2 hari 1 malam,2,1,350000,hemat,motor,hemat,museum,santai,Museum Konferensi Asia Afrika,museum,Kota Bandung,-6.921,107.6097,"-6.921,107.6097","Jl. Asia Afrika No.65, Braga, Sumur Bandung, Kota Bandung","Museum Konferensi Asia Afrika menyajikan sejarah Konferensi Asia Afrika dan cocok untuk wisata edukasi, sejarah, serta kunjungan pelajar.",1,0,0,1,214.72,427,601000,180000,140000,15000,936000,melebihi budget,0
BDG-TRV-0516,Kabupaten Bandung,1 hari,1,4,2130000,standar,mobil,tanpa penginapan,wisata kuliner,belanja,Sudirman Street Bandung,wisata kuliner,Kota Bandung,-6.9177,107.5969,"-6.9177,107.5969","Jl. Jend. Sudirman, Karanganyar, Astanaanyar, Kota Bandung",Sudirman Street Bandung adalah kawasan kuliner malam yang menawarkan berbagai makanan lokal dan suasana street food kota.,1,0,1,1,24.31,38,146000,0,280000,60000,486000,sesuai,0
BDG-TRV-0517,Kota Bandung,3 hari 2 malam,3,4,2647000,standar,motor,standar,alam,edukasi,Tangkuban Perahu,gunung,Kabupaten Bandung Barat,-6.7596,107.6098,"-6.7596,107.6098","Cikahuripan, Lembang, Kabupaten Bandung Barat",Tangkuban Perahu adalah kawasan wisata gunung berapi dengan kawah alam yang populer untuk wisata alam dan edukasi geologi.,1,1,1,1,49.89,104,140000,640000,840000,140000,1760000,sesuai,1
BDG-TRV-0518,Jakarta,1 hari,1,4,2714000,hemat,mobil,tanpa penginapan,keluarga,keluarga,Kampung Gajah Wonderland,wisata tematik,Kabupaten Bandung Barat,-6.8291,107.5933,"-6.8291,107.5933","Jl. Sersan Bajuri, Cihideung, Parongpong, Kabupaten Bandung Barat",Kampung Gajah Wonderland dikenal sebagai kawasan wisata tematik keluarga dengan berbagai wahana dan area rekreasi.,1,1,1,1,235.06,498,1410000,0,280000,260000,1950000,sesuai,1
BDG-TRV-0519,Jakarta,2 hari 1 malam,2,2,1584000,premium,mobil,nyaman,edukasi,keluarga,Jendela Alam,wisata edukasi,Kabupaten Bandung Barat,-6.8287,107.5976,"-6.8287,107.5976","Komplek Graha Puspa, Lembang, Kabupaten Bandung Barat","Jendela Alam adalah wisata edukasi keluarga yang mengenalkan aktivitas pertanian, peternakan, dan lingkungan alam.",1,1,0,1,181.49,301,1089000,520000,280000,50000,1939000,melebihi budget,0
BDG-TRV-0520,Jakarta,4 hari 3 malam,4,2,2289000,standar,motor,standar,museum,foto-foto,Museum Geologi Bandung,museum,Kota Bandung,-6.9007,107.6215,"-6.9007,107.6215","Jl. Diponegoro No.57, Cihaur Geulis, Cibeunying Kaler, Kota Bandung","Museum Geologi Bandung adalah destinasi edukasi yang menampilkan koleksi batuan, mineral, fosil, dan informasi sejarah bumi.",1,0,1,1,212.84,439,596000,960000,560000,30000,2146000,sesuai,0
BDG-TRV-0521,Bogor,3 hari 2 malam,3,2,876000,hemat,transportasi umum,nyaman,wisata religi,kuliner,Cafe D'Pakar Bandung,cafe view,Kota Bandung,-6.8398,107.6537,"-6.8398,107.6537","Dago Pakar, Ciburial, Cimenyan, Bandung","Cafe D'Pakar Bandung adalah tempat wisata kuliner dengan suasana alam sejuk, area outdoor, dan pemandangan pepohonan di kawasan Dago Pakar.",0,1,0,0,230.2,351,829000,1040000,420000,40000,2329000,melebihi budget,0
BDG-TRV-0522,Kota Bandung,1 hari,1,2,4159000,premium,transportasi umum,tanpa penginapan,foto-foto,foto-foto,Jalan Braga,wisata kota,Kota Bandung,-6.9175,107.6098,"-6.9175,107.6098","Jl. Braga, Braga, Sumur Bandung, Kota Bandung","Jalan Braga adalah kawasan wisata kota dengan nuansa klasik, bangunan bersejarah, kafe, kuliner, dan spot foto yang populer di Bandung.",1,1,1,1,23.34,49,84000,0,140000,10000,234000,sesuai,1
BDG-TRV-0523,Depok,3 hari 2 malam,3,4,3166000,standar,mobil,hemat,edukasi,keluarga,Kebun Binatang Bandung,kebun binatang,Kota Bandung,-6.8902,107.607,"-6.8902,107.607","Jl. Tamansari No.71, Lebak Siliwangi, Coblong, Kota Bandung",Kebun Binatang Bandung adalah wisata edukasi keluarga yang menampilkan berbagai satwa dan area rekreasi di kawasan Tamansari.,1,1,1,1,208.08,451,1248000,360000,840000,200000,2648000,sesuai,1
BDG-TRV-0524,Jakarta,3 hari 2 malam,3,1,4407000,premium,transportasi umum,standar,kuliner,kuliner,Floating Market Lembang,wisata kuliner,Kabupaten Bandung Barat,-6.8167,107.6187,"-6.8167,107.6187","Jl. Grand Hotel No.33E, Lembang, Kabupaten Bandung Barat","Floating Market Lembang menawarkan pengalaman kuliner, wahana keluarga, taman, dan suasana danau di kawasan Lembang.",1,1,1,1,244.43,378,880000,640000,210000,15000,1745000,sesuai,1
BDG-TRV-0525,Depok,3 hari 2 malam,3,4,623000,hemat,motor,standar,gunung,santai,Masjid Raya Bandung,wisata religi,Kota Bandung,-6.9216,107.6068,"-6.9216,107.6068","Jl. Dalem Kaum, Balonggede, Regol, Kota Bandung",Masjid Raya Bandung merupakan destinasi wisata religi di kawasan Alun-Alun Bandung dengan arsitektur megah dan suasana pusat kota yang ramai.,0,0,0,1,157.97,338,442000,640000,840000,0,1922000,melebihi budget,0
BDG-TRV-0526,Bekasi,3 hari 2 malam,3,2,2573000,hemat,transportasi umum,nyaman,wisata alam,kuliner,Dusun Bambu,wisata alam,Kabupaten Bandung Barat,-6.789,107.5788,"-6.789,107.5788","Jl. Kolonel Masturi KM 11, Cisarua, Kabupaten Bandung Barat","Dusun Bambu adalah destinasi wisata alam dan kuliner keluarga dengan pemandangan pegunungan, taman, dan area rekreasi.",1,1,1,1,178.45,319,642000,1040000,420000,60000,2162000,sesuai,1
BDG-TRV-0527,Tasikmalaya,4 hari 3 malam,4,2,2549000,standar,transportasi umum,standar,foto-foto,santai,Jalan Braga,wisata kota,Kota Bandung,-6.9175,107.6098,"-6.9175,107.6098","Jl. Braga, Braga, Sumur Bandung, Kota Bandung","Jalan Braga adalah kawasan wisata kota dengan nuansa klasik, bangunan bersejarah, kafe, kuliner, dan spot foto yang populer di Bandung.",1,1,1,1,128.14,217,461000,960000,560000,10000,1991000,sesuai,1
BDG-TRV-0528,Depok,2 hari 1 malam,2,2,2499000,standar,mobil,standar,edukasi,keluarga,Museum Geologi Bandung,museum,Kota Bandung,-6.9007,107.6215,"-6.9007,107.6215","Jl. Diponegoro No.57, Cihaur Geulis, Cibeunying Kaler, Kota Bandung","Museum Geologi Bandung adalah destinasi edukasi yang menampilkan koleksi batuan, mineral, fosil, dan informasi sejarah bumi.",1,1,1,1,224.08,406,1344000,320000,280000,30000,1974000,sesuai,1
BDG-TRV-0529,Bekasi,3 hari 2 malam,3,4,2259000,hemat,transportasi umum,standar,wisata religi,foto-foto,Masjid Raya Bandung,wisata religi,Kota Bandung,-6.9216,107.6068,"-6.9216,107.6068","Jl. Dalem Kaum, Balonggede, Regol, Kota Bandung",Masjid Raya Bandung merupakan destinasi wisata religi di kawasan Alun-Alun Bandung dengan arsitektur megah dan suasana pusat kota yang ramai.,1,1,1,1,187.18,400,674000,640000,840000,0,2154000,sesuai,1
BDG-TRV-0530,Jakarta,1 hari,1,2,639000,hemat,motor,tanpa penginapan,mall,budaya,Trans Studio Mall Bandung,mall,Kota Bandung,-6.9254,107.6358,"-6.9254,107.6358","Jl. Gatot Subroto No.289, Cibangkong, Batununggal, Kota Bandung",Trans Studio Mall Bandung adalah pusat perbelanjaan dan hiburan indoor yang terhubung dengan kawasan Trans Studio Bandung.,1,0,0,0,212.13,415,594000,0,140000,20000,754000,melebihi budget,0
BDG-TRV-0531,Bogor,3 hari 2 malam,3,2,2976000,premium,transportasi umum,nyaman,alam,alam,Tebing Keraton,wisata alam,Kabupaten Bandung Barat,-6.8341,107.6635,"-6.8341,107.6635","Ciburial, Cimenyan, Kabupaten Bandung Barat",Tebing Keraton adalah destinasi wisata alam dengan pemandangan hutan dan perbukitan yang cocok untuk foto dan menikmati udara sejuk.,1,1,1,1,229.43,381,826000,1040000,420000,60000,2346000,sesuai,1
BDG-TRV-0532,Kabupaten Bandung,1 hari,1,3,964000,hemat,transportasi umum,tanpa penginapan,foto-foto,keluarga,Alun-Alun Bandung,wisata kota,Kota Bandung,-6.9218,107.6071,"-6.9218,107.6071","Jl. Asia Afrika, Balonggede, Regol, Kota Bandung","Alun-Alun Bandung adalah ruang publik ikonik di pusat Kota Bandung yang cocok untuk bersantai, berfoto, dan menikmati suasana kota dekat Masjid Raya Bandung.",1,1,1,1,22.48,37,81000,0,210000,15000,306000,sesuai,1
BDG-TRV-0533,Garut,3 hari 2 malam,3,2,3238000,premium,motor,nyaman,wisata edukasi,keluarga,Jendela Alam,wisata edukasi,Kabupaten Bandung Barat,-6.8287,107.5976,"-6.8287,107.5976","Komplek Graha Puspa, Lembang, Kabupaten Bandung Barat","Jendela Alam adalah wisata edukasi keluarga yang mengenalkan aktivitas pertanian, peternakan, dan lingkungan alam.",1,1,1,1,122.77,259,344000,1040000,420000,50000,1854000,sesuai,1
BDG-TRV-0534,Kabupaten Bandung,4 hari 3 malam,4,2,1591000,standar,mobil,nyaman,belanja,budaya,Cihampelas Walk,mall,Kota Bandung,-6.894,107.6042,"-6.894,107.6042","Jl. Cihampelas No.160, Cipaganti, Coblong, Kota Bandung",Cihampelas Walk adalah pusat belanja dan kuliner dengan konsep ruang terbuka yang cocok untuk jalan santai dan hiburan keluarga.,1,0,0,1,29.65,54,178000,1560000,560000,20000,2318000,melebihi budget,0
BDG-TRV-0535,Tasikmalaya,2 hari 1 malam,2,2,3009000,premium,motor,nyaman,edukasi,sejarah,Gedung Sate,wisata edukasi,Kota Bandung,-6.9025,107.6188,"-6.9025,107.6188","Jl. Diponegoro No.22, Citarum, Bandung Wetan, Kota Bandung",Gedung Sate adalah ikon Kota Bandung yang dikenal sebagai bangunan bersejarah dengan arsitektur khas dan nilai edukasi sejarah pemerintahan Jawa Barat.,1,1,1,1,174.91,351,490000,520000,280000,50000,1340000,sesuai,1
BDG-TRV-0536,Bekasi,4 hari 3 malam,4,5,1937000,standar,motor,standar,edukasi,edukasi,Museum Konferensi Asia Afrika,museum,Kota Bandung,-6.921,107.6097,"-6.921,107.6097","Jl. Asia Afrika No.65, Braga, Sumur Bandung, Kota Bandung","Museum Konferensi Asia Afrika menyajikan sejarah Konferensi Asia Afrika dan cocok untuk wisata edukasi, sejarah, serta kunjungan pelajar.",1,1,0,0,259.74,494,727000,960000,1400000,75000,3162000,melebihi budget,0
BDG-TRV-0537,Bogor,3 hari 2 malam,3,2,4962000,premium,mobil,standar,museum,keluarga,Sudirman Street Bandung,wisata kuliner,Kota Bandung,-6.9177,107.5969,"-6.9177,107.5969","Jl. Jend. Sudirman, Karanganyar, Astanaanyar, Kota Bandung",Sudirman Street Bandung adalah kawasan kuliner malam yang menawarkan berbagai makanan lokal dan suasana street food kota.,0,0,1,1,215.21,454,1291000,640000,420000,30000,2381000,sesuai,0
BDG-TRV-0538,Kabupaten Bandung,2 hari 1 malam,2,1,1709000,standar,motor,nyaman,edukasi,keluarga,Museum Geologi Bandung,museum,Kota Bandung,-6.9007,107.6215,"-6.9007,107.6215","Jl. Diponegoro No.57, Cihaur Geulis, Cibeunying Kaler, Kota Bandung","Museum Geologi Bandung adalah destinasi edukasi yang menampilkan koleksi batuan, mineral, fosil, dan informasi sejarah bumi.",1,1,1,1,38.41,80,108000,520000,140000,15000,783000,sesuai,1
BDG-TRV-0539,Kabupaten Bandung,4 hari 3 malam,4,4,3316000,premium,transportasi umum,standar,alam,healing,Ranca Upas,wisata alam,Kabupaten Bandung,-7.1421,107.3957,"-7.1421,107.3957","Jl. Raya Ciwidey-Patengan, Rancabali, Kabupaten Bandung",Ranca Upas adalah kawasan wisata alam dan bumi perkemahan yang dikenal dengan penangkaran rusa dan udara sejuk pegunungan.,1,1,1,1,75.48,129,272000,960000,1120000,120000,2472000,sesuai,1
BDG-TRV-0540,Kabupaten Bandung,3 hari 2 malam,3,5,2158000,premium,motor,standar,kuliner,foto-foto,Cafe D'Pakar Bandung,cafe view,Kota Bandung,-6.8398,107.6537,"-6.8398,107.6537","Dago Pakar, Ciburial, Cimenyan, Bandung","Cafe D'Pakar Bandung adalah tempat wisata kuliner dengan suasana alam sejuk, area outdoor, dan pemandangan pepohonan di kawasan Dago Pakar.",1,1,0,1,167.03,262,468000,640000,1050000,100000,2258000,melebihi budget,0
BDG-TRV-0541,Bekasi,3 hari 2 malam,3,1,1529000,standar,motor,nyaman,wisata alam,foto-foto,Curug Cimahi,wisata alam,Kabupaten Bandung Barat,-6.7986,107.5775,"-6.7986,107.5775","Kertawangi, Cisarua, Kabupaten Bandung Barat",Curug Cimahi adalah wisata air terjun di Bandung Barat dengan jalur trekking ringan dan suasana alam yang sejuk.,1,1,0,0,336.82,638,943000,1040000,210000,30000,2223000,melebihi budget,0
BDG-TRV-0542,Depok,3 hari 2 malam,3,1,2510000,hemat,mobil,standar,kuliner,kuliner,Sudirman Street Bandung,wisata kuliner,Kota Bandung,-6.9177,107.5969,"-6.9177,107.5969","Jl. Jend. Sudirman, Karanganyar, Astanaanyar, Kota Bandung",Sudirman Street Bandung adalah kawasan kuliner malam yang menawarkan berbagai makanan lokal dan suasana street food kota.,1,1,1,1,226.09,400,1357000,640000,210000,15000,2222000,sesuai,1
BDG-TRV-0543,Garut,2 hari 1 malam,2,5,3081000,premium,motor,standar,wisata tematik,kuliner,Floating Market Lembang,wisata kuliner,Kabupaten Bandung Barat,-6.8167,107.6187,"-6.8167,107.6187","Jl. Grand Hotel No.33E, Lembang, Kabupaten Bandung Barat","Floating Market Lembang menawarkan pengalaman kuliner, wahana keluarga, taman, dan suasana danau di kawasan Lembang.",0,1,1,1,159.84,292,448000,320000,700000,75000,1543000,sesuai,0
BDG-TRV-0544,Jakarta,1 hari,1,1,447000,premium,transportasi umum,tanpa penginapan,museum,sejarah,Museum Geologi Bandung,museum,Kota Bandung,-6.9007,107.6215,"-6.9007,107.6215","Jl. Diponegoro No.57, Cihaur Geulis, Cibeunying Kaler, Kota Bandung","Museum Geologi Bandung adalah destinasi edukasi yang menampilkan koleksi batuan, mineral, fosil, dan informasi sejarah bumi.",1,1,0,0,213.6,433,769000,0,70000,15000,854000,melebihi budget,0
BDG-TRV-0545,Cimahi,3 hari 2 malam,3,5,2235000,standar,transportasi umum,hemat,belanja,belanja,Paskal 23 Bandung,mall,Kota Bandung,-6.9147,107.5918,"-6.9147,107.5918","Jl. Pasir Kaliki No.25-27, Kebon Jeruk, Andir, Kota Bandung",Paskal 23 Bandung adalah pusat perbelanjaan dan kuliner modern yang dekat dengan kawasan stasiun dan pusat kota.,1,1,1,1,17.34,35,62000,360000,1050000,50000,1522000,sesuai,1
BDG-TRV-0546,Kabupaten Bandung,3 hari 2 malam,3,2,2974000,premium,transportasi umum,hemat,cafe view,foto-foto,Cafe D'Pakar Bandung,cafe view,Kota Bandung,-6.8398,107.6537,"-6.8398,107.6537","Dago Pakar, Ciburial, Cimenyan, Bandung","Cafe D'Pakar Bandung adalah tempat wisata kuliner dengan suasana alam sejuk, area outdoor, dan pemandangan pepohonan di kawasan Dago Pakar.",1,1,1,1,50.8,105,183000,360000,420000,40000,1003000,sesuai,1
BDG-TRV-0547,Kabupaten Bandung,2 hari 1 malam,2,2,2624000,premium,motor,nyaman,foto-foto,foto-foto,Jalan Braga,wisata kota,Kota Bandung,-6.9175,107.6098,"-6.9175,107.6098","Jl. Braga, Braga, Sumur Bandung, Kota Bandung","Jalan Braga adalah kawasan wisata kota dengan nuansa klasik, bangunan bersejarah, kafe, kuliner, dan spot foto yang populer di Bandung.",1,1,1,1,53.2,84,149000,520000,280000,10000,959000,sesuai,1
BDG-TRV-0548,Cimahi,3 hari 2 malam,3,2,2924000,premium,motor,nyaman,gunung,foto-foto,Tangkuban Perahu,gunung,Kabupaten Bandung Barat,-6.7596,107.6098,"-6.7596,107.6098","Cikahuripan, Lembang, Kabupaten Bandung Barat",Tangkuban Perahu adalah kawasan wisata gunung berapi dengan kawah alam yang populer untuk wisata alam dan edukasi geologi.,1,1,1,1,72.36,114,203000,1040000,420000,70000,1733000,sesuai,1
BDG-TRV-0549,Cimahi,1 hari,1,2,100000,standar,motor,tanpa penginapan,wisata alam,alam,Tebing Keraton,wisata alam,Kabupaten Bandung Barat,-6.8341,107.6635,"-6.8341,107.6635","Ciburial, Cimenyan, Kabupaten Bandung Barat",Tebing Keraton adalah destinasi wisata alam dengan pemandangan hutan dan perbukitan yang cocok untuk foto dan menikmati udara sejuk.,1,1,0,1,52.72,113,148000,0,140000,60000,348000,melebihi budget,0
BDG-TRV-0550,Kabupaten Bandung,2 hari 1 malam,2,2,1253000,hemat,transportasi umum,nyaman,wisata kuliner,santai,Martabak San Francisco Bandung,wisata kuliner,Kota Bandung,-6.9026,107.6092,"-6.9026,107.6092","Jl. Burangrang, Lengkong, Kota Bandung",Martabak San Francisco Bandung adalah destinasi kuliner legendaris yang dikenal dengan pilihan martabak manis dan martabak telur.,1,1,1,1,51.18,82,184000,520000,280000,30000,1014000,sesuai,1
BDG-TRV-0551,Tasikmalaya,3 hari 2 malam,3,3,1200000,hemat,transportasi umum,standar,edukasi,sejarah,Museum Geologi Bandung,museum,Kota Bandung,-6.9007,107.6215,"-6.9007,107.6215","Jl. Diponegoro No.57, Cihaur Geulis, Cibeunying Kaler, Kota Bandung","Museum Geologi Bandung adalah destinasi edukasi yang menampilkan koleksi batuan, mineral, fosil, dan informasi sejarah bumi.",1,1,0,1,125.71,208,453000,640000,630000,45000,1768000,melebihi budget,0
BDG-TRV-0552,Bogor,1 hari,1,3,768000,hemat,motor,tanpa penginapan,wisata religi,religi,Floating Market Lembang,wisata kuliner,Kabupaten Bandung Barat,-6.8167,107.6187,"-6.8167,107.6187","Jl. Grand Hotel No.33E, Lembang, Kabupaten Bandung Barat","Floating Market Lembang menawarkan pengalaman kuliner, wahana keluarga, taman, dan suasana danau di kawasan Lembang.",0,0,0,0,228.57,417,640000,0,210000,45000,895000,melebihi budget,0
BDG-TRV-0553,Tasikmalaya,2 hari 1 malam,2,3,2205000,hemat,mobil,standar,mall,foto-foto,Paris Van Java Mall,mall,Kota Bandung,-6.8893,107.5966,"-6.8893,107.5966","Jl. Sukajadi No.131-139, Cipedes, Sukajadi, Kota Bandung","Paris Van Java Mall adalah pusat belanja bergaya terbuka yang menawarkan kuliner, hiburan, fashion, dan suasana santai di Kota Bandung.",1,1,1,1,141.98,229,852000,320000,420000,30000,1622000,sesuai,1
BDG-TRV-0554,Bogor,1 hari,1,5,725000,hemat,mobil,tanpa penginapan,gunung,edukasi,Tangkuban Perahu,gunung,Kabupaten Bandung Barat,-6.7596,107.6098,"-6.7596,107.6098","Cikahuripan, Lembang, Kabupaten Bandung Barat",Tangkuban Perahu adalah kawasan wisata gunung berapi dengan kawah alam yang populer untuk wisata alam dan edukasi geologi.,1,1,0,0,308.9,476,1853000,0,350000,175000,2378000,melebihi budget,0
BDG-TRV-0555,Kabupaten Bandung,3 hari 2 malam,3,3,2513000,premium,transportasi umum,hemat,cafe view,foto-foto,Cafe D'Pakar Bandung,cafe view,Kota Bandung,-6.8398,107.6537,"-6.8398,107.6537","Dago Pakar, Ciburial, Cimenyan, Bandung","Cafe D'Pakar Bandung adalah tempat wisata kuliner dengan suasana alam sejuk, area outdoor, dan pemandangan pepohonan di kawasan Dago Pakar.",1,1,1,1,36.18,77,130000,360000,630000,60000,1180000,sesuai,1
BDG-TRV-0556,Kabupaten Bandung,3 hari 2 malam,3,1,1998000,standar,mobil,hemat,kuliner,kuliner,Martabak San Francisco Bandung,wisata kuliner,Kota Bandung,-6.9026,107.6092,"-6.9026,107.6092","Jl. Burangrang, Lengkong, Kota Bandung",Martabak San Francisco Bandung adalah destinasi kuliner legendaris yang dikenal dengan pilihan martabak manis dan martabak telur.,1,1,1,1,24.26,41,146000,360000,210000,15000,731000,sesuai,1
BDG-TRV-0557,Bogor,2 hari 1 malam,2,2,1371000,standar,motor,standar,keluarga,foto-foto,Kampung Gajah Wonderland,wisata tematik,Kabupaten Bandung Barat,-6.8291,107.5933,"-6.8291,107.5933","Jl. Sersan Bajuri, Cihideung, Parongpong, Kabupaten Bandung Barat",Kampung Gajah Wonderland dikenal sebagai kawasan wisata tematik keluarga dengan berbagai wahana dan area rekreasi.,1,1,1,1,208.95,431,585000,320000,280000,130000,1315000,sesuai,1
BDG-TRV-0558,Cimahi,2 hari 1 malam,2,2,4476000,premium,mobil,hemat,museum,belanja,Floating Market Lembang,wisata kuliner,Kabupaten Bandung Barat,-6.8167,107.6187,"-6.8167,107.6187","Jl. Grand Hotel No.33E, Lembang, Kabupaten Bandung Barat","Floating Market Lembang menawarkan pengalaman kuliner, wahana keluarga, taman, dan suasana danau di kawasan Lembang.",0,0,1,1,42.86,86,257000,180000,280000,30000,747000,sesuai,0
BDG-TRV-0559,Depok,2 hari 1 malam,2,2,3638000,premium,motor,nyaman,kuliner,foto-foto,Floating Market Lembang,wisata kuliner,Kabupaten Bandung Barat,-6.8167,107.6187,"-6.8167,107.6187","Jl. Grand Hotel No.33E, Lembang, Kabupaten Bandung Barat","Floating Market Lembang menawarkan pengalaman kuliner, wahana keluarga, taman, dan suasana danau di kawasan Lembang.",1,1,1,1,228.18,401,639000,520000,280000,30000,1469000,sesuai,1
BDG-TRV-0560,Jakarta,4 hari 3 malam,4,2,4865000,premium,motor,hemat,wisata edukasi,religi,Tangkuban Perahu,gunung,Kabupaten Bandung Barat,-6.7596,107.6098,"-6.7596,107.6098","Cikahuripan, Lembang, Kabupaten Bandung Barat",Tangkuban Perahu adalah kawasan wisata gunung berapi dengan kawah alam yang populer untuk wisata alam dan edukasi geologi.,0,0,1,1,200.32,322,561000,540000,560000,70000,1731000,sesuai,0
BDG-TRV-0561,Depok,4 hari 3 malam,4,2,1785000,standar,motor,nyaman,wisata alam,foto-foto,Floating Market Lembang,wisata kuliner,Kabupaten Bandung Barat,-6.8167,107.6187,"-6.8167,107.6187","Jl. Grand Hotel No.33E, Lembang, Kabupaten Bandung Barat","Floating Market Lembang menawarkan pengalaman kuliner, wahana keluarga, taman, dan suasana danau di kawasan Lembang.",0,1,0,1,206.81,362,579000,1560000,560000,30000,2729000,melebihi budget,0
BDG-TRV-0562,Bekasi,2 hari 1 malam,2,1,1585000,standar,motor,hemat,kuliner,healing,Cafe D'Pakar Bandung,cafe view,Kota Bandung,-6.8398,107.6537,"-6.8398,107.6537","Dago Pakar, Ciburial, Cimenyan, Bandung","Cafe D'Pakar Bandung adalah tempat wisata kuliner dengan suasana alam sejuk, area outdoor, dan pemandangan pepohonan di kawasan Dago Pakar.",1,0,1,1,132.68,220,372000,180000,140000,20000,712000,sesuai,0
BDG-TRV-0563,Bogor,3 hari 2 malam,3,5,4828000,premium,mobil,hemat,kuliner,santai,Sudirman Street Bandung,wisata kuliner,Kota Bandung,-6.9177,107.5969,"-6.9177,107.5969","Jl. Jend. Sudirman, Karanganyar, Astanaanyar, Kota Bandung",Sudirman Street Bandung adalah kawasan kuliner malam yang menawarkan berbagai makanan lokal dan suasana street food kota.,1,1,1,1,177.07,274,1062000,360000,1050000,75000,2547000,sesuai,1
BDG-TRV-0564,Jakarta,2 hari 1 malam,2,2,931000,hemat,transportasi umum,standar,belanja,kuliner,Cihampelas Walk,mall,Kota Bandung,-6.894,107.6042,"-6.894,107.6042","Jl. Cihampelas No.160, Cipaganti, Coblong, Kota Bandung",Cihampelas Walk adalah pusat belanja dan kuliner dengan konsep ruang terbuka yang cocok untuk jalan santai dan hiburan keluarga.,1,1,0,0,349.94,535,1260000,320000,280000,20000,1880000,melebihi budget,0
BDG-TRV-0565,Tasikmalaya,3 hari 2 malam,3,4,4668000,premium,transportasi umum,standar,wisata kuliner,foto-foto,Floating Market Lembang,wisata kuliner,Kabupaten Bandung Barat,-6.8167,107.6187,"-6.8167,107.6187","Jl. Grand Hotel No.33E, Lembang, Kabupaten Bandung Barat","Floating Market Lembang menawarkan pengalaman kuliner, wahana keluarga, taman, dan suasana danau di kawasan Lembang.",1,1,1,1,193.6,302,697000,640000,840000,60000,2237000,sesuai,1
BDG-TRV-0566,Kabupaten Bandung,1 hari,1,5,3117000,premium,transportasi umum,tanpa penginapan,keluarga,santai,Farm House Lembang,wisata tematik,Kabupaten Bandung Barat,-6.8325,107.605,"-6.8325,107.605","Jl. Raya Lembang No.108, Gudangkahuripan, Lembang","Farm House Lembang adalah wisata tematik dengan nuansa Eropa, spot foto, taman, dan area rekreasi keluarga.",1,1,1,1,72.94,137,263000,0,350000,325000,938000,sesuai,1
BDG-TRV-0567,Bekasi,2 hari 1 malam,2,5,2645000,hemat,mobil,standar,edukasi,sejarah,Museum Geologi Bandung,museum,Kota Bandung,-6.9007,107.6215,"-6.9007,107.6215","Jl. Diponegoro No.57, Cihaur Geulis, Cibeunying Kaler, Kota Bandung","Museum Geologi Bandung adalah destinasi edukasi yang menampilkan koleksi batuan, mineral, fosil, dan informasi sejarah bumi.",1,1,1,1,161.43,319,969000,320000,700000,75000,2064000,sesuai,1
BDG-TRV-0568,Kota Bandung,2 hari 1 malam,2,3,4646000,premium,transportasi umum,hemat,wisata kuliner,santai,Sudirman Street Bandung,wisata kuliner,Kota Bandung,-6.9177,107.5969,"-6.9177,107.5969","Jl. Jend. Sudirman, Karanganyar, Astanaanyar, Kota Bandung",Sudirman Street Bandung adalah kawasan kuliner malam yang menawarkan berbagai makanan lokal dan suasana street food kota.,1,1,1,1,15.41,30,55000,180000,420000,45000,700000,sesuai,1
BDG-TRV-0569,Depok,2 hari 1 malam,2,4,1713000,standar,mobil,hemat,cafe view,healing,Martabak San Francisco Bandung,wisata kuliner,Kota Bandung,-6.9026,107.6092,"-6.9026,107.6092","Jl. Burangrang, Lengkong, Kota Bandung",Martabak San Francisco Bandung adalah destinasi kuliner legendaris yang dikenal dengan pilihan martabak manis dan martabak telur.,0,0,0,1,166.78,275,1001000,180000,560000,60000,1801000,melebihi budget,0
BDG-TRV-0570,Bekasi,2 hari 1 malam,2,3,1866000,standar,transportasi umum,hemat,wisata kuliner,santai,Martabak San Francisco Bandung,wisata kuliner,Kota Bandung,-6.9026,107.6092,"-6.9026,107.6092","Jl. Burangrang, Lengkong, Kota Bandung",Martabak San Francisco Bandung adalah destinasi kuliner legendaris yang dikenal dengan pilihan martabak manis dan martabak telur.,1,1,1,0,240.95,462,867000,180000,420000,45000,1512000,sesuai,0
BDG-TRV-0571,Kota Bandung,1 hari,1,1,4237000,premium,mobil,tanpa penginapan,wisata edukasi,santai,Taman Lalu Lintas Bandung,wisata edukasi,Kota Bandung,-6.9128,107.6169,"-6.9128,107.6169","Jl. Belitung No.1, Merdeka, Sumur Bandung, Kota Bandung",Taman Lalu Lintas Bandung adalah tempat wisata edukasi anak dan keluarga untuk mengenal aturan lalu lintas melalui area bermain dan taman kota.,1,1,1,1,20.93,43,126000,0,70000,25000,221000,sesuai,1
BDG-TRV-0572,Bekasi,2 hari 1 malam,2,2,4549000,premium,mobil,hemat,mall,keluarga,Trans Studio Mall Bandung,mall,Kota Bandung,-6.9254,107.6358,"-6.9254,107.6358","Jl. Gatot Subroto No.289, Cibangkong, Batununggal, Kota Bandung",Trans Studio Mall Bandung adalah pusat perbelanjaan dan hiburan indoor yang terhubung dengan kawasan Trans Studio Bandung.,1,1,1,1,196.74,440,1180000,180000,280000,20000,1660000,sesuai,1
BDG-TRV-0573,Garut,4 hari 3 malam,4,3,4839000,premium,mobil,hemat,kuliner,foto-foto,Sudirman Street Bandung,wisata kuliner,Kota Bandung,-6.9177,107.5969,"-6.9177,107.5969","Jl. Jend. Sudirman, Karanganyar, Astanaanyar, Kota Bandung",Sudirman Street Bandung adalah kawasan kuliner malam yang menawarkan berbagai makanan lokal dan suasana street food kota.,1,1,1,1,100.01,169,600000,540000,840000,45000,2025000,sesuai,1
BDG-TRV-0574,Depok,3 hari 2 malam,3,3,3254000,hemat,mobil,standar,wisata kuliner,keluarga,Floating Market Lembang,wisata kuliner,Kabupaten Bandung Barat,-6.8167,107.6187,"-6.8167,107.6187","Jl. Grand Hotel No.33E, Lembang, Kabupaten Bandung Barat","Floating Market Lembang menawarkan pengalaman kuliner, wahana keluarga, taman, dan suasana danau di kawasan Lembang.",1,1,1,1,182.46,328,1095000,640000,630000,45000,2410000,sesuai,1
BDG-TRV-0575,Kota Bandung,3 hari 2 malam,3,4,3060000,premium,mobil,nyaman,alam,foto-foto,Tangkuban Perahu,gunung,Kabupaten Bandung Barat,-6.7596,107.6098,"-6.7596,107.6098","Cikahuripan, Lembang, Kabupaten Bandung Barat",Tangkuban Perahu adalah kawasan wisata gunung berapi dengan kawah alam yang populer untuk wisata alam dan edukasi geologi.,1,1,1,1,46.32,80,278000,1040000,840000,140000,2298000,sesuai,1
BDG-TRV-0576,Kota Bandung,3 hari 2 malam,3,3,890000,standar,motor,hemat,mall,belanja,Cihampelas Walk,mall,Kota Bandung,-6.894,107.6042,"-6.894,107.6042","Jl. Cihampelas No.160, Cipaganti, Coblong, Kota Bandung",Cihampelas Walk adalah pusat belanja dan kuliner dengan konsep ruang terbuka yang cocok untuk jalan santai dan hiburan keluarga.,1,1,0,1,6.34,14,18000,360000,630000,30000,1038000,melebihi budget,0
BDG-TRV-0577,Bogor,2 hari 1 malam,2,1,1900000,hemat,transportasi umum,nyaman,edukasi,budaya,Saung Angklung Udjo,wisata edukasi,Kota Bandung,-6.8992,107.6542,"-6.8992,107.6542","Jl. Padasuka No.118, Pasirlayung, Cibeunying Kidul, Kota Bandung","Saung Angklung Udjo adalah destinasi budaya dan edukasi yang menampilkan pertunjukan angklung, seni Sunda, dan aktivitas keluarga.",1,1,1,1,171.41,262,617000,520000,140000,25000,1302000,sesuai,1
BDG-TRV-0578,Jakarta,1 hari,1,5,1981000,standar,mobil,tanpa penginapan,kuliner,keluarga,Floating Market Lembang,wisata kuliner,Kabupaten Bandung Barat,-6.8167,107.6187,"-6.8167,107.6187","Jl. Grand Hotel No.33E, Lembang, Kabupaten Bandung Barat","Floating Market Lembang menawarkan pengalaman kuliner, wahana keluarga, taman, dan suasana danau di kawasan Lembang.",1,1,1,1,197.4,425,1184000,0,350000,75000,1609000,sesuai,1
BDG-TRV-0579,Bogor,1 hari,1,3,4703000,premium,motor,tanpa penginapan,wisata religi,santai,Martabak San Francisco Bandung,wisata kuliner,Kota Bandung,-6.9026,107.6092,"-6.9026,107.6092","Jl. Burangrang, Lengkong, Kota Bandung",Martabak San Francisco Bandung adalah destinasi kuliner legendaris yang dikenal dengan pilihan martabak manis dan martabak telur.,0,1,1,0,224.76,501,629000,0,210000,45000,884000,sesuai,0
BDG-TRV-0580,Bogor,3 hari 2 malam,3,5,3614000,premium,motor,standar,mall,keluarga,Trans Studio Mall Bandung,mall,Kota Bandung,-6.9254,107.6358,"-6.9254,107.6358","Jl. Gatot Subroto No.289, Cibangkong, Batununggal, Kota Bandung",Trans Studio Mall Bandung adalah pusat perbelanjaan dan hiburan indoor yang terhubung dengan kawasan Trans Studio Bandung.,1,1,1,1,179.61,398,503000,640000,1050000,50000,2243000,sesuai,1
BDG-TRV-0581,Bogor,2 hari 1 malam,2,2,1972000,hemat,motor,standar,edukasi,keluarga,Saung Angklung Udjo,wisata edukasi,Kota Bandung,-6.8992,107.6542,"-6.8992,107.6542","Jl. Padasuka No.118, Pasirlayung, Cibeunying Kidul, Kota Bandung","Saung Angklung Udjo adalah destinasi budaya dan edukasi yang menampilkan pertunjukan angklung, seni Sunda, dan aktivitas keluarga.",1,1,1,1,191.4,438,536000,320000,280000,50000,1186000,sesuai,1
BDG-TRV-0582,Garut,3 hari 2 malam,3,2,730000,hemat,mobil,hemat,wisata religi,religi,Masjid Raya Bandung,wisata religi,Kota Bandung,-6.9216,107.6068,"-6.9216,107.6068","Jl. Dalem Kaum, Balonggede, Regol, Kota Bandung",Masjid Raya Bandung merupakan destinasi wisata religi di kawasan Alun-Alun Bandung dengan arsitektur megah dan suasana pusat kota yang ramai.,1,1,0,1,107.16,225,643000,360000,420000,0,1423000,melebihi budget,0
BDG-TRV-0583,Depok,2 hari 1 malam,2,1,701000,hemat,mobil,hemat,wisata tematik,kuliner,Museum Konferensi Asia Afrika,museum,Kota Bandung,-6.921,107.6097,"-6.921,107.6097","Jl. Asia Afrika No.65, Braga, Sumur Bandung, Kota Bandung","Museum Konferensi Asia Afrika menyajikan sejarah Konferensi Asia Afrika dan cocok untuk wisata edukasi, sejarah, serta kunjungan pelajar.",0,0,0,1,152.1,324,913000,180000,140000,15000,1248000,melebihi budget,0
BDG-TRV-0584,Garut,2 hari 1 malam,2,4,1968000,standar,motor,nyaman,mall,belanja,Paskal 23 Bandung,mall,Kota Bandung,-6.9147,107.5918,"-6.9147,107.5918","Jl. Pasir Kaliki No.25-27, Kebon Jeruk, Andir, Kota Bandung",Paskal 23 Bandung adalah pusat perbelanjaan dan kuliner modern yang dekat dengan kawasan stasiun dan pusat kota.,1,1,1,1,86.18,161,241000,520000,560000,40000,1361000,sesuai,1
BDG-TRV-0585,Kabupaten Bandung,1 hari,1,2,4104000,premium,mobil,tanpa penginapan,wisata religi,healing,Paris Van Java Mall,mall,Kota Bandung,-6.8893,107.5966,"-6.8893,107.5966","Jl. Sukajadi No.131-139, Cipedes, Sukajadi, Kota Bandung","Paris Van Java Mall adalah pusat belanja bergaya terbuka yang menawarkan kuliner, hiburan, fashion, dan suasana santai di Kota Bandung.",0,0,1,1,32.11,59,193000,0,140000,20000,353000,sesuai,0
BDG-TRV-0586,Kabupaten Bandung,2 hari 1 malam,2,1,1695000,hemat,mobil,nyaman,edukasi,keluarga,Taman Lalu Lintas Bandung,wisata edukasi,Kota Bandung,-6.9128,107.6169,"-6.9128,107.6169","Jl. Belitung No.1, Merdeka, Sumur Bandung, Kota Bandung",Taman Lalu Lintas Bandung adalah tempat wisata edukasi anak dan keluarga untuk mengenal aturan lalu lintas melalui area bermain dan taman kota.,1,1,1,1,30.68,57,184000,520000,140000,25000,869000,sesuai,1
BDG-TRV-0587,Jakarta,2 hari 1 malam,2,2,641000,hemat,mobil,nyaman,kuliner,foto-foto,Sudirman Street Bandung,wisata kuliner,Kota Bandung,-6.9177,107.5969,"-6.9177,107.5969","Jl. Jend. Sudirman, Karanganyar, Astanaanyar, Kota Bandung",Sudirman Street Bandung adalah kawasan kuliner malam yang menawarkan berbagai makanan lokal dan suasana street food kota.,1,1,0,0,331.17,692,1987000,520000,280000,30000,2817000,melebihi budget,0
BDG-TRV-0588,Jakarta,2 hari 1 malam,2,1,366000,hemat,transportasi umum,hemat,wisata tematik,alam,Trans Studio Mall Bandung,mall,Kota Bandung,-6.9254,107.6358,"-6.9254,107.6358","Jl. Gatot Subroto No.289, Cibangkong, Batununggal, Kota Bandung",Trans Studio Mall Bandung adalah pusat perbelanjaan dan hiburan indoor yang terhubung dengan kawasan Trans Studio Bandung.,0,0,0,1,175.98,369,634000,180000,140000,10000,964000,melebihi budget,0
BDG-TRV-0589,Kota Bandung,2 hari 1 malam,2,4,3244000,premium,motor,hemat,mall,belanja,Trans Studio Mall Bandung,mall,Kota Bandung,-6.9254,107.6358,"-6.9254,107.6358","Jl. Gatot Subroto No.289, Cibangkong, Batununggal, Kota Bandung",Trans Studio Mall Bandung adalah pusat perbelanjaan dan hiburan indoor yang terhubung dengan kawasan Trans Studio Bandung.,1,1,1,1,14.56,25,41000,180000,560000,40000,821000,sesuai,1
BDG-TRV-0590,Depok,3 hari 2 malam,3,5,4277000,premium,mobil,nyaman,wisata alam,foto-foto,Trans Studio Mall Bandung,mall,Kota Bandung,-6.9254,107.6358,"-6.9254,107.6358","Jl. Gatot Subroto No.289, Cibangkong, Batununggal, Kota Bandung",Trans Studio Mall Bandung adalah pusat perbelanjaan dan hiburan indoor yang terhubung dengan kawasan Trans Studio Bandung.,0,0,1,1,216.36,483,1298000,1040000,1050000,50000,3438000,sesuai,0
BDG-TRV-0591,Bogor,3 hari 2 malam,3,1,2163000,standar,motor,standar,edukasi,foto-foto,Museum Konferensi Asia Afrika,museum,Kota Bandung,-6.921,107.6097,"-6.921,107.6097","Jl. Asia Afrika No.65, Braga, Sumur Bandung, Kota Bandung","Museum Konferensi Asia Afrika menyajikan sejarah Konferensi Asia Afrika dan cocok untuk wisata edukasi, sejarah, serta kunjungan pelajar.",1,1,1,1,199.81,398,559000,640000,210000,15000,1424000,sesuai,1
BDG-TRV-0592,Bekasi,4 hari 3 malam,4,2,853000,hemat,motor,hemat,museum,alam,Kebun Binatang Bandung,kebun binatang,Kota Bandung,-6.8902,107.607,"-6.8902,107.607","Jl. Tamansari No.71, Lebak Siliwangi, Coblong, Kota Bandung",Kebun Binatang Bandung adalah wisata edukasi keluarga yang menampilkan berbagai satwa dan area rekreasi di kawasan Tamansari.,0,0,0,1,135.78,256,380000,540000,560000,100000,1580000,melebihi budget,0
BDG-TRV-0593,Kota Bandung,2 hari 1 malam,2,5,1618000,hemat,motor,nyaman,kuliner,keluarga,Floating Market Lembang,wisata kuliner,Kabupaten Bandung Barat,-6.8167,107.6187,"-6.8167,107.6187","Jl. Grand Hotel No.33E, Lembang, Kabupaten Bandung Barat","Floating Market Lembang menawarkan pengalaman kuliner, wahana keluarga, taman, dan suasana danau di kawasan Lembang.",1,1,1,1,44.21,95,124000,520000,700000,75000,1419000,sesuai,1
BDG-TRV-0594,Kota Bandung,1 hari,1,2,100000,hemat,transportasi umum,tanpa penginapan,kuliner,keluarga,Floating Market Lembang,wisata kuliner,Kabupaten Bandung Barat,-6.8167,107.6187,"-6.8167,107.6187","Jl. Grand Hotel No.33E, Lembang, Kabupaten Bandung Barat","Floating Market Lembang menawarkan pengalaman kuliner, wahana keluarga, taman, dan suasana danau di kawasan Lembang.",1,1,0,1,24.68,52,89000,0,140000,30000,259000,melebihi budget,0
BDG-TRV-0595,Bekasi,1 hari,1,4,2398000,standar,motor,tanpa penginapan,gunung,alam,Tangkuban Perahu,gunung,Kabupaten Bandung Barat,-6.7596,107.6098,"-6.7596,107.6098","Cikahuripan, Lembang, Kabupaten Bandung Barat",Tangkuban Perahu adalah kawasan wisata gunung berapi dengan kawah alam yang populer untuk wisata alam dan edukasi geologi.,1,1,1,1,231.59,416,648000,0,280000,140000,1068000,sesuai,1
BDG-TRV-0596,Cimahi,1 hari,1,5,2305000,standar,mobil,tanpa penginapan,cafe view,santai,Cafe D'Pakar Bandung,cafe view,Kota Bandung,-6.8398,107.6537,"-6.8398,107.6537","Dago Pakar, Ciburial, Cimenyan, Bandung","Cafe D'Pakar Bandung adalah tempat wisata kuliner dengan suasana alam sejuk, area outdoor, dan pemandangan pepohonan di kawasan Dago Pakar.",1,1,1,1,19.44,36,117000,0,350000,100000,567000,sesuai,1
BDG-TRV-0597,Depok,1 hari,1,4,1483000,standar,mobil,tanpa penginapan,kuliner,kuliner,Sudirman Street Bandung,wisata kuliner,Kota Bandung,-6.9177,107.5969,"-6.9177,107.5969","Jl. Jend. Sudirman, Karanganyar, Astanaanyar, Kota Bandung",Sudirman Street Bandung adalah kawasan kuliner malam yang menawarkan berbagai makanan lokal dan suasana street food kota.,1,1,0,0,328.19,739,1969000,0,280000,60000,2309000,melebihi budget,0
BDG-TRV-0598,Garut,1 hari,1,5,1636000,standar,motor,tanpa penginapan,edukasi,sejarah,Museum Konferensi Asia Afrika,museum,Kota Bandung,-6.921,107.6097,"-6.921,107.6097","Jl. Asia Afrika No.65, Braga, Sumur Bandung, Kota Bandung","Museum Konferensi Asia Afrika menyajikan sejarah Konferensi Asia Afrika dan cocok untuk wisata edukasi, sejarah, serta kunjungan pelajar.",1,1,1,1,95.78,164,268000,0,350000,75000,693000,sesuai,1
BDG-TRV-0599,Cimahi,3 hari 2 malam,3,4,833000,hemat,transportasi umum,nyaman,mall,edukasi,Kebun Binatang Bandung,kebun binatang,Kota Bandung,-6.8902,107.607,"-6.8902,107.607","Jl. Tamansari No.71, Lebak Siliwangi, Coblong, Kota Bandung",Kebun Binatang Bandung adalah wisata edukasi keluarga yang menampilkan berbagai satwa dan area rekreasi di kawasan Tamansari.,0,1,0,1,30.82,50,111000,1040000,840000,200000,2191000,melebihi budget,0
BDG-TRV-0600,Jakarta,2 hari 1 malam,2,5,2720000,standar,transportasi umum,nyaman,belanja,belanja,Trans Studio Mall Bandung,mall,Kota Bandung,-6.9254,107.6358,"-6.9254,107.6358","Jl. Gatot Subroto No.289, Cibangkong, Batununggal, Kota Bandung",Trans Studio Mall Bandung adalah pusat perbelanjaan dan hiburan indoor yang terhubung dengan kawasan Trans Studio Bandung.,1,1,1,1,209.58,416,754000,520000,700000,50000,2024000,sesuai,1
BDG-TRV-0601,Kota Bandung,1 hari,1,2,2137000,standar,motor,tanpa penginapan,mall,foto-foto,Paris Van Java Mall,mall,Kota Bandung,-6.8893,107.5966,"-6.8893,107.5966","Jl. Sukajadi No.131-139, Cipedes, Sukajadi, Kota Bandung","Paris Van Java Mall adalah pusat belanja bergaya terbuka yang menawarkan kuliner, hiburan, fashion, dan suasana santai di Kota Bandung.",1,1,1,1,12.17,22,34000,0,140000,20000,194000,sesuai,1
BDG-TRV-0602,Bekasi,1 hari,1,4,1349000,hemat,mobil,tanpa penginapan,wisata alam,healing,Orchid Forest Cikole,wisata alam,Kabupaten Bandung Barat,-6.7806,107.6373,"-6.7806,107.6373","Cikole, Lembang, Kabupaten Bandung Barat","Orchid Forest Cikole adalah wisata alam hutan pinus dengan koleksi anggrek, spot foto, dan suasana sejuk di Lembang.",1,1,0,0,185.92,345,1116000,0,280000,120000,1516000,melebihi budget,0
BDG-TRV-0603,Cimahi,1 hari,1,2,2021000,standar,mobil,tanpa penginapan,gunung,edukasi,Tangkuban Perahu,gunung,Kabupaten Bandung Barat,-6.7596,107.6098,"-6.7596,107.6098","Cikahuripan, Lembang, Kabupaten Bandung Barat",Tangkuban Perahu adalah kawasan wisata gunung berapi dengan kawah alam yang populer untuk wisata alam dan edukasi geologi.,1,1,1,1,51.05,116,306000,0,140000,70000,516000,sesuai,1
BDG-TRV-0604,Bogor,2 hari 1 malam,2,4,4522000,premium,transportasi umum,standar,museum,sejarah,Museum Geologi Bandung,museum,Kota Bandung,-6.9007,107.6215,"-6.9007,107.6215","Jl. Diponegoro No.57, Cihaur Geulis, Cibeunying Kaler, Kota Bandung","Museum Geologi Bandung adalah destinasi edukasi yang menampilkan koleksi batuan, mineral, fosil, dan informasi sejarah bumi.",1,1,1,0,282.49,626,1017000,320000,560000,60000,1957000,sesuai,0
BDG-TRV-0605,Bogor,3 hari 2 malam,3,1,3754000,premium,mobil,standar,belanja,keluarga,Trans Studio Mall Bandung,mall,Kota Bandung,-6.9254,107.6358,"-6.9254,107.6358","Jl. Gatot Subroto No.289, Cibangkong, Batununggal, Kota Bandung",Trans Studio Mall Bandung adalah pusat perbelanjaan dan hiburan indoor yang terhubung dengan kawasan Trans Studio Bandung.,1,1,1,1,171.25,332,1028000,640000,210000,10000,1888000,sesuai,1
BDG-TRV-0606,Kota Bandung,2 hari 1 malam,2,1,860000,hemat,transportasi umum,nyaman,wisata religi,kuliner,Tangkuban Perahu,gunung,Kabupaten Bandung Barat,-6.7596,107.6098,"-6.7596,107.6098","Cikahuripan, Lembang, Kabupaten Bandung Barat",Tangkuban Perahu adalah kawasan wisata gunung berapi dengan kawah alam yang populer untuk wisata alam dan edukasi geologi.,0,0,1,1,34.32,51,124000,520000,140000,35000,819000,sesuai,0
BDG-TRV-0607,Bekasi,1 hari,1,2,3362000,premium,transportasi umum,tanpa penginapan,gunung,foto-foto,Tangkuban Perahu,gunung,Kabupaten Bandung Barat,-6.7596,107.6098,"-6.7596,107.6098","Cikahuripan, Lembang, Kabupaten Bandung Barat",Tangkuban Perahu adalah kawasan wisata gunung berapi dengan kawah alam yang populer untuk wisata alam dan edukasi geologi.,1,1,1,1,211.53,449,762000,0,140000,70000,972000,sesuai,1
BDG-TRV-0608,Jakarta,2 hari 1 malam,2,3,2980000,premium,transportasi umum,hemat,kuliner,foto-foto,Cafe D'Pakar Bandung,cafe view,Kota Bandung,-6.8398,107.6537,"-6.8398,107.6537","Dago Pakar, Ciburial, Cimenyan, Bandung","Cafe D'Pakar Bandung adalah tempat wisata kuliner dengan suasana alam sejuk, area outdoor, dan pemandangan pepohonan di kawasan Dago Pakar.",1,1,1,1,216.08,404,778000,180000,420000,60000,1438000,sesuai,1
BDG-TRV-0609,Jakarta,4 hari 3 malam,4,3,3889000,premium,motor,nyaman,kuliner,belanja,Martabak San Francisco Bandung,wisata kuliner,Kota Bandung,-6.9026,107.6092,"-6.9026,107.6092","Jl. Burangrang, Lengkong, Kota Bandung",Martabak San Francisco Bandung adalah destinasi kuliner legendaris yang dikenal dengan pilihan martabak manis dan martabak telur.,1,0,1,1,178.27,301,499000,1560000,840000,45000,2944000,sesuai,0
BDG-TRV-0610,Bogor,3 hari 2 malam,3,3,1044000,standar,transportasi umum,standar,kebun binatang,santai,Sudirman Street Bandung,wisata kuliner,Kota Bandung,-6.9177,107.5969,"-6.9177,107.5969","Jl. Jend. Sudirman, Karanganyar, Astanaanyar, Kota Bandung",Sudirman Street Bandung adalah kawasan kuliner malam yang menawarkan berbagai makanan lokal dan suasana street food kota.,0,1,0,0,230.4,399,829000,640000,630000,45000,2144000,melebihi budget,0
BDG-TRV-0611,Garut,2 hari 1 malam,2,1,1377000,standar,motor,nyaman,wisata kuliner,kuliner,Sudirman Street Bandung,wisata kuliner,Kota Bandung,-6.9177,107.5969,"-6.9177,107.5969","Jl. Jend. Sudirman, Karanganyar, Astanaanyar, Kota Bandung",Sudirman Street Bandung adalah kawasan kuliner malam yang menawarkan berbagai makanan lokal dan suasana street food kota.,1,1,1,1,114.97,224,322000,520000,140000,15000,997000,sesuai,1
BDG-TRV-0612,Bogor,1 hari,1,4,407000,hemat,mobil,tanpa penginapan,belanja,belanja,Bandung Indah Plaza,mall,Kota Bandung,-6.9089,107.6105,"-6.9089,107.6105","Jl. Merdeka No.56, Citarum, Bandung Wetan, Kota Bandung","Bandung Indah Plaza adalah pusat perbelanjaan di pusat Kota Bandung dengan pilihan fashion, kuliner, hiburan, dan kebutuhan gaya hidup.",1,1,0,0,331.07,502,1986000,0,280000,40000,2306000,melebihi budget,0
BDG-TRV-0613,Kabupaten Bandung,1 hari,1,5,984000,standar,mobil,tanpa penginapan,cafe view,religi,Tebing Keraton,wisata alam,Kabupaten Bandung Barat,-6.8341,107.6635,"-6.8341,107.6635","Ciburial, Cimenyan, Kabupaten Bandung Barat",Tebing Keraton adalah destinasi wisata alam dengan pemandangan hutan dan perbukitan yang cocok untuk foto dan menikmati udara sejuk.,0,0,1,1,67.87,104,407000,0,350000,150000,907000,sesuai,0
BDG-TRV-0614,Kota Bandung,2 hari 1 malam,2,5,3828000,premium,motor,standar,kuliner,kuliner,Martabak San Francisco Bandung,wisata kuliner,Kota Bandung,-6.9026,107.6092,"-6.9026,107.6092","Jl. Burangrang, Lengkong, Kota Bandung",Martabak San Francisco Bandung adalah destinasi kuliner legendaris yang dikenal dengan pilihan martabak manis dan martabak telur.,1,1,1,1,10.83,21,30000,320000,700000,75000,1125000,sesuai,1
BDG-TRV-0615,Bogor,3 hari 2 malam,3,5,2966000,standar,mobil,standar,mall,kuliner,Paskal 23 Bandung,mall,Kota Bandung,-6.9147,107.5918,"-6.9147,107.5918","Jl. Pasir Kaliki No.25-27, Kebon Jeruk, Andir, Kota Bandung",Paskal 23 Bandung adalah pusat perbelanjaan dan kuliner modern yang dekat dengan kawasan stasiun dan pusat kota.,1,1,1,1,175.11,279,1051000,640000,1050000,50000,2791000,sesuai,1
BDG-TRV-0616,Kota Bandung,4 hari 3 malam,4,5,1317000,standar,transportasi umum,hemat,wisata kuliner,kuliner,Floating Market Lembang,wisata kuliner,Kabupaten Bandung Barat,-6.8167,107.6187,"-6.8167,107.6187","Jl. Grand Hotel No.33E, Lembang, Kabupaten Bandung Barat","Floating Market Lembang menawarkan pengalaman kuliner, wahana keluarga, taman, dan suasana danau di kawasan Lembang.",1,1,0,1,161.41,316,581000,540000,1400000,75000,2596000,melebihi budget,0
BDG-TRV-0617,Depok,1 hari,1,5,1724000,hemat,motor,tanpa penginapan,museum,keluarga,Museum Geologi Bandung,museum,Kota Bandung,-6.9007,107.6215,"-6.9007,107.6215","Jl. Diponegoro No.57, Cihaur Geulis, Cibeunying Kaler, Kota Bandung","Museum Geologi Bandung adalah destinasi edukasi yang menampilkan koleksi batuan, mineral, fosil, dan informasi sejarah bumi.",1,1,1,1,167.24,284,468000,0,350000,75000,893000,sesuai,1
BDG-TRV-0618,Garut,3 hari 2 malam,3,2,659000,hemat,mobil,hemat,wisata edukasi,belanja,Paris Van Java Mall,mall,Kota Bandung,-6.8893,107.5966,"-6.8893,107.5966","Jl. Sukajadi No.131-139, Cipedes, Sukajadi, Kota Bandung","Paris Van Java Mall adalah pusat belanja bergaya terbuka yang menawarkan kuliner, hiburan, fashion, dan suasana santai di Kota Bandung.",0,1,0,1,92.08,157,552000,360000,420000,20000,1352000,melebihi budget,0
BDG-TRV-0619,Kota Bandung,2 hari 1 malam,2,4,1249000,premium,motor,hemat,cafe view,santai,Cafe D'Pakar Bandung,cafe view,Kota Bandung,-6.8398,107.6537,"-6.8398,107.6537","Dago Pakar, Ciburial, Cimenyan, Bandung","Cafe D'Pakar Bandung adalah tempat wisata kuliner dengan suasana alam sejuk, area outdoor, dan pemandangan pepohonan di kawasan Dago Pakar.",1,1,0,1,188.86,321,529000,180000,560000,80000,1349000,melebihi budget,0
BDG-TRV-0620,Depok,2 hari 1 malam,2,4,2774000,hemat,mobil,hemat,kuliner,santai,Martabak San Francisco Bandung,wisata kuliner,Kota Bandung,-6.9026,107.6092,"-6.9026,107.6092","Jl. Burangrang, Lengkong, Kota Bandung",Martabak San Francisco Bandung adalah destinasi kuliner legendaris yang dikenal dengan pilihan martabak manis dan martabak telur.,1,1,1,1,196.72,335,1180000,180000,560000,60000,1980000,sesuai,1
BDG-TRV-0621,Kota Bandung,3 hari 2 malam,3,3,2489000,standar,motor,standar,mall,kuliner,Paris Van Java Mall,mall,Kota Bandung,-6.8893,107.5966,"-6.8893,107.5966","Jl. Sukajadi No.131-139, Cipedes, Sukajadi, Kota Bandung","Paris Van Java Mall adalah pusat belanja bergaya terbuka yang menawarkan kuliner, hiburan, fashion, dan suasana santai di Kota Bandung.",1,1,1,1,17.71,38,50000,640000,630000,30000,1350000,sesuai,1
BDG-TRV-0622,Bogor,2 hari 1 malam,2,2,2992000,premium,mobil,hemat,wisata kuliner,budaya,Floating Market Lembang,wisata kuliner,Kabupaten Bandung Barat,-6.8167,107.6187,"-6.8167,107.6187","Jl. Grand Hotel No.33E, Lembang, Kabupaten Bandung Barat","Floating Market Lembang menawarkan pengalaman kuliner, wahana keluarga, taman, dan suasana danau di kawasan Lembang.",1,0,1,0,281.91,477,1691000,180000,280000,30000,2181000,sesuai,0
BDG-TRV-0623,Bekasi,2 hari 1 malam,2,5,2146000,standar,transportasi umum,standar,belanja,religi,Bandung Indah Plaza,mall,Kota Bandung,-6.9089,107.6105,"-6.9089,107.6105","Jl. Merdeka No.56, Citarum, Bandung Wetan, Kota Bandung","Bandung Indah Plaza adalah pusat perbelanjaan di pusat Kota Bandung dengan pilihan fashion, kuliner, hiburan, dan kebutuhan gaya hidup.",1,0,1,1,143.91,263,518000,320000,700000,50000,1588000,sesuai,0
BDG-TRV-0624,Tasikmalaya,4 hari 3 malam,4,3,3726000,premium,mobil,nyaman,mall,kuliner,Paris Van Java Mall,mall,Kota Bandung,-6.8893,107.5966,"-6.8893,107.5966","Jl. Sukajadi No.131-139, Cipedes, Sukajadi, Kota Bandung","Paris Van Java Mall adalah pusat belanja bergaya terbuka yang menawarkan kuliner, hiburan, fashion, dan suasana santai di Kota Bandung.",1,1,1,1,128.79,280,773000,1560000,840000,30000,3203000,sesuai,1
BDG-TRV-0625,Kabupaten Bandung,3 hari 2 malam,3,4,2002000,standar,motor,nyaman,kebun binatang,kuliner,Cafe D'Pakar Bandung,cafe view,Kota Bandung,-6.8398,107.6537,"-6.8398,107.6537","Dago Pakar, Ciburial, Cimenyan, Bandung","Cafe D'Pakar Bandung adalah tempat wisata kuliner dengan suasana alam sejuk, area outdoor, dan pemandangan pepohonan di kawasan Dago Pakar.",0,1,0,1,34.57,70,97000,1040000,840000,80000,2057000,melebihi budget,0
BDG-TRV-0626,Kota Bandung,1 hari,1,3,4527000,premium,motor,tanpa penginapan,keluarga,santai,Kampung Gajah Wonderland,wisata tematik,Kabupaten Bandung Barat,-6.8291,107.5933,"-6.8291,107.5933","Jl. Sersan Bajuri, Cihideung, Parongpong, Kabupaten Bandung Barat",Kampung Gajah Wonderland dikenal sebagai kawasan wisata tematik keluarga dengan berbagai wahana dan area rekreasi.,1,1,1,1,43.4,65,122000,0,210000,195000,527000,sesuai,1
BDG-TRV-0627,Bekasi,3 hari 2 malam,3,3,3292000,premium,motor,standar,foto-foto,alam,Jalan Braga,wisata kota,Kota Bandung,-6.9175,107.6098,"-6.9175,107.6098","Jl. Braga, Braga, Sumur Bandung, Kota Bandung","Jalan Braga adalah kawasan wisata kota dengan nuansa klasik, bangunan bersejarah, kafe, kuliner, dan spot foto yang populer di Bandung.",1,0,1,1,199.62,421,559000,640000,630000,15000,1844000,sesuai,0
BDG-TRV-0628,Bogor,3 hari 2 malam,3,5,897000,hemat,transportasi umum,nyaman,wisata kuliner,healing,Sudirman Street Bandung,wisata kuliner,Kota Bandung,-6.9177,107.5969,"-6.9177,107.5969","Jl. Jend. Sudirman, Karanganyar, Astanaanyar, Kota Bandung",Sudirman Street Bandung adalah kawasan kuliner malam yang menawarkan berbagai makanan lokal dan suasana street food kota.,1,0,0,1,196.64,380,708000,1040000,1050000,75000,2873000,melebihi budget,0
BDG-TRV-0629,Tasikmalaya,4 hari 3 malam,4,2,851000,hemat,mobil,nyaman,edukasi,religi,Museum Geologi Bandung,museum,Kota Bandung,-6.9007,107.6215,"-6.9007,107.6215","Jl. Diponegoro No.57, Cihaur Geulis, Cibeunying Kaler, Kota Bandung","Museum Geologi Bandung adalah destinasi edukasi yang menampilkan koleksi batuan, mineral, fosil, dan informasi sejarah bumi.",1,0,0,1,117.28,222,704000,1560000,560000,30000,2854000,melebihi budget,0
BDG-TRV-0630,Depok,2 hari 1 malam,2,4,2058000,hemat,transportasi umum,standar,alam,kuliner,Dusun Bambu,wisata alam,Kabupaten Bandung Barat,-6.789,107.5788,"-6.789,107.5788","Jl. Kolonel Masturi KM 11, Cisarua, Kabupaten Bandung Barat","Dusun Bambu adalah destinasi wisata alam dan kuliner keluarga dengan pemandangan pegunungan, taman, dan area rekreasi.",1,1,1,1,267.22,480,962000,320000,560000,120000,1962000,sesuai,1
BDG-TRV-0631,Cimahi,2 hari 1 malam,2,2,1712000,standar,motor,nyaman,museum,kuliner,Situ Patenggang,wisata alam,Kabupaten Bandung,-7.166,107.3589,"-7.166,107.3589","Patengan, Rancabali, Kabupaten Bandung","Situ Patenggang adalah danau wisata di kawasan Ciwidey yang cocok untuk menikmati alam, berfoto, dan rekreasi keluarga.",0,0,1,1,54.51,91,153000,520000,280000,60000,1013000,sesuai,0
BDG-TRV-0632,Bogor,2 hari 1 malam,2,4,3438000,premium,transportasi umum,hemat,kuliner,kuliner,Sudirman Street Bandung,wisata kuliner,Kota Bandung,-6.9177,107.5969,"-6.9177,107.5969","Jl. Jend. Sudirman, Karanganyar, Astanaanyar, Kota Bandung",Sudirman Street Bandung adalah kawasan kuliner malam yang menawarkan berbagai makanan lokal dan suasana street food kota.,1,1,1,0,288.37,499,1038000,180000,560000,60000,1838000,sesuai,0
BDG-TRV-0633,Bekasi,4 hari 3 malam,4,2,1171000,standar,mobil,hemat,mall,budaya,Trans Studio Mall Bandung,mall,Kota Bandung,-6.9254,107.6358,"-6.9254,107.6358","Jl. Gatot Subroto No.289, Cibangkong, Batununggal, Kota Bandung",Trans Studio Mall Bandung adalah pusat perbelanjaan dan hiburan indoor yang terhubung dengan kawasan Trans Studio Bandung.,1,0,0,1,176.38,298,1058000,540000,560000,20000,2178000,melebihi budget,0
BDG-TRV-0634,Cimahi,3 hari 2 malam,3,2,1174000,standar,transportasi umum,nyaman,kebun binatang,keluarga,Kebun Binatang Bandung,kebun binatang,Kota Bandung,-6.8902,107.607,"-6.8902,107.607","Jl. Tamansari No.71, Lebak Siliwangi, Coblong, Kota Bandung",Kebun Binatang Bandung adalah wisata edukasi keluarga yang menampilkan berbagai satwa dan area rekreasi di kawasan Tamansari.,1,1,0,1,127.28,289,458000,1040000,420000,100000,2018000,melebihi budget,0
BDG-TRV-0635,Bekasi,4 hari 3 malam,4,3,3149000,hemat,mobil,standar,kuliner,kuliner,Martabak San Francisco Bandung,wisata kuliner,Kota Bandung,-6.9026,107.6092,"-6.9026,107.6092","Jl. Burangrang, Lengkong, Kota Bandung",Martabak San Francisco Bandung adalah destinasi kuliner legendaris yang dikenal dengan pilihan martabak manis dan martabak telur.,1,1,1,1,197.58,336,1185000,960000,840000,45000,3030000,sesuai,1
BDG-TRV-0636,Kabupaten Bandung,4 hari 3 malam,4,3,2094000,standar,motor,hemat,kuliner,kuliner,Sudirman Street Bandung,wisata kuliner,Kota Bandung,-6.9177,107.5969,"-6.9177,107.5969","Jl. Jend. Sudirman, Karanganyar, Astanaanyar, Kota Bandung",Sudirman Street Bandung adalah kawasan kuliner malam yang menawarkan berbagai makanan lokal dan suasana street food kota.,1,1,1,1,31.22,55,87000,540000,840000,45000,1512000,sesuai,1
BDG-TRV-0637,Depok,3 hari 2 malam,3,2,4696000,premium,transportasi umum,nyaman,museum,sejarah,Museum Geologi Bandung,museum,Kota Bandung,-6.9007,107.6215,"-6.9007,107.6215","Jl. Diponegoro No.57, Cihaur Geulis, Cibeunying Kaler, Kota Bandung","Museum Geologi Bandung adalah destinasi edukasi yang menampilkan koleksi batuan, mineral, fosil, dan informasi sejarah bumi.",1,1,1,0,375.11,615,1350000,1040000,420000,30000,2840000,sesuai,0
BDG-TRV-0638,Kabupaten Bandung,3 hari 2 malam,3,5,1282000,standar,motor,nyaman,wisata kota,foto-foto,Kampung Gajah Wonderland,wisata tematik,Kabupaten Bandung Barat,-6.8291,107.5933,"-6.8291,107.5933","Jl. Sersan Bajuri, Cihideung, Parongpong, Kabupaten Bandung Barat",Kampung Gajah Wonderland dikenal sebagai kawasan wisata tematik keluarga dengan berbagai wahana dan area rekreasi.,0,1,0,1,74.42,151,208000,1040000,1050000,325000,2623000,melebihi budget,0
BDG-TRV-0639,Cimahi,1 hari,1,1,100000,premium,mobil,tanpa penginapan,museum,sejarah,Museum Konferensi Asia Afrika,museum,Kota Bandung,-6.921,107.6097,"-6.921,107.6097","Jl. Asia Afrika No.65, Braga, Sumur Bandung, Kota Bandung","Museum Konferensi Asia Afrika menyajikan sejarah Konferensi Asia Afrika dan cocok untuk wisata edukasi, sejarah, serta kunjungan pelajar.",1,1,0,1,13.56,27,81000,0,70000,15000,166000,melebihi budget,0
BDG-TRV-0640,Jakarta,3 hari 2 malam,3,2,2259000,standar,mobil,standar,wisata tematik,budaya,Masjid Raya Bandung,wisata religi,Kota Bandung,-6.9216,107.6068,"-6.9216,107.6068","Jl. Dalem Kaum, Balonggede, Regol, Kota Bandung",Masjid Raya Bandung merupakan destinasi wisata religi di kawasan Alun-Alun Bandung dengan arsitektur megah dan suasana pusat kota yang ramai.,0,0,1,1,195.59,298,1174000,640000,420000,0,2234000,sesuai,0
BDG-TRV-0641,Bogor,4 hari 3 malam,4,4,3891000,premium,transportasi umum,nyaman,wisata alam,foto-foto,Orchid Forest Cikole,wisata alam,Kabupaten Bandung Barat,-6.7806,107.6373,"-6.7806,107.6373","Cikole, Lembang, Kabupaten Bandung Barat","Orchid Forest Cikole adalah wisata alam hutan pinus dengan koleksi anggrek, spot foto, dan suasana sejuk di Lembang.",1,1,1,1,239.3,417,861000,1560000,1120000,120000,3661000,sesuai,1
BDG-TRV-0642,Depok,3 hari 2 malam,3,3,559000,hemat,motor,nyaman,kebun binatang,keluarga,Kebun Binatang Bandung,kebun binatang,Kota Bandung,-6.8902,107.607,"-6.8902,107.607","Jl. Tamansari No.71, Lebak Siliwangi, Coblong, Kota Bandung",Kebun Binatang Bandung adalah wisata edukasi keluarga yang menampilkan berbagai satwa dan area rekreasi di kawasan Tamansari.,1,1,0,0,268.23,507,751000,1040000,630000,150000,2571000,melebihi budget,0
BDG-TRV-0643,Jakarta,2 hari 1 malam,2,2,2304000,standar,mobil,standar,wisata edukasi,belanja,Masjid Raya Bandung,wisata religi,Kota Bandung,-6.9216,107.6068,"-6.9216,107.6068","Jl. Dalem Kaum, Balonggede, Regol, Kota Bandung",Masjid Raya Bandung merupakan destinasi wisata religi di kawasan Alun-Alun Bandung dengan arsitektur megah dan suasana pusat kota yang ramai.,0,0,1,1,182.61,274,1096000,320000,280000,0,1696000,sesuai,0
BDG-TRV-0644,Bogor,3 hari 2 malam,3,3,768000,hemat,transportasi umum,nyaman,wisata kuliner,alam,Dago Dreampark,wisata tematik,Kabupaten Bandung Barat,-6.8486,107.6246,"-6.8486,107.6246","Jl. Dago Giri, Mekarwangi, Lembang, Kabupaten Bandung Barat","Dago Dreampark adalah wisata tematik keluarga dengan wahana permainan, spot foto, dan suasana alam di kawasan Lembang.",0,0,0,0,246.94,538,889000,1040000,630000,195000,2754000,melebihi budget,0
BDG-TRV-0645,Depok,4 hari 3 malam,4,2,1386000,standar,motor,nyaman,gunung,budaya,Floating Market Lembang,wisata kuliner,Kabupaten Bandung Barat,-6.8167,107.6187,"-6.8167,107.6187","Jl. Grand Hotel No.33E, Lembang, Kabupaten Bandung Barat","Floating Market Lembang menawarkan pengalaman kuliner, wahana keluarga, taman, dan suasana danau di kawasan Lembang.",0,0,0,1,227.28,492,636000,1560000,560000,30000,2786000,melebihi budget,0
BDG-TRV-0646,Bekasi,2 hari 1 malam,2,4,1876000,standar,motor,nyaman,alam,edukasi,Tangkuban Perahu,gunung,Kabupaten Bandung Barat,-6.7596,107.6098,"-6.7596,107.6098","Cikahuripan, Lembang, Kabupaten Bandung Barat",Tangkuban Perahu adalah kawasan wisata gunung berapi dengan kawah alam yang populer untuk wisata alam dan edukasi geologi.,1,1,1,1,197.54,338,553000,520000,560000,140000,1773000,sesuai,1
BDG-TRV-0647,Jakarta,1 hari,1,4,912000,hemat,mobil,tanpa penginapan,museum,kuliner,Floating Market Lembang,wisata kuliner,Kabupaten Bandung Barat,-6.8167,107.6187,"-6.8167,107.6187","Jl. Grand Hotel No.33E, Lembang, Kabupaten Bandung Barat","Floating Market Lembang menawarkan pengalaman kuliner, wahana keluarga, taman, dan suasana danau di kawasan Lembang.",0,1,0,0,265.69,521,1594000,0,280000,60000,1934000,melebihi budget,0
BDG-TRV-0648,Tasikmalaya,2 hari 1 malam,2,3,721000,hemat,transportasi umum,hemat,museum,keluarga,Trans Studio Mall Bandung,mall,Kota Bandung,-6.9254,107.6358,"-6.9254,107.6358","Jl. Gatot Subroto No.289, Cibangkong, Batununggal, Kota Bandung",Trans Studio Mall Bandung adalah pusat perbelanjaan dan hiburan indoor yang terhubung dengan kawasan Trans Studio Bandung.,0,1,0,1,168.8,283,608000,180000,420000,30000,1238000,melebihi budget,0
BDG-TRV-0649,Jakarta,2 hari 1 malam,2,4,4918000,premium,transportasi umum,hemat,edukasi,alam,Jendela Alam,wisata edukasi,Kabupaten Bandung Barat,-6.8287,107.5976,"-6.8287,107.5976","Komplek Graha Puspa, Lembang, Kabupaten Bandung Barat","Jendela Alam adalah wisata edukasi keluarga yang mengenalkan aktivitas pertanian, peternakan, dan lingkungan alam.",1,1,1,1,198.43,416,714000,180000,560000,100000,1554000,sesuai,1
BDG-TRV-0650,Depok,3 hari 2 malam,3,1,4802000,premium,transportasi umum,hemat,alam,alam,Ranca Upas,wisata alam,Kabupaten Bandung,-7.1421,107.3957,"-7.1421,107.3957","Jl. Raya Ciwidey-Patengan, Rancabali, Kabupaten Bandung",Ranca Upas adalah kawasan wisata alam dan bumi perkemahan yang dikenal dengan penangkaran rusa dan udara sejuk pegunungan.,1,1,1,1,236.79,379,852000,360000,210000,30000,1452000,sesuai,1
BDG-TRV-0651,Kota Bandung,1 hari,1,4,4902000,premium,mobil,tanpa penginapan,wisata kuliner,religi,Cihampelas Walk,mall,Kota Bandung,-6.894,107.6042,"-6.894,107.6042","Jl. Cihampelas No.160, Cipaganti, Coblong, Kota Bandung",Cihampelas Walk adalah pusat belanja dan kuliner dengan konsep ruang terbuka yang cocok untuk jalan santai dan hiburan keluarga.,0,0,1,1,23.65,40,142000,0,280000,40000,462000,sesuai,0
BDG-TRV-0652,Bogor,4 hari 3 malam,4,1,1844000,standar,motor,hemat,kuliner,kuliner,Sudirman Street Bandung,wisata kuliner,Kota Bandung,-6.9177,107.5969,"-6.9177,107.5969","Jl. Jend. Sudirman, Karanganyar, Astanaanyar, Kota Bandung",Sudirman Street Bandung adalah kawasan kuliner malam yang menawarkan berbagai makanan lokal dan suasana street food kota.,1,1,1,1,227.26,350,636000,540000,280000,15000,1471000,sesuai,1
BDG-TRV-0653,Kabupaten Bandung,2 hari 1 malam,2,4,2768000,premium,motor,nyaman,mall,foto-foto,Cafe D'Pakar Bandung,cafe view,Kota Bandung,-6.8398,107.6537,"-6.8398,107.6537","Dago Pakar, Ciburial, Cimenyan, Bandung","Cafe D'Pakar Bandung adalah tempat wisata kuliner dengan suasana alam sejuk, area outdoor, dan pemandangan pepohonan di kawasan Dago Pakar.",0,1,1,1,43.97,75,123000,520000,560000,80000,1283000,sesuai,0
BDG-TRV-0654,Kabupaten Bandung,3 hari 2 malam,3,1,1943000,hemat,mobil,nyaman,foto-foto,foto-foto,Jalan Braga,wisata kota,Kota Bandung,-6.9175,107.6098,"-6.9175,107.6098","Jl. Braga, Braga, Sumur Bandung, Kota Bandung","Jalan Braga adalah kawasan wisata kota dengan nuansa klasik, bangunan bersejarah, kafe, kuliner, dan spot foto yang populer di Bandung.",1,1,1,1,26.56,59,159000,1040000,210000,5000,1414000,sesuai,1
BDG-TRV-0655,Bogor,3 hari 2 malam,3,3,3814000,premium,transportasi umum,hemat,wisata alam,keluarga,Dusun Bambu,wisata alam,Kabupaten Bandung Barat,-6.789,107.5788,"-6.789,107.5788","Jl. Kolonel Masturi KM 11, Cisarua, Kabupaten Bandung Barat","Dusun Bambu adalah destinasi wisata alam dan kuliner keluarga dengan pemandangan pegunungan, taman, dan area rekreasi.",1,1,1,1,222.04,442,799000,360000,630000,90000,1879000,sesuai,1
BDG-TRV-0656,Kabupaten Bandung,3 hari 2 malam,3,3,2420000,standar,transportasi umum,nyaman,kebun binatang,santai,Dusun Bambu,wisata alam,Kabupaten Bandung Barat,-6.789,107.5788,"-6.789,107.5788","Jl. Kolonel Masturi KM 11, Cisarua, Kabupaten Bandung Barat","Dusun Bambu adalah destinasi wisata alam dan kuliner keluarga dengan pemandangan pegunungan, taman, dan area rekreasi.",0,0,1,1,51.32,90,185000,1040000,630000,90000,1945000,sesuai,0
BDG-TRV-0657,Bogor,2 hari 1 malam,2,3,1955000,standar,motor,standar,belanja,kuliner,Trans Studio Mall Bandung,mall,Kota Bandung,-6.9254,107.6358,"-6.9254,107.6358","Jl. Gatot Subroto No.289, Cibangkong, Batununggal, Kota Bandung",Trans Studio Mall Bandung adalah pusat perbelanjaan dan hiburan indoor yang terhubung dengan kawasan Trans Studio Bandung.,1,1,1,1,174.83,275,490000,320000,420000,30000,1260000,sesuai,1
BDG-TRV-0658,Depok,3 hari 2 malam,3,5,1332000,standar,mobil,nyaman,wisata kuliner,sejarah,Sudirman Street Bandung,wisata kuliner,Kota Bandung,-6.9177,107.5969,"-6.9177,107.5969","Jl. Jend. Sudirman, Karanganyar, Astanaanyar, Kota Bandung",Sudirman Street Bandung adalah kawasan kuliner malam yang menawarkan berbagai makanan lokal dan suasana street food kota.,1,0,0,1,163.65,294,982000,1040000,1050000,75000,3147000,melebihi budget,0
BDG-TRV-0659,Bogor,4 hari 3 malam,4,4,4319000,hemat,mobil,nyaman,museum,sejarah,Museum Konferensi Asia Afrika,museum,Kota Bandung,-6.921,107.6097,"-6.921,107.6097","Jl. Asia Afrika No.65, Braga, Sumur Bandung, Kota Bandung","Museum Konferensi Asia Afrika menyajikan sejarah Konferensi Asia Afrika dan cocok untuk wisata edukasi, sejarah, serta kunjungan pelajar.",1,1,1,1,184.81,327,1109000,1560000,1120000,60000,3849000,sesuai,1
BDG-TRV-0660,Cimahi,2 hari 1 malam,2,3,1284000,standar,motor,standar,gunung,edukasi,Tangkuban Perahu,gunung,Kabupaten Bandung Barat,-6.7596,107.6098,"-6.7596,107.6098","Cikahuripan, Lembang, Kabupaten Bandung Barat",Tangkuban Perahu adalah kawasan wisata gunung berapi dengan kawah alam yang populer untuk wisata alam dan edukasi geologi.,1,1,0,1,192.43,329,539000,320000,420000,105000,1384000,melebihi budget,0
BDG-TRV-0661,Tasikmalaya,2 hari 1 malam,2,2,1320000,standar,transportasi umum,hemat,wisata kuliner,religi,Martabak San Francisco Bandung,wisata kuliner,Kota Bandung,-6.9026,107.6092,"-6.9026,107.6092","Jl. Burangrang, Lengkong, Kota Bandung",Martabak San Francisco Bandung adalah destinasi kuliner legendaris yang dikenal dengan pilihan martabak manis dan martabak telur.,1,0,1,1,160.75,281,579000,180000,280000,30000,1069000,sesuai,0
BDG-TRV-0662,Bogor,2 hari 1 malam,2,1,961000,premium,motor,standar,museum,keluarga,Museum Geologi Bandung,museum,Kota Bandung,-6.9007,107.6215,"-6.9007,107.6215","Jl. Diponegoro No.57, Cihaur Geulis, Cibeunying Kaler, Kota Bandung","Museum Geologi Bandung adalah destinasi edukasi yang menampilkan koleksi batuan, mineral, fosil, dan informasi sejarah bumi.",1,1,0,1,207.76,387,582000,320000,140000,15000,1057000,melebihi budget,0
BDG-TRV-0663,Jakarta,4 hari 3 malam,4,4,2752000,hemat,transportasi umum,hemat,belanja,kuliner,Bandung Indah Plaza,mall,Kota Bandung,-6.9089,107.6105,"-6.9089,107.6105","Jl. Merdeka No.56, Citarum, Bandung Wetan, Kota Bandung","Bandung Indah Plaza adalah pusat perbelanjaan di pusat Kota Bandung dengan pilihan fashion, kuliner, hiburan, dan kebutuhan gaya hidup.",1,1,1,1,163.55,314,589000,540000,1120000,40000,2289000,sesuai,1
BDG-TRV-0664,Depok,2 hari 1 malam,2,4,3393000,premium,transportasi umum,standar,kebun binatang,sejarah,The Lodge Maribaya,wisata alam,Kabupaten Bandung Barat,-6.8294,107.6875,"-6.8294,107.6875","Cibodas, Lembang, Kabupaten Bandung Barat","The Lodge Maribaya adalah destinasi alam dengan wahana foto, pemandangan hutan pinus, dan aktivitas rekreasi keluarga.",0,0,1,1,209.99,318,756000,320000,560000,120000,1756000,sesuai,0
BDG-TRV-0665,Depok,1 hari,1,2,458000,standar,motor,tanpa penginapan,foto-foto,foto-foto,Jalan Braga,wisata kota,Kota Bandung,-6.9175,107.6098,"-6.9175,107.6098","Jl. Braga, Braga, Sumur Bandung, Kota Bandung","Jalan Braga adalah kawasan wisata kota dengan nuansa klasik, bangunan bersejarah, kafe, kuliner, dan spot foto yang populer di Bandung.",1,1,0,0,187.69,343,526000,0,140000,10000,676000,melebihi budget,0
BDG-TRV-0666,Jakarta,3 hari 2 malam,3,3,2825000,premium,transportasi umum,standar,gunung,kuliner,Paris Van Java Mall,mall,Kota Bandung,-6.8893,107.5966,"-6.8893,107.5966","Jl. Sukajadi No.131-139, Cipedes, Sukajadi, Kota Bandung","Paris Van Java Mall adalah pusat belanja bergaya terbuka yang menawarkan kuliner, hiburan, fashion, dan suasana santai di Kota Bandung.",0,1,1,1,186.61,390,672000,640000,630000,30000,1972000,sesuai,0
BDG-TRV-0667,Garut,3 hari 2 malam,3,4,910000,hemat,transportasi umum,standar,alam,keluarga,The Lodge Maribaya,wisata alam,Kabupaten Bandung Barat,-6.8294,107.6875,"-6.8294,107.6875","Cibodas, Lembang, Kabupaten Bandung Barat","The Lodge Maribaya adalah destinasi alam dengan wahana foto, pemandangan hutan pinus, dan aktivitas rekreasi keluarga.",1,1,0,0,279.04,538,1005000,640000,840000,120000,2605000,melebihi budget,0
BDG-TRV-0668,Jakarta,1 hari,1,4,4582000,premium,transportasi umum,tanpa penginapan,wisata religi,healing,Cafe D'Pakar Bandung,cafe view,Kota Bandung,-6.8398,107.6537,"-6.8398,107.6537","Dago Pakar, Ciburial, Cimenyan, Bandung","Cafe D'Pakar Bandung adalah tempat wisata kuliner dengan suasana alam sejuk, area outdoor, dan pemandangan pepohonan di kawasan Dago Pakar.",0,0,1,0,214.97,412,774000,0,280000,80000,1134000,sesuai,0
BDG-TRV-0669,Garut,2 hari 1 malam,2,2,2880000,premium,mobil,hemat,belanja,santai,Paskal 23 Bandung,mall,Kota Bandung,-6.9147,107.5918,"-6.9147,107.5918","Jl. Pasir Kaliki No.25-27, Kebon Jeruk, Andir, Kota Bandung",Paskal 23 Bandung adalah pusat perbelanjaan dan kuliner modern yang dekat dengan kawasan stasiun dan pusat kota.,1,1,1,1,106.66,184,640000,180000,280000,20000,1120000,sesuai,1
BDG-TRV-0670,Bogor,2 hari 1 malam,2,4,4274000,premium,motor,nyaman,kuliner,santai,Sudirman Street Bandung,wisata kuliner,Kota Bandung,-6.9177,107.5969,"-6.9177,107.5969","Jl. Jend. Sudirman, Karanganyar, Astanaanyar, Kota Bandung",Sudirman Street Bandung adalah kawasan kuliner malam yang menawarkan berbagai makanan lokal dan suasana street food kota.,1,1,1,1,199.93,407,560000,520000,560000,60000,1700000,sesuai,1
BDG-TRV-0671,Jakarta,4 hari 3 malam,4,5,446000,hemat,motor,nyaman,wisata alam,keluarga,The Lodge Maribaya,wisata alam,Kabupaten Bandung Barat,-6.8294,107.6875,"-6.8294,107.6875","Cibodas, Lembang, Kabupaten Bandung Barat","The Lodge Maribaya adalah destinasi alam dengan wahana foto, pemandangan hutan pinus, dan aktivitas rekreasi keluarga.",1,1,0,0,326.83,641,915000,1560000,1400000,150000,4025000,melebihi budget,0
BDG-TRV-0672,Cimahi,3 hari 2 malam,3,4,2155000,standar,mobil,nyaman,mall,kuliner,Cihampelas Walk,mall,Kota Bandung,-6.894,107.6042,"-6.894,107.6042","Jl. Cihampelas No.160, Cipaganti, Coblong, Kota Bandung",Cihampelas Walk adalah pusat belanja dan kuliner dengan konsep ruang terbuka yang cocok untuk jalan santai dan hiburan keluarga.,1,1,1,1,27.16,49,163000,1040000,840000,40000,2083000,sesuai,1
BDG-TRV-0673,Kota Bandung,2 hari 1 malam,2,2,770000,hemat,mobil,hemat,wisata kota,foto-foto,Curug Cimahi,wisata alam,Kabupaten Bandung Barat,-6.7986,107.5775,"-6.7986,107.5775","Kertawangi, Cisarua, Kabupaten Bandung Barat",Curug Cimahi adalah wisata air terjun di Bandung Barat dengan jalur trekking ringan dan suasana alam yang sejuk.,0,1,0,1,59.02,90,354000,180000,280000,60000,874000,melebihi budget,0
BDG-TRV-0674,Jakarta,3 hari 2 malam,3,2,4539000,premium,mobil,nyaman,edukasi,keluarga,Museum Geologi Bandung,museum,Kota Bandung,-6.9007,107.6215,"-6.9007,107.6215","Jl. Diponegoro No.57, Cihaur Geulis, Cibeunying Kaler, Kota Bandung","Museum Geologi Bandung adalah destinasi edukasi yang menampilkan koleksi batuan, mineral, fosil, dan informasi sejarah bumi.",1,1,1,1,176.72,272,1060000,1040000,420000,30000,2550000,sesuai,1
BDG-TRV-0675,Kota Bandung,2 hari 1 malam,2,2,141000,standar,transportasi umum,hemat,wisata religi,religi,Masjid Raya Bandung,wisata religi,Kota Bandung,-6.9216,107.6068,"-6.9216,107.6068","Jl. Dalem Kaum, Balonggede, Regol, Kota Bandung",Masjid Raya Bandung merupakan destinasi wisata religi di kawasan Alun-Alun Bandung dengan arsitektur megah dan suasana pusat kota yang ramai.,1,1,0,1,6.88,12,25000,180000,280000,0,485000,melebihi budget,0
BDG-TRV-0676,Garut,3 hari 2 malam,3,5,1544000,standar,mobil,standar,wisata alam,alam,Dusun Bambu,wisata alam,Kabupaten Bandung Barat,-6.789,107.5788,"-6.789,107.5788","Jl. Kolonel Masturi KM 11, Cisarua, Kabupaten Bandung Barat","Dusun Bambu adalah destinasi wisata alam dan kuliner keluarga dengan pemandangan pegunungan, taman, dan area rekreasi.",1,1,0,0,243.98,476,1464000,640000,1050000,150000,3304000,melebihi budget,0
BDG-TRV-0677,Depok,2 hari 1 malam,2,3,4298000,premium,motor,nyaman,wisata kuliner,kuliner,Floating Market Lembang,wisata kuliner,Kabupaten Bandung Barat,-6.8167,107.6187,"-6.8167,107.6187","Jl. Grand Hotel No.33E, Lembang, Kabupaten Bandung Barat","Floating Market Lembang menawarkan pengalaman kuliner, wahana keluarga, taman, dan suasana danau di kawasan Lembang.",1,1,1,1,197.6,385,553000,520000,420000,45000,1538000,sesuai,1
BDG-TRV-0678,Jakarta,4 hari 3 malam,4,3,677000,hemat,motor,standar,wisata religi,healing,Martabak San Francisco Bandung,wisata kuliner,Kota Bandung,-6.9026,107.6092,"-6.9026,107.6092","Jl. Burangrang, Lengkong, Kota Bandung",Martabak San Francisco Bandung adalah destinasi kuliner legendaris yang dikenal dengan pilihan martabak manis dan martabak telur.,0,0,0,1,170.53,366,477000,960000,840000,45000,2322000,melebihi budget,0
BDG-TRV-0679,Bogor,3 hari 2 malam,3,2,3385000,hemat,mobil,standar,wisata tematik,santai,Dago Dreampark,wisata tematik,Kabupaten Bandung Barat,-6.8486,107.6246,"-6.8486,107.6246","Jl. Dago Giri, Mekarwangi, Lembang, Kabupaten Bandung Barat","Dago Dreampark adalah wisata tematik keluarga dengan wahana permainan, spot foto, dan suasana alam di kawasan Lembang.",1,1,1,1,223.27,513,1340000,640000,420000,130000,2530000,sesuai,1
BDG-TRV-0680,Cimahi,2 hari 1 malam,2,2,1250000,standar,mobil,nyaman,wisata kota,kuliner,Paskal 23 Bandung,mall,Kota Bandung,-6.9147,107.5918,"-6.9147,107.5918","Jl. Pasir Kaliki No.25-27, Kebon Jeruk, Andir, Kota Bandung",Paskal 23 Bandung adalah pusat perbelanjaan dan kuliner modern yang dekat dengan kawasan stasiun dan pusat kota.,0,1,1,1,30.39,62,182000,520000,280000,20000,1002000,sesuai,0
BDG-TRV-0681,Kota Bandung,3 hari 2 malam,3,4,3236000,premium,transportasi umum,hemat,alam,healing,Orchid Forest Cikole,wisata alam,Kabupaten Bandung Barat,-6.7806,107.6373,"-6.7806,107.6373","Cikole, Lembang, Kabupaten Bandung Barat","Orchid Forest Cikole adalah wisata alam hutan pinus dengan koleksi anggrek, spot foto, dan suasana sejuk di Lembang.",1,1,1,1,74.67,160,269000,360000,840000,120000,1589000,sesuai,1
BDG-TRV-0682,Bogor,2 hari 1 malam,2,3,2354000,standar,transportasi umum,nyaman,kuliner,foto-foto,Sudirman Street Bandung,wisata kuliner,Kota Bandung,-6.9177,107.5969,"-6.9177,107.5969","Jl. Jend. Sudirman, Karanganyar, Astanaanyar, Kota Bandung",Sudirman Street Bandung adalah kawasan kuliner malam yang menawarkan berbagai makanan lokal dan suasana street food kota.,1,1,1,1,202.5,385,729000,520000,420000,45000,1714000,sesuai,1
BDG-TRV-0683,Cimahi,2 hari 1 malam,2,1,856000,hemat,mobil,standar,alam,edukasi,Tangkuban Perahu,gunung,Kabupaten Bandung Barat,-6.7596,107.6098,"-6.7596,107.6098","Cikahuripan, Lembang, Kabupaten Bandung Barat",Tangkuban Perahu adalah kawasan wisata gunung berapi dengan kawah alam yang populer untuk wisata alam dan edukasi geologi.,1,1,1,1,49.63,110,298000,320000,140000,35000,793000,sesuai,1
BDG-TRV-0684,Jakarta,4 hari 3 malam,4,5,2795000,premium,motor,hemat,wisata kuliner,religi,Kebun Binatang Bandung,kebun binatang,Kota Bandung,-6.8902,107.607,"-6.8902,107.607","Jl. Tamansari No.71, Lebak Siliwangi, Coblong, Kota Bandung",Kebun Binatang Bandung adalah wisata edukasi keluarga yang menampilkan berbagai satwa dan area rekreasi di kawasan Tamansari.,0,0,1,1,147.42,300,413000,540000,1400000,250000,2603000,sesuai,0
BDG-TRV-0685,Kota Bandung,2 hari 1 malam,2,5,1234000,hemat,mobil,standar,edukasi,edukasi,Museum Konferensi Asia Afrika,museum,Kota Bandung,-6.921,107.6097,"-6.921,107.6097","Jl. Asia Afrika No.65, Braga, Sumur Bandung, Kota Bandung","Museum Konferensi Asia Afrika menyajikan sejarah Konferensi Asia Afrika dan cocok untuk wisata edukasi, sejarah, serta kunjungan pelajar.",1,1,1,1,9.03,18,54000,320000,700000,75000,1149000,sesuai,1
BDG-TRV-0686,Tasikmalaya,1 hari,1,4,1307000,hemat,mobil,tanpa penginapan,wisata edukasi,keluarga,Saung Angklung Udjo,wisata edukasi,Kota Bandung,-6.8992,107.6542,"-6.8992,107.6542","Jl. Padasuka No.118, Pasirlayung, Cibeunying Kidul, Kota Bandung","Saung Angklung Udjo adalah destinasi budaya dan edukasi yang menampilkan pertunjukan angklung, seni Sunda, dan aktivitas keluarga.",1,1,1,1,125.73,273,754000,0,280000,100000,1134000,sesuai,1
BDG-TRV-0687,Cimahi,1 hari,1,4,2559000,premium,mobil,tanpa penginapan,museum,religi,Paris Van Java Mall,mall,Kota Bandung,-6.8893,107.5966,"-6.8893,107.5966","Jl. Sukajadi No.131-139, Cipedes, Sukajadi, Kota Bandung","Paris Van Java Mall adalah pusat belanja bergaya terbuka yang menawarkan kuliner, hiburan, fashion, dan suasana santai di Kota Bandung.",0,0,1,1,12.22,21,73000,0,280000,40000,393000,sesuai,0
BDG-TRV-0688,Bogor,3 hari 2 malam,3,3,3049000,premium,motor,nyaman,belanja,budaya,Cihampelas Walk,mall,Kota Bandung,-6.894,107.6042,"-6.894,107.6042","Jl. Cihampelas No.160, Cipaganti, Coblong, Kota Bandung",Cihampelas Walk adalah pusat belanja dan kuliner dengan konsep ruang terbuka yang cocok untuk jalan santai dan hiburan keluarga.,1,0,1,1,177.64,365,497000,1040000,630000,30000,2197000,sesuai,0
BDG-TRV-0689,Tasikmalaya,2 hari 1 malam,2,5,2351000,standar,motor,standar,edukasi,edukasi,Museum Geologi Bandung,museum,Kota Bandung,-6.9007,107.6215,"-6.9007,107.6215","Jl. Diponegoro No.57, Cihaur Geulis, Cibeunying Kaler, Kota Bandung","Museum Geologi Bandung adalah destinasi edukasi yang menampilkan koleksi batuan, mineral, fosil, dan informasi sejarah bumi.",1,1,1,1,110.11,196,308000,320000,700000,75000,1403000,sesuai,1
BDG-TRV-0690,Kabupaten Bandung,3 hari 2 malam,3,1,2287000,standar,mobil,standar,wisata alam,alam,Ranca Upas,wisata alam,Kabupaten Bandung,-7.1421,107.3957,"-7.1421,107.3957","Jl. Raya Ciwidey-Patengan, Rancabali, Kabupaten Bandung",Ranca Upas adalah kawasan wisata alam dan bumi perkemahan yang dikenal dengan penangkaran rusa dan udara sejuk pegunungan.,1,1,1,1,95.8,196,575000,640000,210000,30000,1455000,sesuai,1
BDG-TRV-0691,Bogor,4 hari 3 malam,4,4,2992000,hemat,motor,standar,gunung,foto-foto,Tangkuban Perahu,gunung,Kabupaten Bandung Barat,-6.7596,107.6098,"-6.7596,107.6098","Cikahuripan, Lembang, Kabupaten Bandung Barat",Tangkuban Perahu adalah kawasan wisata gunung berapi dengan kawah alam yang populer untuk wisata alam dan edukasi geologi.,1,1,1,1,225.65,462,632000,960000,1120000,140000,2852000,sesuai,1
BDG-TRV-0692,Bogor,3 hari 2 malam,3,4,580000,hemat,transportasi umum,nyaman,mall,budaya,Alun-Alun Bandung,wisata kota,Kota Bandung,-6.9218,107.6071,"-6.9218,107.6071","Jl. Asia Afrika, Balonggede, Regol, Kota Bandung","Alun-Alun Bandung adalah ruang publik ikonik di pusat Kota Bandung yang cocok untuk bersantai, berfoto, dan menikmati suasana kota dekat Masjid Raya Bandung.",0,0,0,1,193.22,405,696000,1040000,840000,20000,2596000,melebihi budget,0
BDG-TRV-0693,Kota Bandung,3 hari 2 malam,3,1,858000,hemat,transportasi umum,standar,mall,santai,Bandung Indah Plaza,mall,Kota Bandung,-6.9089,107.6105,"-6.9089,107.6105","Jl. Merdeka No.56, Citarum, Bandung Wetan, Kota Bandung","Bandung Indah Plaza adalah pusat perbelanjaan di pusat Kota Bandung dengan pilihan fashion, kuliner, hiburan, dan kebutuhan gaya hidup.",1,1,0,1,144.41,287,520000,640000,210000,10000,1380000,melebihi budget,0
BDG-TRV-0694,Cimahi,4 hari 3 malam,4,5,2935000,hemat,mobil,hemat,alam,alam,Tangkuban Perahu,gunung,Kabupaten Bandung Barat,-6.7596,107.6098,"-6.7596,107.6098","Cikahuripan, Lembang, Kabupaten Bandung Barat",Tangkuban Perahu adalah kawasan wisata gunung berapi dengan kawah alam yang populer untuk wisata alam dan edukasi geologi.,1,1,1,1,41.34,70,248000,540000,1400000,175000,2363000,sesuai,1
BDG-TRV-0695,Kabupaten Bandung,4 hari 3 malam,4,4,2348000,hemat,mobil,hemat,wisata kuliner,keluarga,Martabak San Francisco Bandung,wisata kuliner,Kota Bandung,-6.9026,107.6092,"-6.9026,107.6092","Jl. Burangrang, Lengkong, Kota Bandung",Martabak San Francisco Bandung adalah destinasi kuliner legendaris yang dikenal dengan pilihan martabak manis dan martabak telur.,1,1,1,1,29.21,52,175000,540000,1120000,60000,1895000,sesuai,1
BDG-TRV-0696,Cimahi,4 hari 3 malam,4,5,894000,hemat,transportasi umum,hemat,wisata edukasi,sejarah,Kebun Binatang Bandung,kebun binatang,Kota Bandung,-6.8902,107.607,"-6.8902,107.607","Jl. Tamansari No.71, Lebak Siliwangi, Coblong, Kota Bandung",Kebun Binatang Bandung adalah wisata edukasi keluarga yang menampilkan berbagai satwa dan area rekreasi di kawasan Tamansari.,0,0,0,1,21.73,45,78000,540000,1400000,250000,2268000,melebihi budget,0
BDG-TRV-0697,Garut,2 hari 1 malam,2,2,857000,hemat,mobil,hemat,wisata edukasi,foto-foto,Orchid Forest Cikole,wisata alam,Kabupaten Bandung Barat,-6.7806,107.6373,"-6.7806,107.6373","Cikole, Lembang, Kabupaten Bandung Barat","Orchid Forest Cikole adalah wisata alam hutan pinus dengan koleksi anggrek, spot foto, dan suasana sejuk di Lembang.",0,1,0,1,142.95,312,858000,180000,280000,60000,1378000,melebihi budget,0
BDG-TRV-0698,Garut,3 hari 2 malam,3,4,723000,hemat,motor,hemat,wisata alam,kuliner,Tebing Keraton,wisata alam,Kabupaten Bandung Barat,-6.8341,107.6635,"-6.8341,107.6635","Ciburial, Cimenyan, Kabupaten Bandung Barat",Tebing Keraton adalah destinasi wisata alam dengan pemandangan hutan dan perbukitan yang cocok untuk foto dan menikmati udara sejuk.,1,0,0,1,121.16,239,339000,360000,840000,120000,1659000,melebihi budget,0
BDG-TRV-0699,Tasikmalaya,2 hari 1 malam,2,2,1802000,hemat,motor,standar,mall,belanja,Paskal 23 Bandung,mall,Kota Bandung,-6.9147,107.5918,"-6.9147,107.5918","Jl. Pasir Kaliki No.25-27, Kebon Jeruk, Andir, Kota Bandung",Paskal 23 Bandung adalah pusat perbelanjaan dan kuliner modern yang dekat dengan kawasan stasiun dan pusat kota.,1,1,1,1,130.68,292,366000,320000,280000,20000,986000,sesuai,1
BDG-TRV-0700,Bekasi,1 hari,1,1,4772000,premium,motor,tanpa penginapan,wisata kuliner,kuliner,Sudirman Street Bandung,wisata kuliner,Kota Bandung,-6.9177,107.5969,"-6.9177,107.5969","Jl. Jend. Sudirman, Karanganyar, Astanaanyar, Kota Bandung",Sudirman Street Bandung adalah kawasan kuliner malam yang menawarkan berbagai makanan lokal dan suasana street food kota.,1,1,1,0,321.04,520,899000,0,70000,15000,984000,sesuai,0
BDG-TRV-0701,Garut,3 hari 2 malam,3,1,1511000,hemat,mobil,hemat,wisata kuliner,santai,Sudirman Street Bandung,wisata kuliner,Kota Bandung,-6.9177,107.5969,"-6.9177,107.5969","Jl. Jend. Sudirman, Karanganyar, Astanaanyar, Kota Bandung",Sudirman Street Bandung adalah kawasan kuliner malam yang menawarkan berbagai makanan lokal dan suasana street food kota.,1,1,1,1,91.78,167,551000,360000,210000,15000,1136000,sesuai,1
BDG-TRV-0702,Cimahi,4 hari 3 malam,4,2,2919000,premium,motor,nyaman,kuliner,foto-foto,Sudirman Street Bandung,wisata kuliner,Kota Bandung,-6.9177,107.5969,"-6.9177,107.5969","Jl. Jend. Sudirman, Karanganyar, Astanaanyar, Kota Bandung",Sudirman Street Bandung adalah kawasan kuliner malam yang menawarkan berbagai makanan lokal dan suasana street food kota.,1,1,1,1,30.39,46,85000,1560000,560000,30000,2235000,sesuai,1
BDG-TRV-0703,Kota Bandung,4 hari 3 malam,4,5,4084000,premium,mobil,nyaman,cafe view,religi,Floating Market Lembang,wisata kuliner,Kabupaten Bandung Barat,-6.8167,107.6187,"-6.8167,107.6187","Jl. Grand Hotel No.33E, Lembang, Kabupaten Bandung Barat","Floating Market Lembang menawarkan pengalaman kuliner, wahana keluarga, taman, dan suasana danau di kawasan Lembang.",0,0,1,1,61.39,126,368000,1560000,1400000,75000,3403000,sesuai,0
BDG-TRV-0704,Bogor,3 hari 2 malam,3,5,2694000,standar,mobil,nyaman,kuliner,kuliner,Sudirman Street Bandung,wisata kuliner,Kota Bandung,-6.9177,107.5969,"-6.9177,107.5969","Jl. Jend. Sudirman, Karanganyar, Astanaanyar, Kota Bandung",Sudirman Street Bandung adalah kawasan kuliner malam yang menawarkan berbagai makanan lokal dan suasana street food kota.,1,1,0,1,176.84,358,1061000,1040000,1050000,75000,3226000,melebihi budget,0
BDG-TRV-0705,Tasikmalaya,3 hari 2 malam,3,1,1477000,hemat,motor,standar,alam,edukasi,Tangkuban Perahu,gunung,Kabupaten Bandung Barat,-6.7596,107.6098,"-6.7596,107.6098","Cikahuripan, Lembang, Kabupaten Bandung Barat",Tangkuban Perahu adalah kawasan wisata gunung berapi dengan kawah alam yang populer untuk wisata alam dan edukasi geologi.,1,1,1,1,182.39,385,511000,640000,210000,35000,1396000,sesuai,1
BDG-TRV-0706,Bogor,4 hari 3 malam,4,1,1062000,standar,transportasi umum,hemat,gunung,kuliner,Tangkuban Perahu,gunung,Kabupaten Bandung Barat,-6.7596,107.6098,"-6.7596,107.6098","Cikahuripan, Lembang, Kabupaten Bandung Barat",Tangkuban Perahu adalah kawasan wisata gunung berapi dengan kawah alam yang populer untuk wisata alam dan edukasi geologi.,1,0,0,0,254.88,566,918000,540000,280000,35000,1773000,melebihi budget,0
BDG-TRV-0707,Kabupaten Bandung,2 hari 1 malam,2,2,4062000,premium,mobil,standar,alam,healing,Ranca Upas,wisata alam,Kabupaten Bandung,-7.1421,107.3957,"-7.1421,107.3957","Jl. Raya Ciwidey-Patengan, Rancabali, Kabupaten Bandung",Ranca Upas adalah kawasan wisata alam dan bumi perkemahan yang dikenal dengan penangkaran rusa dan udara sejuk pegunungan.,1,1,1,1,55.16,101,331000,320000,280000,60000,991000,sesuai,1
BDG-TRV-0708,Bekasi,3 hari 2 malam,3,2,2809000,hemat,transportasi umum,nyaman,edukasi,edukasi,Saung Angklung Udjo,wisata edukasi,Kota Bandung,-6.8992,107.6542,"-6.8992,107.6542","Jl. Padasuka No.118, Pasirlayung, Cibeunying Kidul, Kota Bandung","Saung Angklung Udjo adalah destinasi budaya dan edukasi yang menampilkan pertunjukan angklung, seni Sunda, dan aktivitas keluarga.",1,1,1,1,151.67,273,546000,1040000,420000,50000,2056000,sesuai,1
BDG-TRV-0709,Cimahi,2 hari 1 malam,2,1,2692000,premium,mobil,standar,edukasi,sejarah,Gedung Sate,wisata edukasi,Kota Bandung,-6.9025,107.6188,"-6.9025,107.6188","Jl. Diponegoro No.22, Citarum, Bandung Wetan, Kota Bandung",Gedung Sate adalah ikon Kota Bandung yang dikenal sebagai bangunan bersejarah dengan arsitektur khas dan nilai edukasi sejarah pemerintahan Jawa Barat.,1,1,1,1,34.04,59,204000,320000,140000,25000,689000,sesuai,1
BDG-TRV-0710,Bekasi,2 hari 1 malam,2,4,2069000,standar,motor,standar,wisata kota,santai,Alun-Alun Bandung,wisata kota,Kota Bandung,-6.9218,107.6071,"-6.9218,107.6071","Jl. Asia Afrika, Balonggede, Regol, Kota Bandung","Alun-Alun Bandung adalah ruang publik ikonik di pusat Kota Bandung yang cocok untuk bersantai, berfoto, dan menikmati suasana kota dekat Masjid Raya Bandung.",1,1,1,1,156.7,338,439000,320000,560000,20000,1339000,sesuai,1
BDG-TRV-0711,Bekasi,1 hari,1,5,1722000,standar,motor,tanpa penginapan,religi,foto-foto,Masjid Raya Bandung,wisata religi,Kota Bandung,-6.9216,107.6068,"-6.9216,107.6068","Jl. Dalem Kaum, Balonggede, Regol, Kota Bandung",Masjid Raya Bandung merupakan destinasi wisata religi di kawasan Alun-Alun Bandung dengan arsitektur megah dan suasana pusat kota yang ramai.,1,1,1,1,154.99,329,434000,0,350000,0,784000,sesuai,1
BDG-TRV-0712,Jakarta,2 hari 1 malam,2,2,909000,hemat,transportasi umum,nyaman,alam,alam,The Lodge Maribaya,wisata alam,Kabupaten Bandung Barat,-6.8294,107.6875,"-6.8294,107.6875","Cibodas, Lembang, Kabupaten Bandung Barat","The Lodge Maribaya adalah destinasi alam dengan wahana foto, pemandangan hutan pinus, dan aktivitas rekreasi keluarga.",1,1,0,1,207.37,335,747000,520000,280000,60000,1607000,melebihi budget,0
BDG-TRV-0713,Cimahi,2 hari 1 malam,2,2,2431000,standar,mobil,standar,alam,foto-foto,Curug Cimahi,wisata alam,Kabupaten Bandung Barat,-6.7986,107.5775,"-6.7986,107.5775","Kertawangi, Cisarua, Kabupaten Bandung Barat",Curug Cimahi adalah wisata air terjun di Bandung Barat dengan jalur trekking ringan dan suasana alam yang sejuk.,1,1,1,1,60.9,98,365000,320000,280000,60000,1025000,sesuai,1
BDG-TRV-0714,Kabupaten Bandung,2 hari 1 malam,2,2,1228000,premium,transportasi umum,nyaman,kuliner,kuliner,Martabak San Francisco Bandung,wisata kuliner,Kota Bandung,-6.9026,107.6092,"-6.9026,107.6092","Jl. Burangrang, Lengkong, Kota Bandung",Martabak San Francisco Bandung adalah destinasi kuliner legendaris yang dikenal dengan pilihan martabak manis dan martabak telur.,1,1,0,1,138.35,250,498000,520000,280000,30000,1328000,melebihi budget,0
BDG-TRV-0715,Cimahi,3 hari 2 malam,3,4,2098000,hemat,motor,standar,mall,kuliner,Paskal 23 Bandung,mall,Kota Bandung,-6.9147,107.5918,"-6.9147,107.5918","Jl. Pasir Kaliki No.25-27, Kebon Jeruk, Andir, Kota Bandung",Paskal 23 Bandung adalah pusat perbelanjaan dan kuliner modern yang dekat dengan kawasan stasiun dan pusat kota.,1,1,1,1,27.14,40,76000,640000,840000,40000,1596000,sesuai,1
BDG-TRV-0716,Bogor,2 hari 1 malam,2,2,1974000,standar,transportasi umum,hemat,wisata edukasi,edukasi,Jendela Alam,wisata edukasi,Kabupaten Bandung Barat,-6.8287,107.5976,"-6.8287,107.5976","Komplek Graha Puspa, Lembang, Kabupaten Bandung Barat","Jendela Alam adalah wisata edukasi keluarga yang mengenalkan aktivitas pertanian, peternakan, dan lingkungan alam.",1,1,1,1,219.42,334,790000,180000,280000,50000,1300000,sesuai,1
BDG-TRV-0717,Tasikmalaya,2 hari 1 malam,2,5,2194000,hemat,motor,hemat,wisata alam,alam,Tebing Keraton,wisata alam,Kabupaten Bandung Barat,-6.8341,107.6635,"-6.8341,107.6635","Ciburial, Cimenyan, Kabupaten Bandung Barat",Tebing Keraton adalah destinasi wisata alam dengan pemandangan hutan dan perbukitan yang cocok untuk foto dan menikmati udara sejuk.,1,1,1,1,191.75,303,537000,180000,700000,150000,1567000,sesuai,1
BDG-TRV-0718,Kabupaten Bandung,2 hari 1 malam,2,2,2413000,standar,transportasi umum,standar,alam,kuliner,Ranca Upas,wisata alam,Kabupaten Bandung,-7.1421,107.3957,"-7.1421,107.3957","Jl. Raya Ciwidey-Patengan, Rancabali, Kabupaten Bandung",Ranca Upas adalah kawasan wisata alam dan bumi perkemahan yang dikenal dengan penangkaran rusa dan udara sejuk pegunungan.,1,0,1,1,50.63,111,182000,320000,280000,60000,842000,sesuai,0
BDG-TRV-0719,Cimahi,1 hari,1,4,1218000,standar,transportasi umum,tanpa penginapan,kebun binatang,alam,Floating Market Lembang,wisata kuliner,Kabupaten Bandung Barat,-6.8167,107.6187,"-6.8167,107.6187","Jl. Grand Hotel No.33E, Lembang, Kabupaten Bandung Barat","Floating Market Lembang menawarkan pengalaman kuliner, wahana keluarga, taman, dan suasana danau di kawasan Lembang.",0,0,1,1,47.86,100,172000,0,280000,60000,512000,sesuai,0
BDG-TRV-0720,Garut,1 hari,1,4,1390000,hemat,transportasi umum,tanpa penginapan,wisata edukasi,budaya,Saung Angklung Udjo,wisata edukasi,Kota Bandung,-6.8992,107.6542,"-6.8992,107.6542","Jl. Padasuka No.118, Pasirlayung, Cibeunying Kidul, Kota Bandung","Saung Angklung Udjo adalah destinasi budaya dan edukasi yang menampilkan pertunjukan angklung, seni Sunda, dan aktivitas keluarga.",1,1,1,1,82.26,164,296000,0,280000,100000,676000,sesuai,1
BDG-TRV-0721,Kabupaten Bandung,2 hari 1 malam,2,1,470000,hemat,motor,nyaman,wisata religi,kuliner,Masjid Raya Bandung,wisata religi,Kota Bandung,-6.9216,107.6068,"-6.9216,107.6068","Jl. Dalem Kaum, Balonggede, Regol, Kota Bandung",Masjid Raya Bandung merupakan destinasi wisata religi di kawasan Alun-Alun Bandung dengan arsitektur megah dan suasana pusat kota yang ramai.,1,0,0,1,38.76,74,109000,520000,140000,0,769000,melebihi budget,0
BDG-TRV-0722,Jakarta,1 hari,1,2,4575000,premium,mobil,tanpa penginapan,wisata alam,budaya,Curug Cimahi,wisata alam,Kabupaten Bandung Barat,-6.7986,107.5775,"-6.7986,107.5775","Kertawangi, Cisarua, Kabupaten Bandung Barat",Curug Cimahi adalah wisata air terjun di Bandung Barat dengan jalur trekking ringan dan suasana alam yang sejuk.,1,0,1,0,205.2,451,1231000,0,140000,60000,1431000,sesuai,0
BDG-TRV-0723,Cimahi,2 hari 1 malam,2,2,1097000,premium,transportasi umum,standar,belanja,santai,Paskal 23 Bandung,mall,Kota Bandung,-6.9147,107.5918,"-6.9147,107.5918","Jl. Pasir Kaliki No.25-27, Kebon Jeruk, Andir, Kota Bandung",Paskal 23 Bandung adalah pusat perbelanjaan dan kuliner modern yang dekat dengan kawasan stasiun dan pusat kota.,1,1,0,1,160.4,312,577000,320000,280000,20000,1197000,melebihi budget,0
BDG-TRV-0724,Kota Bandung,3 hari 2 malam,3,4,1669000,premium,motor,hemat,mall,belanja,Paris Van Java Mall,mall,Kota Bandung,-6.8893,107.5966,"-6.8893,107.5966","Jl. Sukajadi No.131-139, Cipedes, Sukajadi, Kota Bandung","Paris Van Java Mall adalah pusat belanja bergaya terbuka yang menawarkan kuliner, hiburan, fashion, dan suasana santai di Kota Bandung.",1,1,0,1,189.06,340,529000,360000,840000,40000,1769000,melebihi budget,0
BDG-TRV-0725,Kota Bandung,3 hari 2 malam,3,2,351000,hemat,motor,standar,kuliner,kuliner,Martabak San Francisco Bandung,wisata kuliner,Kota Bandung,-6.9026,107.6092,"-6.9026,107.6092","Jl. Burangrang, Lengkong, Kota Bandung",Martabak San Francisco Bandung adalah destinasi kuliner legendaris yang dikenal dengan pilihan martabak manis dan martabak telur.,1,1,0,1,118.39,222,331000,640000,420000,30000,1421000,melebihi budget,0
BDG-TRV-0726,Garut,2 hari 1 malam,2,2,2815000,premium,mobil,standar,wisata religi,religi,Masjid Raya Bandung,wisata religi,Kota Bandung,-6.9216,107.6068,"-6.9216,107.6068","Jl. Dalem Kaum, Balonggede, Regol, Kota Bandung",Masjid Raya Bandung merupakan destinasi wisata religi di kawasan Alun-Alun Bandung dengan arsitektur megah dan suasana pusat kota yang ramai.,1,1,1,0,288.6,563,1732000,320000,280000,0,2332000,sesuai,0
BDG-TRV-0727,Tasikmalaya,2 hari 1 malam,2,1,3876000,premium,motor,standar,wisata alam,healing,Curug Cimahi,wisata alam,Kabupaten Bandung Barat,-6.7986,107.5775,"-6.7986,107.5775","Kertawangi, Cisarua, Kabupaten Bandung Barat",Curug Cimahi adalah wisata air terjun di Bandung Barat dengan jalur trekking ringan dan suasana alam yang sejuk.,1,1,1,1,141.5,319,396000,320000,140000,30000,886000,sesuai,1
BDG-TRV-0728,Bekasi,2 hari 1 malam,2,5,1876000,standar,transportasi umum,hemat,wisata kuliner,santai,Sudirman Street Bandung,wisata kuliner,Kota Bandung,-6.9177,107.5969,"-6.9177,107.5969","Jl. Jend. Sudirman, Karanganyar, Astanaanyar, Kota Bandung",Sudirman Street Bandung adalah kawasan kuliner malam yang menawarkan berbagai makanan lokal dan suasana street food kota.,1,1,1,1,181.6,306,654000,180000,700000,75000,1609000,sesuai,1
BDG-TRV-0729,Bekasi,1 hari,1,2,4139000,premium,motor,tanpa penginapan,museum,sejarah,Museum Geologi Bandung,museum,Kota Bandung,-6.9007,107.6215,"-6.9007,107.6215","Jl. Diponegoro No.57, Cihaur Geulis, Cibeunying Kaler, Kota Bandung","Museum Geologi Bandung adalah destinasi edukasi yang menampilkan koleksi batuan, mineral, fosil, dan informasi sejarah bumi.",1,1,1,1,194.46,443,544000,0,140000,30000,714000,sesuai,1
BDG-TRV-0730,Cimahi,2 hari 1 malam,2,3,4851000,premium,motor,standar,museum,keluarga,Floating Market Lembang,wisata kuliner,Kabupaten Bandung Barat,-6.8167,107.6187,"-6.8167,107.6187","Jl. Grand Hotel No.33E, Lembang, Kabupaten Bandung Barat","Floating Market Lembang menawarkan pengalaman kuliner, wahana keluarga, taman, dan suasana danau di kawasan Lembang.",0,1,1,1,44.59,73,125000,320000,420000,45000,910000,sesuai,0
BDG-TRV-0731,Depok,2 hari 1 malam,2,5,2473000,standar,mobil,standar,kuliner,santai,Martabak San Francisco Bandung,wisata kuliner,Kota Bandung,-6.9026,107.6092,"-6.9026,107.6092","Jl. Burangrang, Lengkong, Kota Bandung",Martabak San Francisco Bandung adalah destinasi kuliner legendaris yang dikenal dengan pilihan martabak manis dan martabak telur.,1,1,1,1,158.52,238,951000,320000,700000,75000,2046000,sesuai,1
BDG-TRV-0732,Bogor,2 hari 1 malam,2,1,915000,standar,motor,nyaman,wisata kuliner,kuliner,Sudirman Street Bandung,wisata kuliner,Kota Bandung,-6.9177,107.5969,"-6.9177,107.5969","Jl. Jend. Sudirman, Karanganyar, Astanaanyar, Kota Bandung",Sudirman Street Bandung adalah kawasan kuliner malam yang menawarkan berbagai makanan lokal dan suasana street food kota.,1,1,0,1,184.84,348,518000,520000,140000,15000,1193000,melebihi budget,0
BDG-TRV-0733,Jakarta,3 hari 2 malam,3,5,2497000,standar,mobil,hemat,mall,kuliner,Tangkuban Perahu,gunung,Kabupaten Bandung Barat,-6.7596,107.6098,"-6.7596,107.6098","Cikahuripan, Lembang, Kabupaten Bandung Barat",Tangkuban Perahu adalah kawasan wisata gunung berapi dengan kawah alam yang populer untuk wisata alam dan edukasi geologi.,0,0,0,1,219.88,395,1319000,360000,1050000,175000,2904000,melebihi budget,0
BDG-TRV-0734,Depok,3 hari 2 malam,3,1,758000,hemat,motor,hemat,kuliner,kuliner,Sudirman Street Bandung,wisata kuliner,Kota Bandung,-6.9177,107.5969,"-6.9177,107.5969","Jl. Jend. Sudirman, Karanganyar, Astanaanyar, Kota Bandung",Sudirman Street Bandung adalah kawasan kuliner malam yang menawarkan berbagai makanan lokal dan suasana street food kota.,1,1,0,0,279.81,468,783000,360000,210000,15000,1368000,melebihi budget,0
BDG-TRV-0735,Garut,2 hari 1 malam,2,3,2225000,hemat,mobil,nyaman,kuliner,foto-foto,Sudirman Street Bandung,wisata kuliner,Kota Bandung,-6.9177,107.5969,"-6.9177,107.5969","Jl. Jend. Sudirman, Karanganyar, Astanaanyar, Kota Bandung",Sudirman Street Bandung adalah kawasan kuliner malam yang menawarkan berbagai makanan lokal dan suasana street food kota.,1,1,1,1,110.95,237,666000,520000,420000,45000,1651000,sesuai,1
BDG-TRV-0736,Garut,4 hari 3 malam,4,2,2160000,hemat,transportasi umum,standar,wisata tematik,foto-foto,Kampung Gajah Wonderland,wisata tematik,Kabupaten Bandung Barat,-6.8291,107.5933,"-6.8291,107.5933","Jl. Sersan Bajuri, Cihideung, Parongpong, Kabupaten Bandung Barat",Kampung Gajah Wonderland dikenal sebagai kawasan wisata tematik keluarga dengan berbagai wahana dan area rekreasi.,1,1,1,1,117.93,194,425000,960000,560000,130000,2075000,sesuai,1
BDG-TRV-0737,Depok,2 hari 1 malam,2,3,4416000,premium,motor,hemat,edukasi,edukasi,Jendela Alam,wisata edukasi,Kabupaten Bandung Barat,-6.8287,107.5976,"-6.8287,107.5976","Komplek Graha Puspa, Lembang, Kabupaten Bandung Barat","Jendela Alam adalah wisata edukasi keluarga yang mengenalkan aktivitas pertanian, peternakan, dan lingkungan alam.",1,1,1,1,230.17,363,644000,180000,420000,75000,1319000,sesuai,1
BDG-TRV-0738,Cimahi,1 hari,1,2,857000,hemat,motor,tanpa penginapan,wisata kuliner,kuliner,Sudirman Street Bandung,wisata kuliner,Kota Bandung,-6.9177,107.5969,"-6.9177,107.5969","Jl. Jend. Sudirman, Karanganyar, Astanaanyar, Kota Bandung",Sudirman Street Bandung adalah kawasan kuliner malam yang menawarkan berbagai makanan lokal dan suasana street food kota.,1,1,1,1,13.46,25,38000,0,140000,30000,208000,sesuai,1
BDG-TRV-0739,Jakarta,1 hari,1,4,450000,standar,motor,tanpa penginapan,mall,santai,Paskal 23 Bandung,mall,Kota Bandung,-6.9147,107.5918,"-6.9147,107.5918","Jl. Pasir Kaliki No.25-27, Kebon Jeruk, Andir, Kota Bandung",Paskal 23 Bandung adalah pusat perbelanjaan dan kuliner modern yang dekat dengan kawasan stasiun dan pusat kota.,1,1,0,0,164.34,291,460000,0,280000,40000,780000,melebihi budget,0
BDG-TRV-0740,Tasikmalaya,1 hari,1,1,4413000,premium,mobil,tanpa penginapan,wisata tematik,edukasi,Kampung Gajah Wonderland,wisata tematik,Kabupaten Bandung Barat,-6.8291,107.5933,"-6.8291,107.5933","Jl. Sersan Bajuri, Cihideung, Parongpong, Kabupaten Bandung Barat",Kampung Gajah Wonderland dikenal sebagai kawasan wisata tematik keluarga dengan berbagai wahana dan area rekreasi.,1,0,1,0,163.05,348,978000,0,70000,65000,1113000,sesuai,0
BDG-TRV-0741,Kabupaten Bandung,3 hari 2 malam,3,5,903000,hemat,motor,hemat,wisata kota,belanja,Cafe D'Pakar Bandung,cafe view,Kota Bandung,-6.8398,107.6537,"-6.8398,107.6537","Dago Pakar, Ciburial, Cimenyan, Bandung","Cafe D'Pakar Bandung adalah tempat wisata kuliner dengan suasana alam sejuk, area outdoor, dan pemandangan pepohonan di kawasan Dago Pakar.",0,0,0,1,39.79,91,111000,360000,1050000,100000,1621000,melebihi budget,0
BDG-TRV-0742,Kota Bandung,1 hari,1,5,1623000,standar,mobil,tanpa penginapan,mall,belanja,Paskal 23 Bandung,mall,Kota Bandung,-6.9147,107.5918,"-6.9147,107.5918","Jl. Pasir Kaliki No.25-27, Kebon Jeruk, Andir, Kota Bandung",Paskal 23 Bandung adalah pusat perbelanjaan dan kuliner modern yang dekat dengan kawasan stasiun dan pusat kota.,1,1,1,1,9.81,19,59000,0,350000,50000,459000,sesuai,1
BDG-TRV-0743,Bogor,3 hari 2 malam,3,3,4104000,premium,motor,hemat,wisata kota,santai,Jalan Braga,wisata kota,Kota Bandung,-6.9175,107.6098,"-6.9175,107.6098","Jl. Braga, Braga, Sumur Bandung, Kota Bandung","Jalan Braga adalah kawasan wisata kota dengan nuansa klasik, bangunan bersejarah, kafe, kuliner, dan spot foto yang populer di Bandung.",1,1,1,1,207.22,410,580000,360000,630000,15000,1585000,sesuai,1
BDG-TRV-0744,Cimahi,2 hari 1 malam,2,3,1330000,hemat,mobil,nyaman,wisata kuliner,foto-foto,Sudirman Street Bandung,wisata kuliner,Kota Bandung,-6.9177,107.5969,"-6.9177,107.5969","Jl. Jend. Sudirman, Karanganyar, Astanaanyar, Kota Bandung",Sudirman Street Bandung adalah kawasan kuliner malam yang menawarkan berbagai makanan lokal dan suasana street food kota.,1,1,1,1,21.0,39,126000,520000,420000,45000,1111000,sesuai,1
BDG-TRV-0745,Bekasi,1 hari,1,2,1695000,standar,motor,tanpa penginapan,kuliner,kuliner,Martabak San Francisco Bandung,wisata kuliner,Kota Bandung,-6.9026,107.6092,"-6.9026,107.6092","Jl. Burangrang, Lengkong, Kota Bandung",Martabak San Francisco Bandung adalah destinasi kuliner legendaris yang dikenal dengan pilihan martabak manis dan martabak telur.,1,1,1,1,149.46,300,418000,0,140000,30000,588000,sesuai,1
BDG-TRV-0746,Garut,2 hari 1 malam,2,1,4908000,premium,mobil,hemat,wisata alam,kuliner,Orchid Forest Cikole,wisata alam,Kabupaten Bandung Barat,-6.7806,107.6373,"-6.7806,107.6373","Cikole, Lembang, Kabupaten Bandung Barat","Orchid Forest Cikole adalah wisata alam hutan pinus dengan koleksi anggrek, spot foto, dan suasana sejuk di Lembang.",1,0,1,1,136.82,285,821000,180000,140000,30000,1171000,sesuai,0
BDG-TRV-0747,Kota Bandung,4 hari 3 malam,4,4,731000,hemat,mobil,nyaman,belanja,edukasi,Paris Van Java Mall,mall,Kota Bandung,-6.8893,107.5966,"-6.8893,107.5966","Jl. Sukajadi No.131-139, Cipedes, Sukajadi, Kota Bandung","Paris Van Java Mall adalah pusat belanja bergaya terbuka yang menawarkan kuliner, hiburan, fashion, dan suasana santai di Kota Bandung.",1,0,0,1,11.33,20,68000,1560000,1120000,40000,2788000,melebihi budget,0
BDG-TRV-0748,Jakarta,1 hari,1,4,3667000,premium,motor,tanpa penginapan,wisata kuliner,santai,Martabak San Francisco Bandung,wisata kuliner,Kota Bandung,-6.9026,107.6092,"-6.9026,107.6092","Jl. Burangrang, Lengkong, Kota Bandung",Martabak San Francisco Bandung adalah destinasi kuliner legendaris yang dikenal dengan pilihan martabak manis dan martabak telur.,1,1,1,1,193.74,375,542000,0,280000,60000,882000,sesuai,1
BDG-TRV-0749,Tasikmalaya,2 hari 1 malam,2,3,1954000,standar,motor,standar,kebun binatang,santai,Kebun Binatang Bandung,kebun binatang,Kota Bandung,-6.8902,107.607,"-6.8902,107.607","Jl. Tamansari No.71, Lebak Siliwangi, Coblong, Kota Bandung",Kebun Binatang Bandung adalah wisata edukasi keluarga yang menampilkan berbagai satwa dan area rekreasi di kawasan Tamansari.,1,1,1,1,176.99,267,496000,320000,420000,150000,1386000,sesuai,1
BDG-TRV-0750,Garut,3 hari 2 malam,3,2,2709000,premium,mobil,standar,wisata kuliner,kuliner,Floating Market Lembang,wisata kuliner,Kabupaten Bandung Barat,-6.8167,107.6187,"-6.8167,107.6187","Jl. Grand Hotel No.33E, Lembang, Kabupaten Bandung Barat","Floating Market Lembang menawarkan pengalaman kuliner, wahana keluarga, taman, dan suasana danau di kawasan Lembang.",1,1,1,1,145.05,286,870000,640000,420000,30000,1960000,sesuai,1
BDG-TRV-0751,Tasikmalaya,3 hari 2 malam,3,2,2507000,standar,transportasi umum,nyaman,alam,keluarga,Dusun Bambu,wisata alam,Kabupaten Bandung Barat,-6.789,107.5788,"-6.789,107.5788","Jl. Kolonel Masturi KM 11, Cisarua, Kabupaten Bandung Barat","Dusun Bambu adalah destinasi wisata alam dan kuliner keluarga dengan pemandangan pegunungan, taman, dan area rekreasi.",1,1,1,1,166.42,287,599000,1040000,420000,60000,2119000,sesuai,1
BDG-TRV-0752,Bekasi,4 hari 3 malam,4,1,1638000,premium,transportasi umum,standar,wisata kuliner,kuliner,Sudirman Street Bandung,wisata kuliner,Kota Bandung,-6.9177,107.5969,"-6.9177,107.5969","Jl. Jend. Sudirman, Karanganyar, Astanaanyar, Kota Bandung",Sudirman Street Bandung adalah kawasan kuliner malam yang menawarkan berbagai makanan lokal dan suasana street food kota.,1,1,0,1,170.05,293,612000,960000,280000,15000,1867000,melebihi budget,0
BDG-TRV-0753,Cimahi,2 hari 1 malam,2,2,3614000,premium,transportasi umum,nyaman,wisata edukasi,alam,Jendela Alam,wisata edukasi,Kabupaten Bandung Barat,-6.8287,107.5976,"-6.8287,107.5976","Komplek Graha Puspa, Lembang, Kabupaten Bandung Barat","Jendela Alam adalah wisata edukasi keluarga yang mengenalkan aktivitas pertanian, peternakan, dan lingkungan alam.",1,1,1,1,60.5,96,218000,520000,280000,50000,1068000,sesuai,1
BDG-TRV-0754,Depok,2 hari 1 malam,2,1,859000,hemat,mobil,standar,museum,santai,Museum Geologi Bandung,museum,Kota Bandung,-6.9007,107.6215,"-6.9007,107.6215","Jl. Diponegoro No.57, Cihaur Geulis, Cibeunying Kaler, Kota Bandung","Museum Geologi Bandung adalah destinasi edukasi yang menampilkan koleksi batuan, mineral, fosil, dan informasi sejarah bumi.",1,0,0,1,187.92,285,1128000,320000,140000,15000,1603000,melebihi budget,0
BDG-TRV-0755,Tasikmalaya,4 hari 3 malam,4,3,3479000,hemat,motor,nyaman,wisata tematik,keluarga,Kampung Gajah Wonderland,wisata tematik,Kabupaten Bandung Barat,-6.8291,107.5933,"-6.8291,107.5933","Jl. Sersan Bajuri, Cihideung, Parongpong, Kabupaten Bandung Barat",Kampung Gajah Wonderland dikenal sebagai kawasan wisata tematik keluarga dengan berbagai wahana dan area rekreasi.,1,1,1,1,211.99,420,594000,1560000,840000,195000,3189000,sesuai,1
BDG-TRV-0756,Depok,3 hari 2 malam,3,2,697000,hemat,motor,nyaman,kuliner,santai,Cafe D'Pakar Bandung,cafe view,Kota Bandung,-6.8398,107.6537,"-6.8398,107.6537","Dago Pakar, Ciburial, Cimenyan, Bandung","Cafe D'Pakar Bandung adalah tempat wisata kuliner dengan suasana alam sejuk, area outdoor, dan pemandangan pepohonan di kawasan Dago Pakar.",1,1,0,0,378.02,738,1058000,1040000,420000,40000,2558000,melebihi budget,0
BDG-TRV-0757,Cimahi,2 hari 1 malam,2,3,1895000,hemat,motor,nyaman,kebun binatang,edukasi,Kebun Binatang Bandung,kebun binatang,Kota Bandung,-6.8902,107.607,"-6.8902,107.607","Jl. Tamansari No.71, Lebak Siliwangi, Coblong, Kota Bandung",Kebun Binatang Bandung adalah wisata edukasi keluarga yang menampilkan berbagai satwa dan area rekreasi di kawasan Tamansari.,1,1,1,1,23.63,36,66000,520000,420000,150000,1156000,sesuai,1
BDG-TRV-0758,Depok,2 hari 1 malam,2,3,4185000,premium,transportasi umum,standar,gunung,foto-foto,Tangkuban Perahu,gunung,Kabupaten Bandung Barat,-6.7596,107.6098,"-6.7596,107.6098","Cikahuripan, Lembang, Kabupaten Bandung Barat",Tangkuban Perahu adalah kawasan wisata gunung berapi dengan kawah alam yang populer untuk wisata alam dan edukasi geologi.,1,1,1,1,192.36,330,692000,320000,420000,105000,1537000,sesuai,1
BDG-TRV-0759,Jakarta,3 hari 2 malam,3,2,379000,hemat,mobil,nyaman,kebun binatang,alam,Dusun Bambu,wisata alam,Kabupaten Bandung Barat,-6.789,107.5788,"-6.789,107.5788","Jl. Kolonel Masturi KM 11, Cisarua, Kabupaten Bandung Barat","Dusun Bambu adalah destinasi wisata alam dan kuliner keluarga dengan pemandangan pegunungan, taman, dan area rekreasi.",0,1,0,1,215.35,392,1292000,1040000,420000,60000,2812000,melebihi budget,0
BDG-TRV-0760,Garut,3 hari 2 malam,3,4,3153000,premium,mobil,standar,mall,santai,Trans Studio Mall Bandung,mall,Kota Bandung,-6.9254,107.6358,"-6.9254,107.6358","Jl. Gatot Subroto No.289, Cibangkong, Batununggal, Kota Bandung",Trans Studio Mall Bandung adalah pusat perbelanjaan dan hiburan indoor yang terhubung dengan kawasan Trans Studio Bandung.,1,0,1,1,96.15,208,577000,640000,840000,40000,2097000,sesuai,0
BDG-TRV-0761,Kota Bandung,3 hari 2 malam,3,1,2253000,standar,transportasi umum,standar,wisata edukasi,foto-foto,Paris Van Java Mall,mall,Kota Bandung,-6.8893,107.5966,"-6.8893,107.5966","Jl. Sukajadi No.131-139, Cipedes, Sukajadi, Kota Bandung","Paris Van Java Mall adalah pusat belanja bergaya terbuka yang menawarkan kuliner, hiburan, fashion, dan suasana santai di Kota Bandung.",0,1,1,1,21.2,41,76000,640000,210000,10000,936000,sesuai,0
BDG-TRV-0762,Kabupaten Bandung,1 hari,1,2,4157000,premium,motor,tanpa penginapan,belanja,kuliner,Bandung Indah Plaza,mall,Kota Bandung,-6.9089,107.6105,"-6.9089,107.6105","Jl. Merdeka No.56, Citarum, Bandung Wetan, Kota Bandung","Bandung Indah Plaza adalah pusat perbelanjaan di pusat Kota Bandung dengan pilihan fashion, kuliner, hiburan, dan kebutuhan gaya hidup.",1,1,1,1,20.01,32,56000,0,140000,20000,216000,sesuai,1
BDG-TRV-0763,Cimahi,2 hari 1 malam,2,1,2356000,standar,motor,standar,alam,foto-foto,The Lodge Maribaya,wisata alam,Kabupaten Bandung Barat,-6.8294,107.6875,"-6.8294,107.6875","Cibodas, Lembang, Kabupaten Bandung Barat","The Lodge Maribaya adalah destinasi alam dengan wahana foto, pemandangan hutan pinus, dan aktivitas rekreasi keluarga.",1,1,1,1,33.98,65,95000,320000,140000,30000,585000,sesuai,1
BDG-TRV-0764,Kota Bandung,2 hari 1 malam,2,3,3793000,premium,transportasi umum,hemat,wisata kota,santai,Situ Patenggang,wisata alam,Kabupaten Bandung,-7.166,107.3589,"-7.166,107.3589","Patengan, Rancabali, Kabupaten Bandung","Situ Patenggang adalah danau wisata di kawasan Ciwidey yang cocok untuk menikmati alam, berfoto, dan rekreasi keluarga.",0,1,1,1,65.28,135,235000,180000,420000,90000,925000,sesuai,0
BDG-TRV-0765,Kota Bandung,1 hari,1,4,4065000,premium,transportasi umum,tanpa penginapan,kuliner,keluarga,Martabak San Francisco Bandung,wisata kuliner,Kota Bandung,-6.9026,107.6092,"-6.9026,107.6092","Jl. Burangrang, Lengkong, Kota Bandung",Martabak San Francisco Bandung adalah destinasi kuliner legendaris yang dikenal dengan pilihan martabak manis dan martabak telur.,1,1,1,0,130.89,228,471000,0,280000,60000,811000,sesuai,0
BDG-TRV-0766,Kabupaten Bandung,4 hari 3 malam,4,1,1689000,standar,motor,standar,kuliner,santai,Sudirman Street Bandung,wisata kuliner,Kota Bandung,-6.9177,107.5969,"-6.9177,107.5969","Jl. Jend. Sudirman, Karanganyar, Astanaanyar, Kota Bandung",Sudirman Street Bandung adalah kawasan kuliner malam yang menawarkan berbagai makanan lokal dan suasana street food kota.,1,1,1,1,24.71,54,69000,960000,280000,15000,1324000,sesuai,1
BDG-TRV-0767,Cimahi,2 hari 1 malam,2,4,1398000,standar,motor,standar,cafe view,santai,Cafe D'Pakar Bandung,cafe view,Kota Bandung,-6.8398,107.6537,"-6.8398,107.6537","Dago Pakar, Ciburial, Cimenyan, Bandung","Cafe D'Pakar Bandung adalah tempat wisata kuliner dengan suasana alam sejuk, area outdoor, dan pemandangan pepohonan di kawasan Dago Pakar.",1,1,1,1,33.95,77,95000,320000,560000,80000,1055000,sesuai,1
BDG-TRV-0768,Tasikmalaya,4 hari 3 malam,4,3,2865000,standar,transportasi umum,standar,wisata kuliner,kuliner,Floating Market Lembang,wisata kuliner,Kabupaten Bandung Barat,-6.8167,107.6187,"-6.8167,107.6187","Jl. Grand Hotel No.33E, Lembang, Kabupaten Bandung Barat","Floating Market Lembang menawarkan pengalaman kuliner, wahana keluarga, taman, dan suasana danau di kawasan Lembang.",1,1,1,1,184.48,301,664000,960000,840000,45000,2509000,sesuai,1
BDG-TRV-0769,Kabupaten Bandung,4 hari 3 malam,4,4,4245000,standar,mobil,nyaman,gunung,foto-foto,Tangkuban Perahu,gunung,Kabupaten Bandung Barat,-6.7596,107.6098,"-6.7596,107.6098","Cikahuripan, Lembang, Kabupaten Bandung Barat",Tangkuban Perahu adalah kawasan wisata gunung berapi dengan kawah alam yang populer untuk wisata alam dan edukasi geologi.,1,1,1,1,100.74,185,604000,1560000,1120000,140000,3424000,sesuai,1
BDG-TRV-0770,Garut,3 hari 2 malam,3,1,1529000,hemat,transportasi umum,hemat,wisata kota,santai,Jalan Braga,wisata kota,Kota Bandung,-6.9175,107.6098,"-6.9175,107.6098","Jl. Braga, Braga, Sumur Bandung, Kota Bandung","Jalan Braga adalah kawasan wisata kota dengan nuansa klasik, bangunan bersejarah, kafe, kuliner, dan spot foto yang populer di Bandung.",1,1,1,1,85.56,163,308000,360000,210000,5000,883000,sesuai,1
BDG-TRV-0771,Bekasi,3 hari 2 malam,3,3,3211000,premium,motor,nyaman,kebun binatang,santai,Kebun Binatang Bandung,kebun binatang,Kota Bandung,-6.8902,107.607,"-6.8902,107.607","Jl. Tamansari No.71, Lebak Siliwangi, Coblong, Kota Bandung",Kebun Binatang Bandung adalah wisata edukasi keluarga yang menampilkan berbagai satwa dan area rekreasi di kawasan Tamansari.,1,1,1,1,193.36,441,541000,1040000,630000,150000,2361000,sesuai,1
BDG-TRV-0772,Bogor,3 hari 2 malam,3,2,2215000,standar,transportasi umum,standar,wisata alam,alam,Dusun Bambu,wisata alam,Kabupaten Bandung Barat,-6.789,107.5788,"-6.789,107.5788","Jl. Kolonel Masturi KM 11, Cisarua, Kabupaten Bandung Barat","Dusun Bambu adalah destinasi wisata alam dan kuliner keluarga dengan pemandangan pegunungan, taman, dan area rekreasi.",1,1,1,1,263.09,494,947000,640000,420000,60000,2067000,sesuai,1
BDG-TRV-0773,Jakarta,1 hari,1,3,677000,hemat,mobil,tanpa penginapan,wisata kota,santai,Martabak San Francisco Bandung,wisata kuliner,Kota Bandung,-6.9026,107.6092,"-6.9026,107.6092","Jl. Burangrang, Lengkong, Kota Bandung",Martabak San Francisco Bandung adalah destinasi kuliner legendaris yang dikenal dengan pilihan martabak manis dan martabak telur.,0,1,0,0,153.74,246,922000,0,210000,45000,1177000,melebihi budget,0
BDG-TRV-0774,Jakarta,4 hari 3 malam,4,5,789000,hemat,mobil,standar,gunung,edukasi,Tangkuban Perahu,gunung,Kabupaten Bandung Barat,-6.7596,107.6098,"-6.7596,107.6098","Cikahuripan, Lembang, Kabupaten Bandung Barat",Tangkuban Perahu adalah kawasan wisata gunung berapi dengan kawah alam yang populer untuk wisata alam dan edukasi geologi.,1,1,0,0,314.98,681,1890000,960000,1400000,175000,4425000,melebihi budget,0
BDG-TRV-0775,Tasikmalaya,1 hari,1,3,1645000,hemat,transportasi umum,tanpa penginapan,alam,edukasi,Tangkuban Perahu,gunung,Kabupaten Bandung Barat,-6.7596,107.6098,"-6.7596,107.6098","Cikahuripan, Lembang, Kabupaten Bandung Barat",Tangkuban Perahu adalah kawasan wisata gunung berapi dengan kawah alam yang populer untuk wisata alam dan edukasi geologi.,1,1,1,1,183.5,391,661000,0,210000,105000,976000,sesuai,1
BDG-TRV-0776,Bekasi,2 hari 1 malam,2,2,2664000,premium,transportasi umum,standar,mall,kuliner,Saung Angklung Udjo,wisata edukasi,Kota Bandung,-6.8992,107.6542,"-6.8992,107.6542","Jl. Padasuka No.118, Pasirlayung, Cibeunying Kidul, Kota Bandung","Saung Angklung Udjo adalah destinasi budaya dan edukasi yang menampilkan pertunjukan angklung, seni Sunda, dan aktivitas keluarga.",0,0,1,1,138.34,232,498000,320000,280000,50000,1148000,sesuai,0
BDG-TRV-0777,Kota Bandung,1 hari,1,5,731000,hemat,motor,tanpa penginapan,wisata alam,foto-foto,Curug Cimahi,wisata alam,Kabupaten Bandung Barat,-6.7986,107.5775,"-6.7986,107.5775","Kertawangi, Cisarua, Kabupaten Bandung Barat",Curug Cimahi adalah wisata air terjun di Bandung Barat dengan jalur trekking ringan dan suasana alam yang sejuk.,1,1,1,1,48.67,103,136000,0,350000,150000,636000,sesuai,1
BDG-TRV-0778,Cimahi,2 hari 1 malam,2,2,1712000,standar,motor,standar,edukasi,keluarga,Museum Geologi Bandung,museum,Kota Bandung,-6.9007,107.6215,"-6.9007,107.6215","Jl. Diponegoro No.57, Cihaur Geulis, Cibeunying Kaler, Kota Bandung","Museum Geologi Bandung adalah destinasi edukasi yang menampilkan koleksi batuan, mineral, fosil, dan informasi sejarah bumi.",1,1,1,1,25.63,53,72000,320000,280000,30000,702000,sesuai,1
BDG-TRV-0779,Depok,1 hari,1,4,4000000,premium,motor,tanpa penginapan,mall,keluarga,Trans Studio Mall Bandung,mall,Kota Bandung,-6.9254,107.6358,"-6.9254,107.6358","Jl. Gatot Subroto No.289, Cibangkong, Batununggal, Kota Bandung",Trans Studio Mall Bandung adalah pusat perbelanjaan dan hiburan indoor yang terhubung dengan kawasan Trans Studio Bandung.,1,1,1,1,207.62,321,581000,0,280000,40000,901000,sesuai,1
BDG-TRV-0780,Depok,3 hari 2 malam,3,5,888000,hemat,transportasi umum,standar,wisata alam,budaya,Bandung Indah Plaza,mall,Kota Bandung,-6.9089,107.6105,"-6.9089,107.6105","Jl. Merdeka No.56, Citarum, Bandung Wetan, Kota Bandung","Bandung Indah Plaza adalah pusat perbelanjaan di pusat Kota Bandung dengan pilihan fashion, kuliner, hiburan, dan kebutuhan gaya hidup.",0,0,0,1,177.37,403,639000,640000,1050000,50000,2379000,melebihi budget,0
BDG-TRV-0781,Kabupaten Bandung,3 hari 2 malam,3,3,3861000,premium,transportasi umum,nyaman,kuliner,keluarga,Martabak San Francisco Bandung,wisata kuliner,Kota Bandung,-6.9026,107.6092,"-6.9026,107.6092","Jl. Burangrang, Lengkong, Kota Bandung",Martabak San Francisco Bandung adalah destinasi kuliner legendaris yang dikenal dengan pilihan martabak manis dan martabak telur.,1,1,1,1,34.28,52,123000,1040000,630000,45000,1838000,sesuai,1
BDG-TRV-0782,Cimahi,2 hari 1 malam,2,1,1288000,hemat,mobil,nyaman,edukasi,edukasi,Kebun Binatang Bandung,kebun binatang,Kota Bandung,-6.8902,107.607,"-6.8902,107.607","Jl. Tamansari No.71, Lebak Siliwangi, Coblong, Kota Bandung",Kebun Binatang Bandung adalah wisata edukasi keluarga yang menampilkan berbagai satwa dan area rekreasi di kawasan Tamansari.,1,1,1,1,26.28,44,158000,520000,140000,50000,868000,sesuai,1
BDG-TRV-0783,Bogor,3 hari 2 malam,3,2,2097000,hemat,motor,standar,belanja,belanja,Paris Van Java Mall,mall,Kota Bandung,-6.8893,107.5966,"-6.8893,107.5966","Jl. Sukajadi No.131-139, Cipedes, Sukajadi, Kota Bandung","Paris Van Java Mall adalah pusat belanja bergaya terbuka yang menawarkan kuliner, hiburan, fashion, dan suasana santai di Kota Bandung.",1,1,1,1,200.62,332,562000,640000,420000,20000,1642000,sesuai,1
BDG-TRV-0784,Jakarta,2 hari 1 malam,2,2,2396000,hemat,mobil,nyaman,wisata alam,foto-foto,The Lodge Maribaya,wisata alam,Kabupaten Bandung Barat,-6.8294,107.6875,"-6.8294,107.6875","Cibodas, Lembang, Kabupaten Bandung Barat","The Lodge Maribaya adalah destinasi alam dengan wahana foto, pemandangan hutan pinus, dan aktivitas rekreasi keluarga.",1,1,1,1,240.06,388,1440000,520000,280000,60000,2300000,sesuai,1
BDG-TRV-0785,Bekasi,2 hari 1 malam,2,4,2829000,premium,mobil,standar,keluarga,santai,Kampung Gajah Wonderland,wisata tematik,Kabupaten Bandung Barat,-6.8291,107.5933,"-6.8291,107.5933","Jl. Sersan Bajuri, Cihideung, Parongpong, Kabupaten Bandung Barat",Kampung Gajah Wonderland dikenal sebagai kawasan wisata tematik keluarga dengan berbagai wahana dan area rekreasi.,1,1,1,0,274.32,441,1646000,320000,560000,260000,2786000,sesuai,0
BDG-TRV-0786,Jakarta,3 hari 2 malam,3,1,4431000,premium,transportasi umum,standar,wisata kuliner,kuliner,Martabak San Francisco Bandung,wisata kuliner,Kota Bandung,-6.9026,107.6092,"-6.9026,107.6092","Jl. Burangrang, Lengkong, Kota Bandung",Martabak San Francisco Bandung adalah destinasi kuliner legendaris yang dikenal dengan pilihan martabak manis dan martabak telur.,1,1,1,1,183.35,358,660000,640000,210000,15000,1525000,sesuai,1
BDG-TRV-0787,Bogor,2 hari 1 malam,2,2,3258000,premium,motor,hemat,kuliner,santai,Martabak San Francisco Bandung,wisata kuliner,Kota Bandung,-6.9026,107.6092,"-6.9026,107.6092","Jl. Burangrang, Lengkong, Kota Bandung",Martabak San Francisco Bandung adalah destinasi kuliner legendaris yang dikenal dengan pilihan martabak manis dan martabak telur.,1,1,1,1,159.1,277,445000,180000,280000,30000,935000,sesuai,1
BDG-TRV-0788,Kabupaten Bandung,4 hari 3 malam,4,2,657000,hemat,transportasi umum,hemat,belanja,edukasi,Bandung Indah Plaza,mall,Kota Bandung,-6.9089,107.6105,"-6.9089,107.6105","Jl. Merdeka No.56, Citarum, Bandung Wetan, Kota Bandung","Bandung Indah Plaza adalah pusat perbelanjaan di pusat Kota Bandung dengan pilihan fashion, kuliner, hiburan, dan kebutuhan gaya hidup.",1,0,0,1,36.53,75,132000,540000,560000,20000,1252000,melebihi budget,0
BDG-TRV-0789,Kabupaten Bandung,3 hari 2 malam,3,4,1080000,hemat,transportasi umum,standar,wisata edukasi,santai,Taman Lalu Lintas Bandung,wisata edukasi,Kota Bandung,-6.9128,107.6169,"-6.9128,107.6169","Jl. Belitung No.1, Merdeka, Sumur Bandung, Kota Bandung",Taman Lalu Lintas Bandung adalah tempat wisata edukasi anak dan keluarga untuk mengenal aturan lalu lintas melalui area bermain dan taman kota.,1,1,0,1,52.15,104,188000,640000,840000,100000,1768000,melebihi budget,0
BDG-TRV-0790,Bekasi,3 hari 2 malam,3,5,2101000,standar,mobil,hemat,wisata kuliner,keluarga,Floating Market Lembang,wisata kuliner,Kabupaten Bandung Barat,-6.8167,107.6187,"-6.8167,107.6187","Jl. Grand Hotel No.33E, Lembang, Kabupaten Bandung Barat","Floating Market Lembang menawarkan pengalaman kuliner, wahana keluarga, taman, dan suasana danau di kawasan Lembang.",1,1,0,1,193.53,290,1161000,360000,1050000,75000,2646000,melebihi budget,0
BDG-TRV-0791,Depok,2 hari 1 malam,2,1,2844000,premium,mobil,nyaman,alam,santai,Kawah Putih,wisata alam,Kabupaten Bandung,-7.1662,107.402,"-7.1662,107.402","Sugihmukti, Pasirjambu, Kabupaten Bandung",Kawah Putih adalah wisata alam di Ciwidey dengan danau kawah berwarna putih kehijauan dan panorama pegunungan.,1,0,1,0,234.99,437,1410000,520000,140000,30000,2100000,sesuai,0
BDG-TRV-0792,Tasikmalaya,3 hari 2 malam,3,4,2203000,hemat,transportasi umum,hemat,religi,foto-foto,Masjid Raya Bandung,wisata religi,Kota Bandung,-6.9216,107.6068,"-6.9216,107.6068","Jl. Dalem Kaum, Balonggede, Regol, Kota Bandung",Masjid Raya Bandung merupakan destinasi wisata religi di kawasan Alun-Alun Bandung dengan arsitektur megah dan suasana pusat kota yang ramai.,1,1,1,1,130.38,237,469000,360000,840000,0,1669000,sesuai,1
BDG-TRV-0793,Bogor,3 hari 2 malam,3,1,4725000,premium,motor,hemat,wisata edukasi,edukasi,Saung Angklung Udjo,wisata edukasi,Kota Bandung,-6.8992,107.6542,"-6.8992,107.6542","Jl. Padasuka No.118, Pasirlayung, Cibeunying Kidul, Kota Bandung","Saung Angklung Udjo adalah destinasi budaya dan edukasi yang menampilkan pertunjukan angklung, seni Sunda, dan aktivitas keluarga.",1,1,1,1,207.59,322,581000,360000,210000,25000,1176000,sesuai,1
BDG-TRV-0794,Cimahi,1 hari,1,5,4402000,premium,transportasi umum,tanpa penginapan,wisata alam,foto-foto,The Lodge Maribaya,wisata alam,Kabupaten Bandung Barat,-6.8294,107.6875,"-6.8294,107.6875","Cibodas, Lembang, Kabupaten Bandung Barat","The Lodge Maribaya adalah destinasi alam dengan wahana foto, pemandangan hutan pinus, dan aktivitas rekreasi keluarga.",1,1,1,1,57.64,107,208000,0,350000,150000,708000,sesuai,1
BDG-TRV-0795,Kabupaten Bandung,1 hari,1,5,1850000,standar,transportasi umum,tanpa penginapan,wisata kuliner,foto-foto,Sudirman Street Bandung,wisata kuliner,Kota Bandung,-6.9177,107.5969,"-6.9177,107.5969","Jl. Jend. Sudirman, Karanganyar, Astanaanyar, Kota Bandung",Sudirman Street Bandung adalah kawasan kuliner malam yang menawarkan berbagai makanan lokal dan suasana street food kota.,1,1,1,1,38.27,68,138000,0,350000,75000,563000,sesuai,1
BDG-TRV-0796,Garut,3 hari 2 malam,3,1,2330000,standar,motor,standar,belanja,sejarah,Paskal 23 Bandung,mall,Kota Bandung,-6.9147,107.5918,"-6.9147,107.5918","Jl. Pasir Kaliki No.25-27, Kebon Jeruk, Andir, Kota Bandung",Paskal 23 Bandung adalah pusat perbelanjaan dan kuliner modern yang dekat dengan kawasan stasiun dan pusat kota.,1,0,1,1,94.19,155,264000,640000,210000,10000,1124000,sesuai,0
BDG-TRV-0797,Depok,3 hari 2 malam,3,2,3907000,premium,motor,standar,gunung,kuliner,Paris Van Java Mall,mall,Kota Bandung,-6.8893,107.5966,"-6.8893,107.5966","Jl. Sukajadi No.131-139, Cipedes, Sukajadi, Kota Bandung","Paris Van Java Mall adalah pusat belanja bergaya terbuka yang menawarkan kuliner, hiburan, fashion, dan suasana santai di Kota Bandung.",0,1,1,1,183.94,315,515000,640000,420000,20000,1595000,sesuai,0
BDG-TRV-0798,Depok,4 hari 3 malam,4,1,4675000,premium,mobil,nyaman,wisata alam,edukasi,Dusun Bambu,wisata alam,Kabupaten Bandung Barat,-6.789,107.5788,"-6.789,107.5788","Jl. Kolonel Masturi KM 11, Cisarua, Kabupaten Bandung Barat","Dusun Bambu adalah destinasi wisata alam dan kuliner keluarga dengan pemandangan pegunungan, taman, dan area rekreasi.",1,0,1,1,204.52,445,1227000,1560000,280000,30000,3097000,sesuai,0
BDG-TRV-0799,Kota Bandung,3 hari 2 malam,3,3,882000,hemat,transportasi umum,hemat,museum,foto-foto,Museum Konferensi Asia Afrika,museum,Kota Bandung,-6.921,107.6097,"-6.921,107.6097","Jl. Asia Afrika No.65, Braga, Sumur Bandung, Kota Bandung","Museum Konferensi Asia Afrika menyajikan sejarah Konferensi Asia Afrika dan cocok untuk wisata edukasi, sejarah, serta kunjungan pelajar.",1,1,0,1,14.55,32,52000,360000,630000,45000,1087000,melebihi budget,0
BDG-TRV-0800,Kota Bandung,1 hari,1,2,3816000,premium,motor,tanpa penginapan,alam,foto-foto,Orchid Forest Cikole,wisata alam,Kabupaten Bandung Barat,-6.7806,107.6373,"-6.7806,107.6373","Cikole, Lembang, Kabupaten Bandung Barat","Orchid Forest Cikole adalah wisata alam hutan pinus dengan koleksi anggrek, spot foto, dan suasana sejuk di Lembang.",1,1,1,1,63.81,101,179000,0,140000,60000,379000,sesuai,1
BDG-TRV-0801,Garut,2 hari 1 malam,2,2,1906000,standar,transportasi umum,standar,alam,alam,Tangkuban Perahu,gunung,Kabupaten Bandung Barat,-6.7596,107.6098,"-6.7596,107.6098","Cikahuripan, Lembang, Kabupaten Bandung Barat",Tangkuban Perahu adalah kawasan wisata gunung berapi dengan kawah alam yang populer untuk wisata alam dan edukasi geologi.,1,1,1,1,121.72,219,438000,320000,280000,70000,1108000,sesuai,1
BDG-TRV-0802,Kabupaten Bandung,3 hari 2 malam,3,1,3087000,premium,mobil,hemat,keluarga,santai,Kampung Gajah Wonderland,wisata tematik,Kabupaten Bandung Barat,-6.8291,107.5933,"-6.8291,107.5933","Jl. Sersan Bajuri, Cihideung, Parongpong, Kabupaten Bandung Barat",Kampung Gajah Wonderland dikenal sebagai kawasan wisata tematik keluarga dengan berbagai wahana dan area rekreasi.,1,1,1,1,73.83,133,443000,360000,210000,65000,1078000,sesuai,1
BDG-TRV-0803,Bogor,2 hari 1 malam,2,2,3962000,premium,motor,nyaman,wisata kota,foto-foto,Alun-Alun Bandung,wisata kota,Kota Bandung,-6.9218,107.6071,"-6.9218,107.6071","Jl. Asia Afrika, Balonggede, Regol, Kota Bandung","Alun-Alun Bandung adalah ruang publik ikonik di pusat Kota Bandung yang cocok untuk bersantai, berfoto, dan menikmati suasana kota dekat Masjid Raya Bandung.",1,1,1,0,381.0,770,1067000,520000,280000,10000,1877000,sesuai,0
BDG-TRV-0804,Tasikmalaya,1 hari,1,2,1789000,standar,motor,tanpa penginapan,wisata religi,foto-foto,Taman Lalu Lintas Bandung,wisata edukasi,Kota Bandung,-6.9128,107.6169,"-6.9128,107.6169","Jl. Belitung No.1, Merdeka, Sumur Bandung, Kota Bandung",Taman Lalu Lintas Bandung adalah tempat wisata edukasi anak dan keluarga untuk mengenal aturan lalu lintas melalui area bermain dan taman kota.,0,0,1,0,136.99,255,384000,0,140000,50000,574000,sesuai,0
BDG-TRV-0805,Kabupaten Bandung,1 hari,1,3,1059000,standar,motor,tanpa penginapan,cafe view,keluarga,Alun-Alun Bandung,wisata kota,Kota Bandung,-6.9218,107.6071,"-6.9218,107.6071","Jl. Asia Afrika, Balonggede, Regol, Kota Bandung","Alun-Alun Bandung adalah ruang publik ikonik di pusat Kota Bandung yang cocok untuk bersantai, berfoto, dan menikmati suasana kota dekat Masjid Raya Bandung.",0,1,1,1,41.38,76,116000,0,210000,15000,341000,sesuai,0
BDG-TRV-0806,Bogor,4 hari 3 malam,4,5,3889000,premium,motor,standar,wisata edukasi,edukasi,Gedung Sate,wisata edukasi,Kota Bandung,-6.9025,107.6188,"-6.9025,107.6188","Jl. Diponegoro No.22, Citarum, Bandung Wetan, Kota Bandung",Gedung Sate adalah ikon Kota Bandung yang dikenal sebagai bangunan bersejarah dengan arsitektur khas dan nilai edukasi sejarah pemerintahan Jawa Barat.,1,1,1,1,168.2,372,471000,960000,1400000,125000,2956000,sesuai,1
BDG-TRV-0807,Cimahi,2 hari 1 malam,2,5,2333000,hemat,motor,nyaman,kuliner,kuliner,Floating Market Lembang,wisata kuliner,Kabupaten Bandung Barat,-6.8167,107.6187,"-6.8167,107.6187","Jl. Grand Hotel No.33E, Lembang, Kabupaten Bandung Barat","Floating Market Lembang menawarkan pengalaman kuliner, wahana keluarga, taman, dan suasana danau di kawasan Lembang.",1,1,1,1,54.01,99,151000,520000,700000,75000,1446000,sesuai,1
BDG-TRV-0808,Bekasi,2 hari 1 malam,2,2,519000,hemat,transportasi umum,standar,museum,budaya,Museum Geologi Bandung,museum,Kota Bandung,-6.9007,107.6215,"-6.9007,107.6215","Jl. Diponegoro No.57, Cihaur Geulis, Cibeunying Kaler, Kota Bandung","Museum Geologi Bandung adalah destinasi edukasi yang menampilkan koleksi batuan, mineral, fosil, dan informasi sejarah bumi.",1,0,0,1,191.96,302,691000,320000,280000,30000,1321000,melebihi budget,0
BDG-TRV-0809,Depok,2 hari 1 malam,2,5,2042000,hemat,motor,hemat,kuliner,foto-foto,Sudirman Street Bandung,wisata kuliner,Kota Bandung,-6.9177,107.5969,"-6.9177,107.5969","Jl. Jend. Sudirman, Karanganyar, Astanaanyar, Kota Bandung",Sudirman Street Bandung adalah kawasan kuliner malam yang menawarkan berbagai makanan lokal dan suasana street food kota.,1,1,1,1,228.28,426,639000,180000,700000,75000,1594000,sesuai,1
BDG-TRV-0810,Kabupaten Bandung,1 hari,1,1,3629000,premium,motor,tanpa penginapan,wisata kuliner,edukasi,Floating Market Lembang,wisata kuliner,Kabupaten Bandung Barat,-6.8167,107.6187,"-6.8167,107.6187","Jl. Grand Hotel No.33E, Lembang, Kabupaten Bandung Barat","Floating Market Lembang menawarkan pengalaman kuliner, wahana keluarga, taman, dan suasana danau di kawasan Lembang.",1,0,1,1,67.28,111,188000,0,70000,15000,273000,sesuai,0
BDG-TRV-0811,Tasikmalaya,2 hari 1 malam,2,5,2684000,hemat,motor,nyaman,wisata alam,foto-foto,The Lodge Maribaya,wisata alam,Kabupaten Bandung Barat,-6.8294,107.6875,"-6.8294,107.6875","Cibodas, Lembang, Kabupaten Bandung Barat","The Lodge Maribaya adalah destinasi alam dengan wahana foto, pemandangan hutan pinus, dan aktivitas rekreasi keluarga.",1,1,1,1,180.45,361,505000,520000,700000,150000,1875000,sesuai,1
BDG-TRV-0812,Bekasi,1 hari,1,5,930000,hemat,transportasi umum,tanpa penginapan,museum,kuliner,Paris Van Java Mall,mall,Kota Bandung,-6.8893,107.5966,"-6.8893,107.5966","Jl. Sukajadi No.131-139, Cipedes, Sukajadi, Kota Bandung","Paris Van Java Mall adalah pusat belanja bergaya terbuka yang menawarkan kuliner, hiburan, fashion, dan suasana santai di Kota Bandung.",0,1,0,0,188.9,383,680000,0,350000,50000,1080000,melebihi budget,0
BDG-TRV-0813,Cimahi,3 hari 2 malam,3,2,2221000,standar,motor,hemat,edukasi,healing,Kebun Binatang Bandung,kebun binatang,Kota Bandung,-6.8902,107.607,"-6.8902,107.607","Jl. Tamansari No.71, Lebak Siliwangi, Coblong, Kota Bandung",Kebun Binatang Bandung adalah wisata edukasi keluarga yang menampilkan berbagai satwa dan area rekreasi di kawasan Tamansari.,1,0,1,1,15.39,28,43000,360000,420000,100000,923000,sesuai,0
BDG-TRV-0814,Jakarta,2 hari 1 malam,2,4,897000,hemat,transportasi umum,standar,kuliner,santai,Martabak San Francisco Bandung,wisata kuliner,Kota Bandung,-6.9026,107.6092,"-6.9026,107.6092","Jl. Burangrang, Lengkong, Kota Bandung",Martabak San Francisco Bandung adalah destinasi kuliner legendaris yang dikenal dengan pilihan martabak manis dan martabak telur.,1,1,0,0,343.08,759,1235000,320000,560000,60000,2175000,melebihi budget,0
BDG-TRV-0815,Depok,2 hari 1 malam,2,1,2431000,standar,mobil,standar,wisata kuliner,santai,Martabak San Francisco Bandung,wisata kuliner,Kota Bandung,-6.9026,107.6092,"-6.9026,107.6092","Jl. Burangrang, Lengkong, Kota Bandung",Martabak San Francisco Bandung adalah destinasi kuliner legendaris yang dikenal dengan pilihan martabak manis dan martabak telur.,1,1,1,1,199.86,363,1199000,320000,140000,15000,1674000,sesuai,1
BDG-TRV-0816,Depok,2 hari 1 malam,2,5,4433000,premium,mobil,nyaman,mall,kuliner,Floating Market Lembang,wisata kuliner,Kabupaten Bandung Barat,-6.8167,107.6187,"-6.8167,107.6187","Jl. Grand Hotel No.33E, Lembang, Kabupaten Bandung Barat","Floating Market Lembang menawarkan pengalaman kuliner, wahana keluarga, taman, dan suasana danau di kawasan Lembang.",0,1,1,1,205.96,326,1236000,520000,700000,75000,2531000,sesuai,0
BDG-TRV-0817,Cimahi,4 hari 3 malam,4,1,1601000,hemat,mobil,hemat,kuliner,santai,Martabak San Francisco Bandung,wisata kuliner,Kota Bandung,-6.9026,107.6092,"-6.9026,107.6092","Jl. Burangrang, Lengkong, Kota Bandung",Martabak San Francisco Bandung adalah destinasi kuliner legendaris yang dikenal dengan pilihan martabak manis dan martabak telur.,1,1,1,1,29.36,64,176000,540000,280000,15000,1011000,sesuai,1
BDG-TRV-0818,Bekasi,3 hari 2 malam,3,3,4828000,premium,motor,nyaman,gunung,santai,Tangkuban Perahu,gunung,Kabupaten Bandung Barat,-6.7596,107.6098,"-6.7596,107.6098","Cikahuripan, Lembang, Kabupaten Bandung Barat",Tangkuban Perahu adalah kawasan wisata gunung berapi dengan kawah alam yang populer untuk wisata alam dan edukasi geologi.,1,0,1,1,220.89,397,618000,1040000,630000,105000,2393000,sesuai,0
BDG-TRV-0819,Bekasi,2 hari 1 malam,2,2,2342000,standar,transportasi umum,standar,museum,edukasi,Museum Konferensi Asia Afrika,museum,Kota Bandung,-6.921,107.6097,"-6.921,107.6097","Jl. Asia Afrika No.65, Braga, Sumur Bandung, Kota Bandung","Museum Konferensi Asia Afrika menyajikan sejarah Konferensi Asia Afrika dan cocok untuk wisata edukasi, sejarah, serta kunjungan pelajar.",1,1,1,1,173.85,279,626000,320000,280000,30000,1256000,sesuai,1
BDG-TRV-0820,Garut,3 hari 2 malam,3,2,404000,hemat,motor,nyaman,alam,healing,Kawah Putih,wisata alam,Kabupaten Bandung,-7.1662,107.402,"-7.1662,107.402","Sugihmukti, Pasirjambu, Kabupaten Bandung",Kawah Putih adalah wisata alam di Ciwidey dengan danau kawah berwarna putih kehijauan dan panorama pegunungan.,1,1,0,0,231.15,519,647000,1040000,420000,60000,2167000,melebihi budget,0
BDG-TRV-0821,Jakarta,4 hari 3 malam,4,5,1096000,standar,motor,nyaman,kuliner,edukasi,Martabak San Francisco Bandung,wisata kuliner,Kota Bandung,-6.9026,107.6092,"-6.9026,107.6092","Jl. Burangrang, Lengkong, Kota Bandung",Martabak San Francisco Bandung adalah destinasi kuliner legendaris yang dikenal dengan pilihan martabak manis dan martabak telur.,1,0,0,1,146.58,238,410000,1560000,1400000,75000,3445000,melebihi budget,0
BDG-TRV-0822,Depok,2 hari 1 malam,2,2,1100000,standar,motor,standar,alam,keluarga,Dusun Bambu,wisata alam,Kabupaten Bandung Barat,-6.789,107.5788,"-6.789,107.5788","Jl. Kolonel Masturi KM 11, Cisarua, Kabupaten Bandung Barat","Dusun Bambu adalah destinasi wisata alam dan kuliner keluarga dengan pemandangan pegunungan, taman, dan area rekreasi.",1,1,0,0,381.19,776,1067000,320000,280000,60000,1727000,melebihi budget,0
BDG-TRV-0823,Kota Bandung,2 hari 1 malam,2,2,100000,premium,motor,hemat,wisata alam,keluarga,Situ Patenggang,wisata alam,Kabupaten Bandung,-7.166,107.3589,"-7.166,107.3589","Patengan, Rancabali, Kabupaten Bandung","Situ Patenggang adalah danau wisata di kawasan Ciwidey yang cocok untuk menikmati alam, berfoto, dan rekreasi keluarga.",1,1,0,1,38.59,85,108000,180000,280000,60000,628000,melebihi budget,0
BDG-TRV-0824,Bogor,3 hari 2 malam,3,2,3099000,premium,motor,hemat,alam,healing,Tebing Keraton,wisata alam,Kabupaten Bandung Barat,-6.8341,107.6635,"-6.8341,107.6635","Ciburial, Cimenyan, Kabupaten Bandung Barat",Tebing Keraton adalah destinasi wisata alam dengan pemandangan hutan dan perbukitan yang cocok untuk foto dan menikmati udara sejuk.,1,1,1,1,230.23,466,645000,360000,420000,60000,1485000,sesuai,1
BDG-TRV-0825,Kabupaten Bandung,2 hari 1 malam,2,2,1320000,hemat,transportasi umum,standar,kebun binatang,santai,Kebun Binatang Bandung,kebun binatang,Kota Bandung,-6.8902,107.607,"-6.8902,107.607","Jl. Tamansari No.71, Lebak Siliwangi, Coblong, Kota Bandung",Kebun Binatang Bandung adalah wisata edukasi keluarga yang menampilkan berbagai satwa dan area rekreasi di kawasan Tamansari.,1,1,1,1,24.01,48,86000,320000,280000,100000,786000,sesuai,1
BDG-TRV-0826,Garut,3 hari 2 malam,3,1,1467000,standar,mobil,hemat,wisata tematik,budaya,Orchid Forest Cikole,wisata alam,Kabupaten Bandung Barat,-6.7806,107.6373,"-6.7806,107.6373","Cikole, Lembang, Kabupaten Bandung Barat","Orchid Forest Cikole adalah wisata alam hutan pinus dengan koleksi anggrek, spot foto, dan suasana sejuk di Lembang.",0,0,0,1,156.03,236,936000,360000,210000,30000,1536000,melebihi budget,0
BDG-TRV-0827,Depok,3 hari 2 malam,3,1,695000,hemat,transportasi umum,hemat,wisata kota,belanja,Cafe D'Pakar Bandung,cafe view,Kota Bandung,-6.8398,107.6537,"-6.8398,107.6537","Dago Pakar, Ciburial, Cimenyan, Bandung","Cafe D'Pakar Bandung adalah tempat wisata kuliner dengan suasana alam sejuk, area outdoor, dan pemandangan pepohonan di kawasan Dago Pakar.",0,0,0,1,171.61,330,618000,360000,210000,20000,1208000,melebihi budget,0
BDG-TRV-0828,Tasikmalaya,1 hari,1,1,616000,hemat,mobil,tanpa penginapan,cafe view,belanja,Dusun Bambu,wisata alam,Kabupaten Bandung Barat,-6.789,107.5788,"-6.789,107.5788","Jl. Kolonel Masturi KM 11, Cisarua, Kabupaten Bandung Barat","Dusun Bambu adalah destinasi wisata alam dan kuliner keluarga dengan pemandangan pegunungan, taman, dan area rekreasi.",0,0,0,0,168.64,334,1012000,0,70000,30000,1112000,melebihi budget,0
BDG-TRV-0829,Bogor,3 hari 2 malam,3,2,1546000,standar,transportasi umum,hemat,cafe view,sejarah,Paskal 23 Bandung,mall,Kota Bandung,-6.9147,107.5918,"-6.9147,107.5918","Jl. Pasir Kaliki No.25-27, Kebon Jeruk, Andir, Kota Bandung",Paskal 23 Bandung adalah pusat perbelanjaan dan kuliner modern yang dekat dengan kawasan stasiun dan pusat kota.,0,0,1,1,156.43,332,563000,360000,420000,20000,1363000,sesuai,0
BDG-TRV-0830,Cimahi,2 hari 1 malam,2,1,2232000,standar,mobil,standar,kuliner,foto-foto,Sudirman Street Bandung,wisata kuliner,Kota Bandung,-6.9177,107.5969,"-6.9177,107.5969","Jl. Jend. Sudirman, Karanganyar, Astanaanyar, Kota Bandung",Sudirman Street Bandung adalah kawasan kuliner malam yang menawarkan berbagai makanan lokal dan suasana street food kota.,1,1,1,1,12.09,24,73000,320000,140000,15000,548000,sesuai,1
BDG-TRV-0831,Garut,3 hari 2 malam,3,1,2275000,standar,transportasi umum,nyaman,wisata kuliner,santai,Sudirman Street Bandung,wisata kuliner,Kota Bandung,-6.9177,107.5969,"-6.9177,107.5969","Jl. Jend. Sudirman, Karanganyar, Astanaanyar, Kota Bandung",Sudirman Street Bandung adalah kawasan kuliner malam yang menawarkan berbagai makanan lokal dan suasana street food kota.,1,1,1,1,106.34,242,383000,1040000,210000,15000,1648000,sesuai,1
BDG-TRV-0832,Garut,1 hari,1,1,1368000,standar,motor,tanpa penginapan,wisata edukasi,religi,Jendela Alam,wisata edukasi,Kabupaten Bandung Barat,-6.8287,107.5976,"-6.8287,107.5976","Komplek Graha Puspa, Lembang, Kabupaten Bandung Barat","Jendela Alam adalah wisata edukasi keluarga yang mengenalkan aktivitas pertanian, peternakan, dan lingkungan alam.",1,0,1,0,130.55,206,366000,0,70000,25000,461000,sesuai,0
BDG-TRV-0833,Kabupaten Bandung,4 hari 3 malam,4,2,1459000,hemat,motor,standar,gunung,alam,Tangkuban Perahu,gunung,Kabupaten Bandung Barat,-6.7596,107.6098,"-6.7596,107.6098","Cikahuripan, Lembang, Kabupaten Bandung Barat",Tangkuban Perahu adalah kawasan wisata gunung berapi dengan kawah alam yang populer untuk wisata alam dan edukasi geologi.,1,1,0,1,74.53,123,209000,960000,560000,70000,1799000,melebihi budget,0
BDG-TRV-0834,Depok,2 hari 1 malam,2,4,1986000,standar,mobil,standar,wisata religi,keluarga,Masjid Raya Bandung,wisata religi,Kota Bandung,-6.9216,107.6068,"-6.9216,107.6068","Jl. Dalem Kaum, Balonggede, Regol, Kota Bandung",Masjid Raya Bandung merupakan destinasi wisata religi di kawasan Alun-Alun Bandung dengan arsitektur megah dan suasana pusat kota yang ramai.,1,1,0,0,318.37,674,1910000,320000,560000,0,2790000,melebihi budget,0
BDG-TRV-0835,Cimahi,2 hari 1 malam,2,1,1156000,hemat,motor,hemat,wisata alam,foto-foto,Curug Cimahi,wisata alam,Kabupaten Bandung Barat,-6.7986,107.5775,"-6.7986,107.5775","Kertawangi, Cisarua, Kabupaten Bandung Barat",Curug Cimahi adalah wisata air terjun di Bandung Barat dengan jalur trekking ringan dan suasana alam yang sejuk.,1,1,1,1,50.47,90,141000,180000,140000,30000,491000,sesuai,1
BDG-TRV-0836,Jakarta,3 hari 2 malam,3,2,2038000,hemat,transportasi umum,hemat,wisata kuliner,keluarga,Martabak San Francisco Bandung,wisata kuliner,Kota Bandung,-6.9026,107.6092,"-6.9026,107.6092","Jl. Burangrang, Lengkong, Kota Bandung",Martabak San Francisco Bandung adalah destinasi kuliner legendaris yang dikenal dengan pilihan martabak manis dan martabak telur.,1,1,1,1,180.69,359,650000,360000,420000,30000,1460000,sesuai,1
BDG-TRV-0837,Kota Bandung,2 hari 1 malam,2,3,2009000,standar,transportasi umum,nyaman,wisata kuliner,foto-foto,Floating Market Lembang,wisata kuliner,Kabupaten Bandung Barat,-6.8167,107.6187,"-6.8167,107.6187","Jl. Grand Hotel No.33E, Lembang, Kabupaten Bandung Barat","Floating Market Lembang menawarkan pengalaman kuliner, wahana keluarga, taman, dan suasana danau di kawasan Lembang.",1,1,1,1,37.07,71,133000,520000,420000,45000,1118000,sesuai,1
BDG-TRV-0838,Tasikmalaya,4 hari 3 malam,4,1,2992000,premium,transportasi umum,nyaman,mall,foto-foto,Sudirman Street Bandung,wisata kuliner,Kota Bandung,-6.9177,107.5969,"-6.9177,107.5969","Jl. Jend. Sudirman, Karanganyar, Astanaanyar, Kota Bandung",Sudirman Street Bandung adalah kawasan kuliner malam yang menawarkan berbagai makanan lokal dan suasana street food kota.,0,1,1,1,159.96,341,576000,1560000,280000,15000,2431000,sesuai,0
BDG-TRV-0839,Kota Bandung,3 hari 2 malam,3,3,610000,hemat,transportasi umum,nyaman,mall,kuliner,Bandung Indah Plaza,mall,Kota Bandung,-6.9089,107.6105,"-6.9089,107.6105","Jl. Merdeka No.56, Citarum, Bandung Wetan, Kota Bandung","Bandung Indah Plaza adalah pusat perbelanjaan di pusat Kota Bandung dengan pilihan fashion, kuliner, hiburan, dan kebutuhan gaya hidup.",1,1,0,1,155.45,323,560000,1040000,630000,30000,2260000,melebihi budget,0
BDG-TRV-0840,Kabupaten Bandung,1 hari,1,3,1480000,standar,transportasi umum,tanpa penginapan,kuliner,kuliner,Sudirman Street Bandung,wisata kuliner,Kota Bandung,-6.9177,107.5969,"-6.9177,107.5969","Jl. Jend. Sudirman, Karanganyar, Astanaanyar, Kota Bandung",Sudirman Street Bandung adalah kawasan kuliner malam yang menawarkan berbagai makanan lokal dan suasana street food kota.,1,1,1,0,193.12,382,695000,0,210000,45000,950000,sesuai,0
BDG-TRV-0841,Cimahi,1 hari,1,2,4196000,premium,mobil,tanpa penginapan,alam,kuliner,Dusun Bambu,wisata alam,Kabupaten Bandung Barat,-6.789,107.5788,"-6.789,107.5788","Jl. Kolonel Masturi KM 11, Cisarua, Kabupaten Bandung Barat","Dusun Bambu adalah destinasi wisata alam dan kuliner keluarga dengan pemandangan pegunungan, taman, dan area rekreasi.",1,1,1,1,48.0,106,288000,0,140000,60000,488000,sesuai,1
BDG-TRV-0842,Cimahi,2 hari 1 malam,2,3,3563000,premium,transportasi umum,nyaman,wisata edukasi,sejarah,Gedung Sate,wisata edukasi,Kota Bandung,-6.9025,107.6188,"-6.9025,107.6188","Jl. Diponegoro No.22, Citarum, Bandung Wetan, Kota Bandung",Gedung Sate adalah ikon Kota Bandung yang dikenal sebagai bangunan bersejarah dengan arsitektur khas dan nilai edukasi sejarah pemerintahan Jawa Barat.,1,1,1,1,29.69,48,107000,520000,420000,75000,1122000,sesuai,1
BDG-TRV-0843,Kabupaten Bandung,3 hari 2 malam,3,3,4563000,premium,mobil,hemat,kebun binatang,keluarga,Trans Studio Mall Bandung,mall,Kota Bandung,-6.9254,107.6358,"-6.9254,107.6358","Jl. Gatot Subroto No.289, Cibangkong, Batununggal, Kota Bandung",Trans Studio Mall Bandung adalah pusat perbelanjaan dan hiburan indoor yang terhubung dengan kawasan Trans Studio Bandung.,0,1,1,1,29.02,54,174000,360000,630000,30000,1194000,sesuai,0
BDG-TRV-0844,Jakarta,3 hari 2 malam,3,2,2129000,hemat,transportasi umum,hemat,belanja,santai,Paskal 23 Bandung,mall,Kota Bandung,-6.9147,107.5918,"-6.9147,107.5918","Jl. Pasir Kaliki No.25-27, Kebon Jeruk, Andir, Kota Bandung",Paskal 23 Bandung adalah pusat perbelanjaan dan kuliner modern yang dekat dengan kawasan stasiun dan pusat kota.,1,1,1,1,182.12,289,656000,360000,420000,20000,1456000,sesuai,1
BDG-TRV-0845,Kabupaten Bandung,3 hari 2 malam,3,3,1784000,hemat,transportasi umum,hemat,wisata tematik,foto-foto,Dago Dreampark,wisata tematik,Kabupaten Bandung Barat,-6.8486,107.6246,"-6.8486,107.6246","Jl. Dago Giri, Mekarwangi, Lembang, Kabupaten Bandung Barat","Dago Dreampark adalah wisata tematik keluarga dengan wahana permainan, spot foto, dan suasana alam di kawasan Lembang.",1,1,1,1,82.42,168,297000,360000,630000,195000,1482000,sesuai,1
BDG-TRV-0846,Depok,3 hari 2 malam,3,2,1162000,standar,mobil,hemat,alam,kuliner,Tangkuban Perahu,gunung,Kabupaten Bandung Barat,-6.7596,107.6098,"-6.7596,107.6098","Cikahuripan, Lembang, Kabupaten Bandung Barat",Tangkuban Perahu adalah kawasan wisata gunung berapi dengan kawah alam yang populer untuk wisata alam dan edukasi geologi.,1,0,0,1,222.13,476,1333000,360000,420000,70000,2183000,melebihi budget,0
BDG-TRV-0847,Bogor,2 hari 1 malam,2,3,938000,hemat,transportasi umum,standar,mall,budaya,Tebing Keraton,wisata alam,Kabupaten Bandung Barat,-6.8341,107.6635,"-6.8341,107.6635","Ciburial, Cimenyan, Kabupaten Bandung Barat",Tebing Keraton adalah destinasi wisata alam dengan pemandangan hutan dan perbukitan yang cocok untuk foto dan menikmati udara sejuk.,0,0,0,1,223.31,442,804000,320000,420000,90000,1634000,melebihi budget,0
BDG-TRV-0848,Bekasi,3 hari 2 malam,3,2,4613000,premium,mobil,nyaman,kuliner,foto-foto,Sudirman Street Bandung,wisata kuliner,Kota Bandung,-6.9177,107.5969,"-6.9177,107.5969","Jl. Jend. Sudirman, Karanganyar, Astanaanyar, Kota Bandung",Sudirman Street Bandung adalah kawasan kuliner malam yang menawarkan berbagai makanan lokal dan suasana street food kota.,1,1,1,0,297.31,485,1784000,1040000,420000,30000,3274000,sesuai,0
BDG-TRV-0849,Bekasi,2 hari 1 malam,2,1,582000,hemat,mobil,hemat,alam,alam,Kawah Putih,wisata alam,Kabupaten Bandung,-7.1662,107.402,"-7.1662,107.402","Sugihmukti, Pasirjambu, Kabupaten Bandung",Kawah Putih adalah wisata alam di Ciwidey dengan danau kawah berwarna putih kehijauan dan panorama pegunungan.,1,1,0,0,324.77,671,1949000,180000,140000,30000,2299000,melebihi budget,0
BDG-TRV-0850,Bogor,3 hari 2 malam,3,2,1649000,standar,transportasi umum,standar,alam,healing,Tebing Keraton,wisata alam,Kabupaten Bandung Barat,-6.8341,107.6635,"-6.8341,107.6635","Ciburial, Cimenyan, Kabupaten Bandung Barat",Tebing Keraton adalah destinasi wisata alam dengan pemandangan hutan dan perbukitan yang cocok untuk foto dan menikmati udara sejuk.,1,1,0,1,186.42,331,671000,640000,420000,60000,1791000,melebihi budget,0
BDG-TRV-0851,Tasikmalaya,4 hari 3 malam,4,2,612000,hemat,motor,standar,alam,budaya,The Lodge Maribaya,wisata alam,Kabupaten Bandung Barat,-6.8294,107.6875,"-6.8294,107.6875","Cibodas, Lembang, Kabupaten Bandung Barat","The Lodge Maribaya adalah destinasi alam dengan wahana foto, pemandangan hutan pinus, dan aktivitas rekreasi keluarga.",1,0,0,1,200.0,429,560000,960000,560000,60000,2140000,melebihi budget,0
BDG-TRV-0852,Jakarta,4 hari 3 malam,4,5,4111000,premium,mobil,hemat,gunung,santai,Floating Market Lembang,wisata kuliner,Kabupaten Bandung Barat,-6.8167,107.6187,"-6.8167,107.6187","Jl. Grand Hotel No.33E, Lembang, Kabupaten Bandung Barat","Floating Market Lembang menawarkan pengalaman kuliner, wahana keluarga, taman, dan suasana danau di kawasan Lembang.",0,0,1,0,235.58,505,1413000,540000,1400000,75000,3428000,sesuai,0
BDG-TRV-0853,Kabupaten Bandung,3 hari 2 malam,3,3,2017000,hemat,transportasi umum,nyaman,kebun binatang,edukasi,Kebun Binatang Bandung,kebun binatang,Kota Bandung,-6.8902,107.607,"-6.8902,107.607","Jl. Tamansari No.71, Lebak Siliwangi, Coblong, Kota Bandung",Kebun Binatang Bandung adalah wisata edukasi keluarga yang menampilkan berbagai satwa dan area rekreasi di kawasan Tamansari.,1,1,1,1,29.34,62,106000,1040000,630000,150000,1926000,sesuai,1
BDG-TRV-0854,Cimahi,3 hari 2 malam,3,2,2402000,standar,transportasi umum,hemat,wisata religi,belanja,Farm House Lembang,wisata tematik,Kabupaten Bandung Barat,-6.8325,107.605,"-6.8325,107.605","Jl. Raya Lembang No.108, Gudangkahuripan, Lembang","Farm House Lembang adalah wisata tematik dengan nuansa Eropa, spot foto, taman, dan area rekreasi keluarga.",0,0,1,1,53.67,88,193000,360000,420000,130000,1103000,sesuai,0
BDG-TRV-0855,Bekasi,1 hari,1,2,4822000,premium,transportasi umum,tanpa penginapan,belanja,santai,Bandung Indah Plaza,mall,Kota Bandung,-6.9089,107.6105,"-6.9089,107.6105","Jl. Merdeka No.56, Citarum, Bandung Wetan, Kota Bandung","Bandung Indah Plaza adalah pusat perbelanjaan di pusat Kota Bandung dengan pilihan fashion, kuliner, hiburan, dan kebutuhan gaya hidup.",1,1,1,1,136.77,278,492000,0,140000,20000,652000,sesuai,1
BDG-TRV-0856,Tasikmalaya,1 hari,1,4,3166000,premium,mobil,tanpa penginapan,kebun binatang,keluarga,Bandung Indah Plaza,mall,Kota Bandung,-6.9089,107.6105,"-6.9089,107.6105","Jl. Merdeka No.56, Citarum, Bandung Wetan, Kota Bandung","Bandung Indah Plaza adalah pusat perbelanjaan di pusat Kota Bandung dengan pilihan fashion, kuliner, hiburan, dan kebutuhan gaya hidup.",0,0,1,0,126.13,284,757000,0,280000,40000,1077000,sesuai,0
BDG-TRV-0857,Jakarta,1 hari,1,4,1504000,hemat,transportasi umum,tanpa penginapan,alam,healing,Kawah Putih,wisata alam,Kabupaten Bandung,-7.1662,107.402,"-7.1662,107.402","Sugihmukti, Pasirjambu, Kabupaten Bandung",Kawah Putih adalah wisata alam di Ciwidey dengan danau kawah berwarna putih kehijauan dan panorama pegunungan.,1,1,1,1,218.26,465,786000,0,280000,120000,1186000,sesuai,1
BDG-TRV-0858,Garut,3 hari 2 malam,3,2,760000,hemat,transportasi umum,hemat,edukasi,budaya,Kebun Binatang Bandung,kebun binatang,Kota Bandung,-6.8902,107.607,"-6.8902,107.607","Jl. Tamansari No.71, Lebak Siliwangi, Coblong, Kota Bandung",Kebun Binatang Bandung adalah wisata edukasi keluarga yang menampilkan berbagai satwa dan area rekreasi di kawasan Tamansari.,1,0,0,1,113.09,258,407000,360000,420000,100000,1287000,melebihi budget,0
BDG-TRV-0859,Bogor,1 hari,1,5,3717000,premium,motor,tanpa penginapan,wisata kota,keluarga,Tangkuban Perahu,gunung,Kabupaten Bandung Barat,-6.7596,107.6098,"-6.7596,107.6098","Cikahuripan, Lembang, Kabupaten Bandung Barat",Tangkuban Perahu adalah kawasan wisata gunung berapi dengan kawah alam yang populer untuk wisata alam dan edukasi geologi.,0,0,1,0,221.26,506,620000,0,350000,175000,1145000,sesuai,0
BDG-TRV-0860,Kota Bandung,1 hari,1,2,1785000,standar,transportasi umum,tanpa penginapan,wisata kuliner,budaya,Farm House Lembang,wisata tematik,Kabupaten Bandung Barat,-6.8325,107.605,"-6.8325,107.605","Jl. Raya Lembang No.108, Gudangkahuripan, Lembang","Farm House Lembang adalah wisata tematik dengan nuansa Eropa, spot foto, taman, dan area rekreasi keluarga.",0,0,1,1,70.36,137,253000,0,140000,130000,523000,sesuai,0
BDG-TRV-0861,Bogor,2 hari 1 malam,2,2,480000,hemat,motor,standar,edukasi,belanja,Museum Konferensi Asia Afrika,museum,Kota Bandung,-6.921,107.6097,"-6.921,107.6097","Jl. Asia Afrika No.65, Braga, Sumur Bandung, Kota Bandung","Museum Konferensi Asia Afrika menyajikan sejarah Konferensi Asia Afrika dan cocok untuk wisata edukasi, sejarah, serta kunjungan pelajar.",1,0,0,1,162.84,371,456000,320000,280000,30000,1086000,melebihi budget,0
BDG-TRV-0862,Bogor,1 hari,1,3,1547000,hemat,transportasi umum,tanpa penginapan,wisata kuliner,foto-foto,Floating Market Lembang,wisata kuliner,Kabupaten Bandung Barat,-6.8167,107.6187,"-6.8167,107.6187","Jl. Grand Hotel No.33E, Lembang, Kabupaten Bandung Barat","Floating Market Lembang menawarkan pengalaman kuliner, wahana keluarga, taman, dan suasana danau di kawasan Lembang.",1,1,1,1,239.71,438,863000,0,210000,45000,1118000,sesuai,1
BDG-TRV-0863,Cimahi,3 hari 2 malam,3,3,4961000,premium,transportasi umum,standar,alam,alam,Ranca Upas,wisata alam,Kabupaten Bandung,-7.1421,107.3957,"-7.1421,107.3957","Jl. Raya Ciwidey-Patengan, Rancabali, Kabupaten Bandung",Ranca Upas adalah kawasan wisata alam dan bumi perkemahan yang dikenal dengan penangkaran rusa dan udara sejuk pegunungan.,1,1,1,1,47.62,91,171000,640000,630000,90000,1531000,sesuai,1
BDG-TRV-0864,Tasikmalaya,3 hari 2 malam,3,2,1555000,standar,mobil,standar,museum,religi,Museum Konferensi Asia Afrika,museum,Kota Bandung,-6.921,107.6097,"-6.921,107.6097","Jl. Asia Afrika No.65, Braga, Sumur Bandung, Kota Bandung","Museum Konferensi Asia Afrika menyajikan sejarah Konferensi Asia Afrika dan cocok untuk wisata edukasi, sejarah, serta kunjungan pelajar.",1,0,0,1,130.04,291,780000,640000,420000,30000,1870000,melebihi budget,0
BDG-TRV-0865,Kabupaten Bandung,3 hari 2 malam,3,5,4727000,premium,mobil,nyaman,edukasi,santai,Kebun Binatang Bandung,kebun binatang,Kota Bandung,-6.8902,107.607,"-6.8902,107.607","Jl. Tamansari No.71, Lebak Siliwangi, Coblong, Kota Bandung",Kebun Binatang Bandung adalah wisata edukasi keluarga yang menampilkan berbagai satwa dan area rekreasi di kawasan Tamansari.,1,1,1,1,20.05,40,120000,1040000,1050000,250000,2460000,sesuai,1
BDG-TRV-0866,Garut,2 hari 1 malam,2,3,2035000,standar,motor,nyaman,alam,foto-foto,Orchid Forest Cikole,wisata alam,Kabupaten Bandung Barat,-6.7806,107.6373,"-6.7806,107.6373","Cikole, Lembang, Kabupaten Bandung Barat","Orchid Forest Cikole adalah wisata alam hutan pinus dengan koleksi anggrek, spot foto, dan suasana sejuk di Lembang.",1,1,1,1,138.42,221,388000,520000,420000,90000,1418000,sesuai,1
BDG-TRV-0867,Garut,4 hari 3 malam,4,2,2695000,standar,transportasi umum,standar,gunung,alam,Tangkuban Perahu,gunung,Kabupaten Bandung Barat,-6.7596,107.6098,"-6.7596,107.6098","Cikahuripan, Lembang, Kabupaten Bandung Barat",Tangkuban Perahu adalah kawasan wisata gunung berapi dengan kawah alam yang populer untuk wisata alam dan edukasi geologi.,1,1,1,1,110.76,251,399000,960000,560000,70000,1989000,sesuai,1
BDG-TRV-0868,Kabupaten Bandung,2 hari 1 malam,2,2,4959000,premium,transportasi umum,nyaman,alam,foto-foto,Curug Cimahi,wisata alam,Kabupaten Bandung Barat,-6.7986,107.5775,"-6.7986,107.5775","Kertawangi, Cisarua, Kabupaten Bandung Barat",Curug Cimahi adalah wisata air terjun di Bandung Barat dengan jalur trekking ringan dan suasana alam yang sejuk.,1,1,1,0,246.5,385,887000,520000,280000,60000,1747000,sesuai,0
BDG-TRV-0869,Jakarta,1 hari,1,4,1988000,standar,motor,tanpa penginapan,alam,alam,Curug Cimahi,wisata alam,Kabupaten Bandung Barat,-6.7986,107.5775,"-6.7986,107.5775","Kertawangi, Cisarua, Kabupaten Bandung Barat",Curug Cimahi adalah wisata air terjun di Bandung Barat dengan jalur trekking ringan dan suasana alam yang sejuk.,1,1,1,0,366.82,739,1027000,0,280000,120000,1427000,sesuai,0
BDG-TRV-0870,Bekasi,3 hari 2 malam,3,2,2786000,standar,mobil,hemat,wisata alam,keluarga,The Lodge Maribaya,wisata alam,Kabupaten Bandung Barat,-6.8294,107.6875,"-6.8294,107.6875","Cibodas, Lembang, Kabupaten Bandung Barat","The Lodge Maribaya adalah destinasi alam dengan wahana foto, pemandangan hutan pinus, dan aktivitas rekreasi keluarga.",1,1,1,1,198.55,420,1191000,360000,420000,60000,2031000,sesuai,1
BDG-TRV-0871,Kota Bandung,2 hari 1 malam,2,2,1225000,standar,transportasi umum,hemat,belanja,sejarah,Cihampelas Walk,mall,Kota Bandung,-6.894,107.6042,"-6.894,107.6042","Jl. Cihampelas No.160, Cipaganti, Coblong, Kota Bandung",Cihampelas Walk adalah pusat belanja dan kuliner dengan konsep ruang terbuka yang cocok untuk jalan santai dan hiburan keluarga.,1,0,1,1,11.88,20,43000,180000,280000,20000,523000,sesuai,0
BDG-TRV-0872,Cimahi,2 hari 1 malam,2,4,1869000,standar,mobil,hemat,edukasi,keluarga,Museum Geologi Bandung,museum,Kota Bandung,-6.9007,107.6215,"-6.9007,107.6215","Jl. Diponegoro No.57, Cihaur Geulis, Cibeunying Kaler, Kota Bandung","Museum Geologi Bandung adalah destinasi edukasi yang menampilkan koleksi batuan, mineral, fosil, dan informasi sejarah bumi.",1,1,1,1,31.78,70,191000,180000,560000,60000,991000,sesuai,1
BDG-TRV-0873,Bekasi,2 hari 1 malam,2,2,2480000,standar,mobil,hemat,alam,foto-foto,The Lodge Maribaya,wisata alam,Kabupaten Bandung Barat,-6.8294,107.6875,"-6.8294,107.6875","Cibodas, Lembang, Kabupaten Bandung Barat","The Lodge Maribaya adalah destinasi alam dengan wahana foto, pemandangan hutan pinus, dan aktivitas rekreasi keluarga.",1,1,1,1,184.99,358,1110000,180000,280000,60000,1630000,sesuai,1
BDG-TRV-0874,Jakarta,2 hari 1 malam,2,4,2219000,standar,motor,standar,museum,sejarah,Museum Geologi Bandung,museum,Kota Bandung,-6.9007,107.6215,"-6.9007,107.6215","Jl. Diponegoro No.57, Cihaur Geulis, Cibeunying Kaler, Kota Bandung","Museum Geologi Bandung adalah destinasi edukasi yang menampilkan koleksi batuan, mineral, fosil, dan informasi sejarah bumi.",1,1,1,1,211.06,398,591000,320000,560000,60000,1531000,sesuai,1
BDG-TRV-0875,Tasikmalaya,3 hari 2 malam,3,1,2186000,hemat,mobil,hemat,keluarga,foto-foto,Dago Dreampark,wisata tematik,Kabupaten Bandung Barat,-6.8486,107.6246,"-6.8486,107.6246","Jl. Dago Giri, Mekarwangi, Lembang, Kabupaten Bandung Barat","Dago Dreampark adalah wisata tematik keluarga dengan wahana permainan, spot foto, dan suasana alam di kawasan Lembang.",1,1,1,1,183.58,367,1101000,360000,210000,65000,1736000,sesuai,1
BDG-TRV-0876,Kota Bandung,2 hari 1 malam,2,5,2079000,standar,motor,nyaman,wisata kota,religi,Farm House Lembang,wisata tematik,Kabupaten Bandung Barat,-6.8325,107.605,"-6.8325,107.605","Jl. Raya Lembang No.108, Gudangkahuripan, Lembang","Farm House Lembang adalah wisata tematik dengan nuansa Eropa, spot foto, taman, dan area rekreasi keluarga.",0,0,1,1,20.36,33,57000,520000,700000,325000,1602000,sesuai,0
BDG-TRV-0877,Tasikmalaya,2 hari 1 malam,2,5,981000,premium,motor,hemat,edukasi,keluarga,Museum Geologi Bandung,museum,Kota Bandung,-6.9007,107.6215,"-6.9007,107.6215","Jl. Diponegoro No.57, Cihaur Geulis, Cibeunying Kaler, Kota Bandung","Museum Geologi Bandung adalah destinasi edukasi yang menampilkan koleksi batuan, mineral, fosil, dan informasi sejarah bumi.",1,1,0,1,162.68,314,456000,180000,700000,75000,1411000,melebihi budget,0
BDG-TRV-0878,Garut,3 hari 2 malam,3,2,4406000,premium,motor,hemat,edukasi,sejarah,Museum Geologi Bandung,museum,Kota Bandung,-6.9007,107.6215,"-6.9007,107.6215","Jl. Diponegoro No.57, Cihaur Geulis, Cibeunying Kaler, Kota Bandung","Museum Geologi Bandung adalah destinasi edukasi yang menampilkan koleksi batuan, mineral, fosil, dan informasi sejarah bumi.",1,1,1,1,110.3,241,309000,360000,420000,30000,1119000,sesuai,1
BDG-TRV-0879,Jakarta,2 hari 1 malam,2,5,2324000,standar,transportasi umum,nyaman,alam,foto-foto,Tangkuban Perahu,gunung,Kabupaten Bandung Barat,-6.7596,107.6098,"-6.7596,107.6098","Cikahuripan, Lembang, Kabupaten Bandung Barat",Tangkuban Perahu adalah kawasan wisata gunung berapi dengan kawah alam yang populer untuk wisata alam dan edukasi geologi.,1,1,0,0,263.99,534,950000,520000,700000,175000,2345000,melebihi budget,0
BDG-TRV-0880,Tasikmalaya,2 hari 1 malam,2,5,2083000,hemat,transportasi umum,hemat,cafe view,foto-foto,Cafe D'Pakar Bandung,cafe view,Kota Bandung,-6.8398,107.6537,"-6.8398,107.6537","Dago Pakar, Ciburial, Cimenyan, Bandung","Cafe D'Pakar Bandung adalah tempat wisata kuliner dengan suasana alam sejuk, area outdoor, dan pemandangan pepohonan di kawasan Dago Pakar.",1,1,1,1,112.58,181,405000,180000,700000,100000,1385000,sesuai,1
BDG-TRV-0881,Kabupaten Bandung,2 hari 1 malam,2,2,1571000,standar,transportasi umum,standar,keluarga,keluarga,Kampung Gajah Wonderland,wisata tematik,Kabupaten Bandung Barat,-6.8291,107.5933,"-6.8291,107.5933","Jl. Sersan Bajuri, Cihideung, Parongpong, Kabupaten Bandung Barat",Kampung Gajah Wonderland dikenal sebagai kawasan wisata tematik keluarga dengan berbagai wahana dan area rekreasi.,1,1,1,1,98.16,188,353000,320000,280000,130000,1083000,sesuai,1
BDG-TRV-0882,Kota Bandung,2 hari 1 malam,2,1,4310000,premium,mobil,standar,kebun binatang,foto-foto,Jalan Braga,wisata kota,Kota Bandung,-6.9175,107.6098,"-6.9175,107.6098","Jl. Braga, Braga, Sumur Bandung, Kota Bandung","Jalan Braga adalah kawasan wisata kota dengan nuansa klasik, bangunan bersejarah, kafe, kuliner, dan spot foto yang populer di Bandung.",0,1,1,1,19.23,36,115000,320000,140000,5000,580000,sesuai,0
BDG-TRV-0883,Kabupaten Bandung,4 hari 3 malam,4,2,1996000,standar,mobil,hemat,kuliner,foto-foto,Floating Market Lembang,wisata kuliner,Kabupaten Bandung Barat,-6.8167,107.6187,"-6.8167,107.6187","Jl. Grand Hotel No.33E, Lembang, Kabupaten Bandung Barat","Floating Market Lembang menawarkan pengalaman kuliner, wahana keluarga, taman, dan suasana danau di kawasan Lembang.",1,1,0,1,219.82,504,1319000,540000,560000,30000,2449000,melebihi budget,0
BDG-TRV-0884,Bogor,2 hari 1 malam,2,2,2042000,hemat,transportasi umum,nyaman,wisata edukasi,alam,Jendela Alam,wisata edukasi,Kabupaten Bandung Barat,-6.8287,107.5976,"-6.8287,107.5976","Komplek Graha Puspa, Lembang, Kabupaten Bandung Barat","Jendela Alam adalah wisata edukasi keluarga yang mengenalkan aktivitas pertanian, peternakan, dan lingkungan alam.",1,1,1,1,219.41,459,790000,520000,280000,50000,1640000,sesuai,1
BDG-TRV-0885,Kabupaten Bandung,2 hari 1 malam,2,4,1536000,hemat,mobil,standar,wisata edukasi,santai,Taman Lalu Lintas Bandung,wisata edukasi,Kota Bandung,-6.9128,107.6169,"-6.9128,107.6169","Jl. Belitung No.1, Merdeka, Sumur Bandung, Kota Bandung",Taman Lalu Lintas Bandung adalah tempat wisata edukasi anak dan keluarga untuk mengenal aturan lalu lintas melalui area bermain dan taman kota.,1,1,1,1,52.83,105,317000,320000,560000,100000,1297000,sesuai,1
BDG-TRV-0886,Garut,1 hari,1,1,598000,standar,mobil,tanpa penginapan,wisata alam,kuliner,Dusun Bambu,wisata alam,Kabupaten Bandung Barat,-6.789,107.5788,"-6.789,107.5788","Jl. Kolonel Masturi KM 11, Cisarua, Kabupaten Bandung Barat","Dusun Bambu adalah destinasi wisata alam dan kuliner keluarga dengan pemandangan pegunungan, taman, dan area rekreasi.",1,1,0,0,143.89,256,863000,0,70000,30000,963000,melebihi budget,0
BDG-TRV-0887,Bekasi,1 hari,1,1,3363000,premium,mobil,tanpa penginapan,wisata alam,alam,The Lodge Maribaya,wisata alam,Kabupaten Bandung Barat,-6.8294,107.6875,"-6.8294,107.6875","Cibodas, Lembang, Kabupaten Bandung Barat","The Lodge Maribaya adalah destinasi alam dengan wahana foto, pemandangan hutan pinus, dan aktivitas rekreasi keluarga.",1,1,1,0,279.61,567,1678000,0,70000,30000,1778000,sesuai,0
BDG-TRV-0888,Bekasi,3 hari 2 malam,3,2,369000,hemat,motor,hemat,wisata kota,foto-foto,Tangkuban Perahu,gunung,Kabupaten Bandung Barat,-6.7596,107.6098,"-6.7596,107.6098","Cikahuripan, Lembang, Kabupaten Bandung Barat",Tangkuban Perahu adalah kawasan wisata gunung berapi dengan kawah alam yang populer untuk wisata alam dan edukasi geologi.,0,1,0,1,217.16,477,608000,360000,420000,70000,1458000,melebihi budget,0
BDG-TRV-0889,Garut,1 hari,1,3,930000,hemat,mobil,tanpa penginapan,wisata religi,budaya,Taman Lalu Lintas Bandung,wisata edukasi,Kota Bandung,-6.9128,107.6169,"-6.9128,107.6169","Jl. Belitung No.1, Merdeka, Sumur Bandung, Kota Bandung",Taman Lalu Lintas Bandung adalah tempat wisata edukasi anak dan keluarga untuk mengenal aturan lalu lintas melalui area bermain dan taman kota.,0,0,0,0,107.94,241,648000,0,210000,75000,933000,melebihi budget,0
BDG-TRV-0890,Depok,2 hari 1 malam,2,2,1706000,standar,mobil,standar,kebun binatang,religi,Dusun Bambu,wisata alam,Kabupaten Bandung Barat,-6.789,107.5788,"-6.789,107.5788","Jl. Kolonel Masturi KM 11, Cisarua, Kabupaten Bandung Barat","Dusun Bambu adalah destinasi wisata alam dan kuliner keluarga dengan pemandangan pegunungan, taman, dan area rekreasi.",0,0,0,1,184.93,279,1110000,320000,280000,60000,1770000,melebihi budget,0
BDG-TRV-0891,Jakarta,3 hari 2 malam,3,5,1494000,standar,transportasi umum,hemat,alam,alam,Ranca Upas,wisata alam,Kabupaten Bandung,-7.1421,107.3957,"-7.1421,107.3957","Jl. Raya Ciwidey-Patengan, Rancabali, Kabupaten Bandung",Ranca Upas adalah kawasan wisata alam dan bumi perkemahan yang dikenal dengan penangkaran rusa dan udara sejuk pegunungan.,1,1,0,1,175.04,276,630000,360000,1050000,150000,2190000,melebihi budget,0
BDG-TRV-0892,Kabupaten Bandung,4 hari 3 malam,4,1,2621000,standar,transportasi umum,nyaman,mall,kuliner,Cihampelas Walk,mall,Kota Bandung,-6.894,107.6042,"-6.894,107.6042","Jl. Cihampelas No.160, Cipaganti, Coblong, Kota Bandung",Cihampelas Walk adalah pusat belanja dan kuliner dengan konsep ruang terbuka yang cocok untuk jalan santai dan hiburan keluarga.,1,1,1,1,31.05,46,112000,1560000,280000,10000,1962000,sesuai,1
BDG-TRV-0893,Cimahi,1 hari,1,4,3979000,premium,mobil,tanpa penginapan,mall,religi,Cihampelas Walk,mall,Kota Bandung,-6.894,107.6042,"-6.894,107.6042","Jl. Cihampelas No.160, Cipaganti, Coblong, Kota Bandung",Cihampelas Walk adalah pusat belanja dan kuliner dengan konsep ruang terbuka yang cocok untuk jalan santai dan hiburan keluarga.,1,0,1,1,15.52,24,93000,0,280000,40000,413000,sesuai,0
BDG-TRV-0894,Tasikmalaya,3 hari 2 malam,3,5,2925000,premium,mobil,standar,wisata kuliner,keluarga,Martabak San Francisco Bandung,wisata kuliner,Kota Bandung,-6.9026,107.6092,"-6.9026,107.6092","Jl. Burangrang, Lengkong, Kota Bandung",Martabak San Francisco Bandung adalah destinasi kuliner legendaris yang dikenal dengan pilihan martabak manis dan martabak telur.,1,1,1,1,115.94,182,696000,640000,1050000,75000,2461000,sesuai,1
BDG-TRV-0895,Garut,2 hari 1 malam,2,2,917000,hemat,motor,hemat,wisata edukasi,healing,Paskal 23 Bandung,mall,Kota Bandung,-6.9147,107.5918,"-6.9147,107.5918","Jl. Pasir Kaliki No.25-27, Kebon Jeruk, Andir, Kota Bandung",Paskal 23 Bandung adalah pusat perbelanjaan dan kuliner modern yang dekat dengan kawasan stasiun dan pusat kota.,0,0,1,1,76.38,150,214000,180000,280000,20000,694000,sesuai,0
BDG-TRV-0896,Bekasi,3 hari 2 malam,3,1,2272000,standar,mobil,hemat,museum,edukasi,Museum Geologi Bandung,museum,Kota Bandung,-6.9007,107.6215,"-6.9007,107.6215","Jl. Diponegoro No.57, Cihaur Geulis, Cibeunying Kaler, Kota Bandung","Museum Geologi Bandung adalah destinasi edukasi yang menampilkan koleksi batuan, mineral, fosil, dan informasi sejarah bumi.",1,1,1,0,281.07,617,1686000,360000,210000,15000,2271000,sesuai,0
BDG-TRV-0897,Kota Bandung,3 hari 2 malam,3,3,568000,hemat,transportasi umum,nyaman,wisata kota,edukasi,Martabak San Francisco Bandung,wisata kuliner,Kota Bandung,-6.9026,107.6092,"-6.9026,107.6092","Jl. Burangrang, Lengkong, Kota Bandung",Martabak San Francisco Bandung adalah destinasi kuliner legendaris yang dikenal dengan pilihan martabak manis dan martabak telur.,0,0,0,1,11.81,24,43000,1040000,630000,45000,1758000,melebihi budget,0
BDG-TRV-0898,Garut,1 hari,1,2,1012000,hemat,transportasi umum,tanpa penginapan,mall,keluarga,Trans Studio Mall Bandung,mall,Kota Bandung,-6.9254,107.6358,"-6.9254,107.6358","Jl. Gatot Subroto No.289, Cibangkong, Batununggal, Kota Bandung",Trans Studio Mall Bandung adalah pusat perbelanjaan dan hiburan indoor yang terhubung dengan kawasan Trans Studio Bandung.,1,1,1,1,95.23,155,343000,0,140000,20000,503000,sesuai,1
BDG-TRV-0899,Kota Bandung,3 hari 2 malam,3,4,2305000,standar,transportasi umum,hemat,kuliner,kuliner,Martabak San Francisco Bandung,wisata kuliner,Kota Bandung,-6.9026,107.6092,"-6.9026,107.6092","Jl. Burangrang, Lengkong, Kota Bandung",Martabak San Francisco Bandung adalah destinasi kuliner legendaris yang dikenal dengan pilihan martabak manis dan martabak telur.,1,1,1,1,9.2,19,33000,360000,840000,60000,1293000,sesuai,1
BDG-TRV-0900,Tasikmalaya,2 hari 1 malam,2,1,1137000,standar,mobil,hemat,alam,alam,Tebing Keraton,wisata alam,Kabupaten Bandung Barat,-6.8341,107.6635,"-6.8341,107.6635","Ciburial, Cimenyan, Kabupaten Bandung Barat",Tebing Keraton adalah destinasi wisata alam dengan pemandangan hutan dan perbukitan yang cocok untuk foto dan menikmati udara sejuk.,1,1,0,0,340.66,557,2044000,180000,140000,30000,2394000,melebihi budget,0
BDG-TRV-0901,Bogor,2 hari 1 malam,2,2,1895000,hemat,transportasi umum,hemat,wisata tematik,foto-foto,Dago Dreampark,wisata tematik,Kabupaten Bandung Barat,-6.8486,107.6246,"-6.8486,107.6246","Jl. Dago Giri, Mekarwangi, Lembang, Kabupaten Bandung Barat","Dago Dreampark adalah wisata tematik keluarga dengan wahana permainan, spot foto, dan suasana alam di kawasan Lembang.",1,1,1,1,213.58,440,769000,180000,280000,130000,1359000,sesuai,1
BDG-TRV-0902,Kabupaten Bandung,2 hari 1 malam,2,1,337000,hemat,transportasi umum,hemat,edukasi,sejarah,Museum Konferensi Asia Afrika,museum,Kota Bandung,-6.921,107.6097,"-6.921,107.6097","Jl. Asia Afrika No.65, Braga, Sumur Bandung, Kota Bandung","Museum Konferensi Asia Afrika menyajikan sejarah Konferensi Asia Afrika dan cocok untuk wisata edukasi, sejarah, serta kunjungan pelajar.",1,1,0,1,38.71,58,139000,180000,140000,15000,474000,melebihi budget,0
BDG-TRV-0903,Jakarta,3 hari 2 malam,3,2,1800000,hemat,mobil,hemat,wisata edukasi,edukasi,Jendela Alam,wisata edukasi,Kabupaten Bandung Barat,-6.8287,107.5976,"-6.8287,107.5976","Komplek Graha Puspa, Lembang, Kabupaten Bandung Barat","Jendela Alam adalah wisata edukasi keluarga yang mengenalkan aktivitas pertanian, peternakan, dan lingkungan alam.",1,1,0,0,255.97,576,1536000,360000,420000,50000,2366000,melebihi budget,0
BDG-TRV-0904,Kabupaten Bandung,3 hari 2 malam,3,2,1137000,standar,transportasi umum,hemat,edukasi,edukasi,Gedung Sate,wisata edukasi,Kota Bandung,-6.9025,107.6188,"-6.9025,107.6188","Jl. Diponegoro No.22, Citarum, Bandung Wetan, Kota Bandung",Gedung Sate adalah ikon Kota Bandung yang dikenal sebagai bangunan bersejarah dengan arsitektur khas dan nilai edukasi sejarah pemerintahan Jawa Barat.,1,1,0,1,136.8,309,492000,360000,420000,50000,1322000,melebihi budget,0
BDG-TRV-0905,Garut,3 hari 2 malam,3,3,2147000,standar,transportasi umum,standar,wisata edukasi,keluarga,Saung Angklung Udjo,wisata edukasi,Kota Bandung,-6.8992,107.6542,"-6.8992,107.6542","Jl. Padasuka No.118, Pasirlayung, Cibeunying Kidul, Kota Bandung","Saung Angklung Udjo adalah destinasi budaya dan edukasi yang menampilkan pertunjukan angklung, seni Sunda, dan aktivitas keluarga.",1,1,1,1,83.66,176,301000,640000,630000,75000,1646000,sesuai,1
BDG-TRV-0906,Jakarta,4 hari 3 malam,4,1,3016000,premium,mobil,nyaman,wisata religi,keluarga,Masjid Raya Bandung,wisata religi,Kota Bandung,-6.9216,107.6068,"-6.9216,107.6068","Jl. Dalem Kaum, Balonggede, Regol, Kota Bandung",Masjid Raya Bandung merupakan destinasi wisata religi di kawasan Alun-Alun Bandung dengan arsitektur megah dan suasana pusat kota yang ramai.,1,1,1,1,172.67,370,1036000,1560000,280000,0,2876000,sesuai,1
BDG-TRV-0907,Kota Bandung,1 hari,1,4,704000,hemat,mobil,tanpa penginapan,wisata alam,sejarah,Cafe D'Pakar Bandung,cafe view,Kota Bandung,-6.8398,107.6537,"-6.8398,107.6537","Dago Pakar, Ciburial, Cimenyan, Bandung","Cafe D'Pakar Bandung adalah tempat wisata kuliner dengan suasana alam sejuk, area outdoor, dan pemandangan pepohonan di kawasan Dago Pakar.",0,0,1,1,22.41,41,134000,0,280000,80000,494000,sesuai,0
BDG-TRV-0908,Bogor,4 hari 3 malam,4,1,752000,hemat,motor,standar,mall,santai,Bandung Indah Plaza,mall,Kota Bandung,-6.9089,107.6105,"-6.9089,107.6105","Jl. Merdeka No.56, Citarum, Bandung Wetan, Kota Bandung","Bandung Indah Plaza adalah pusat perbelanjaan di pusat Kota Bandung dengan pilihan fashion, kuliner, hiburan, dan kebutuhan gaya hidup.",1,1,0,0,375.57,784,1052000,960000,280000,10000,2302000,melebihi budget,0
BDG-TRV-0909,Tasikmalaya,1 hari,1,5,3149000,premium,motor,tanpa penginapan,kebun binatang,keluarga,Kebun Binatang Bandung,kebun binatang,Kota Bandung,-6.8902,107.607,"-6.8902,107.607","Jl. Tamansari No.71, Lebak Siliwangi, Coblong, Kota Bandung",Kebun Binatang Bandung adalah wisata edukasi keluarga yang menampilkan berbagai satwa dan area rekreasi di kawasan Tamansari.,1,1,1,0,230.18,402,645000,0,350000,250000,1245000,sesuai,0
BDG-TRV-0910,Kota Bandung,1 hari,1,3,4074000,premium,mobil,tanpa penginapan,alam,kuliner,Dusun Bambu,wisata alam,Kabupaten Bandung Barat,-6.789,107.5788,"-6.789,107.5788","Jl. Kolonel Masturi KM 11, Cisarua, Kabupaten Bandung Barat","Dusun Bambu adalah destinasi wisata alam dan kuliner keluarga dengan pemandangan pegunungan, taman, dan area rekreasi.",1,1,1,1,40.11,73,241000,0,210000,90000,541000,sesuai,1
BDG-TRV-0911,Tasikmalaya,3 hari 2 malam,3,2,550000,hemat,transportasi umum,standar,kebun binatang,belanja,Tangkuban Perahu,gunung,Kabupaten Bandung Barat,-6.7596,107.6098,"-6.7596,107.6098","Cikahuripan, Lembang, Kabupaten Bandung Barat",Tangkuban Perahu adalah kawasan wisata gunung berapi dengan kawah alam yang populer untuk wisata alam dan edukasi geologi.,0,0,0,1,154.48,244,556000,640000,420000,70000,1686000,melebihi budget,0
BDG-TRV-0912,Cimahi,1 hari,1,2,3456000,premium,transportasi umum,tanpa penginapan,wisata religi,sejarah,Museum Geologi Bandung,museum,Kota Bandung,-6.9007,107.6215,"-6.9007,107.6215","Jl. Diponegoro No.57, Cihaur Geulis, Cibeunying Kaler, Kota Bandung","Museum Geologi Bandung adalah destinasi edukasi yang menampilkan koleksi batuan, mineral, fosil, dan informasi sejarah bumi.",0,1,1,1,31.24,61,112000,0,140000,30000,282000,sesuai,0
BDG-TRV-0913,Jakarta,1 hari,1,2,3557000,premium,mobil,tanpa penginapan,wisata kuliner,sejarah,Floating Market Lembang,wisata kuliner,Kabupaten Bandung Barat,-6.8167,107.6187,"-6.8167,107.6187","Jl. Grand Hotel No.33E, Lembang, Kabupaten Bandung Barat","Floating Market Lembang menawarkan pengalaman kuliner, wahana keluarga, taman, dan suasana danau di kawasan Lembang.",1,0,1,0,232.78,505,1397000,0,140000,30000,1567000,sesuai,0
BDG-TRV-0914,Jakarta,2 hari 1 malam,2,4,2485000,hemat,motor,standar,wisata alam,healing,Tebing Keraton,wisata alam,Kabupaten Bandung Barat,-6.8341,107.6635,"-6.8341,107.6635","Ciburial, Cimenyan, Kabupaten Bandung Barat",Tebing Keraton adalah destinasi wisata alam dengan pemandangan hutan dan perbukitan yang cocok untuk foto dan menikmati udara sejuk.,1,1,1,1,238.32,483,667000,320000,560000,120000,1667000,sesuai,1
BDG-TRV-0915,Garut,4 hari 3 malam,4,2,3138000,hemat,mobil,nyaman,kuliner,keluarga,Floating Market Lembang,wisata kuliner,Kabupaten Bandung Barat,-6.8167,107.6187,"-6.8167,107.6187","Jl. Grand Hotel No.33E, Lembang, Kabupaten Bandung Barat","Floating Market Lembang menawarkan pengalaman kuliner, wahana keluarga, taman, dan suasana danau di kawasan Lembang.",1,1,1,1,133.42,278,801000,1560000,560000,30000,2951000,sesuai,1
BDG-TRV-0916,Depok,1 hari,1,3,664000,hemat,motor,tanpa penginapan,belanja,kuliner,Bandung Indah Plaza,mall,Kota Bandung,-6.9089,107.6105,"-6.9089,107.6105","Jl. Merdeka No.56, Citarum, Bandung Wetan, Kota Bandung","Bandung Indah Plaza adalah pusat perbelanjaan di pusat Kota Bandung dengan pilihan fashion, kuliner, hiburan, dan kebutuhan gaya hidup.",1,1,0,0,328.01,726,918000,0,210000,30000,1158000,melebihi budget,0
BDG-TRV-0917,Garut,2 hari 1 malam,2,2,1321000,hemat,transportasi umum,standar,wisata alam,healing,Tebing Keraton,wisata alam,Kabupaten Bandung Barat,-6.8341,107.6635,"-6.8341,107.6635","Ciburial, Cimenyan, Kabupaten Bandung Barat",Tebing Keraton adalah destinasi wisata alam dengan pemandangan hutan dan perbukitan yang cocok untuk foto dan menikmati udara sejuk.,1,1,1,1,141.51,288,509000,320000,280000,60000,1169000,sesuai,1
BDG-TRV-0918,Garut,1 hari,1,1,2854000,premium,mobil,tanpa penginapan,kuliner,keluarga,Martabak San Francisco Bandung,wisata kuliner,Kota Bandung,-6.9026,107.6092,"-6.9026,107.6092","Jl. Burangrang, Lengkong, Kota Bandung",Martabak San Francisco Bandung adalah destinasi kuliner legendaris yang dikenal dengan pilihan martabak manis dan martabak telur.,1,1,1,1,108.25,169,650000,0,70000,15000,735000,sesuai,1
BDG-TRV-0919,Bekasi,3 hari 2 malam,3,5,4463000,premium,mobil,hemat,belanja,keluarga,Cihampelas Walk,mall,Kota Bandung,-6.894,107.6042,"-6.894,107.6042","Jl. Cihampelas No.160, Cipaganti, Coblong, Kota Bandung",Cihampelas Walk adalah pusat belanja dan kuliner dengan konsep ruang terbuka yang cocok untuk jalan santai dan hiburan keluarga.,1,0,1,1,132.88,218,797000,360000,1050000,50000,2257000,sesuai,0
BDG-TRV-0920,Cimahi,1 hari,1,4,1284000,hemat,transportasi umum,tanpa penginapan,wisata alam,alam,Dusun Bambu,wisata alam,Kabupaten Bandung Barat,-6.789,107.5788,"-6.789,107.5788","Jl. Kolonel Masturi KM 11, Cisarua, Kabupaten Bandung Barat","Dusun Bambu adalah destinasi wisata alam dan kuliner keluarga dengan pemandangan pegunungan, taman, dan area rekreasi.",1,1,1,1,71.14,150,256000,0,280000,120000,656000,sesuai,1
BDG-TRV-0921,Depok,3 hari 2 malam,3,3,4371000,premium,motor,standar,wisata kuliner,santai,Sudirman Street Bandung,wisata kuliner,Kota Bandung,-6.9177,107.5969,"-6.9177,107.5969","Jl. Jend. Sudirman, Karanganyar, Astanaanyar, Kota Bandung",Sudirman Street Bandung adalah kawasan kuliner malam yang menawarkan berbagai makanan lokal dan suasana street food kota.,1,1,1,1,184.13,328,516000,640000,630000,45000,1831000,sesuai,1
BDG-TRV-0922,Kota Bandung,1 hari,1,2,433000,hemat,mobil,tanpa penginapan,wisata kota,santai,Cafe D'Pakar Bandung,cafe view,Kota Bandung,-6.8398,107.6537,"-6.8398,107.6537","Dago Pakar, Ciburial, Cimenyan, Bandung","Cafe D'Pakar Bandung adalah tempat wisata kuliner dengan suasana alam sejuk, area outdoor, dan pemandangan pepohonan di kawasan Dago Pakar.",0,1,1,1,7.94,18,48000,0,140000,40000,228000,sesuai,0
BDG-TRV-0923,Kota Bandung,2 hari 1 malam,2,1,2412000,standar,motor,hemat,alam,healing,Curug Cimahi,wisata alam,Kabupaten Bandung Barat,-6.7986,107.5775,"-6.7986,107.5775","Kertawangi, Cisarua, Kabupaten Bandung Barat",Curug Cimahi adalah wisata air terjun di Bandung Barat dengan jalur trekking ringan dan suasana alam yang sejuk.,1,1,1,1,37.09,78,104000,180000,140000,30000,454000,sesuai,1
BDG-TRV-0924,Garut,2 hari 1 malam,2,1,1868000,standar,transportasi umum,standar,wisata religi,foto-foto,Masjid Raya Bandung,wisata religi,Kota Bandung,-6.9216,107.6068,"-6.9216,107.6068","Jl. Dalem Kaum, Balonggede, Regol, Kota Bandung",Masjid Raya Bandung merupakan destinasi wisata religi di kawasan Alun-Alun Bandung dengan arsitektur megah dan suasana pusat kota yang ramai.,1,1,1,1,106.22,180,382000,320000,140000,0,842000,sesuai,1
BDG-TRV-0925,Tasikmalaya,2 hari 1 malam,2,3,2657000,standar,mobil,hemat,alam,santai,Situ Patenggang,wisata alam,Kabupaten Bandung,-7.166,107.3589,"-7.166,107.3589","Patengan, Rancabali, Kabupaten Bandung","Situ Patenggang adalah danau wisata di kawasan Ciwidey yang cocok untuk menikmati alam, berfoto, dan rekreasi keluarga.",1,1,1,1,181.91,335,1091000,180000,420000,90000,1781000,sesuai,1
BDG-TRV-0926,Bekasi,1 hari,1,3,1255000,hemat,motor,tanpa penginapan,gunung,foto-foto,Tangkuban Perahu,gunung,Kabupaten Bandung Barat,-6.7596,107.6098,"-6.7596,107.6098","Cikahuripan, Lembang, Kabupaten Bandung Barat",Tangkuban Perahu adalah kawasan wisata gunung berapi dengan kawah alam yang populer untuk wisata alam dan edukasi geologi.,1,1,1,1,233.74,390,654000,0,210000,105000,969000,sesuai,1
BDG-TRV-0927,Tasikmalaya,1 hari,1,2,438000,hemat,transportasi umum,tanpa penginapan,foto-foto,santai,Jalan Braga,wisata kota,Kota Bandung,-6.9175,107.6098,"-6.9175,107.6098","Jl. Braga, Braga, Sumur Bandung, Kota Bandung","Jalan Braga adalah kawasan wisata kota dengan nuansa klasik, bangunan bersejarah, kafe, kuliner, dan spot foto yang populer di Bandung.",1,1,0,0,134.63,279,485000,0,140000,10000,635000,melebihi budget,0
BDG-TRV-0928,Depok,1 hari,1,1,4498000,premium,motor,tanpa penginapan,wisata kuliner,budaya,Saung Angklung Udjo,wisata edukasi,Kota Bandung,-6.8992,107.6542,"-6.8992,107.6542","Jl. Padasuka No.118, Pasirlayung, Cibeunying Kidul, Kota Bandung","Saung Angklung Udjo adalah destinasi budaya dan edukasi yang menampilkan pertunjukan angklung, seni Sunda, dan aktivitas keluarga.",0,1,1,0,162.73,256,456000,0,70000,25000,551000,sesuai,0
BDG-TRV-0929,Garut,2 hari 1 malam,2,5,1632000,hemat,transportasi umum,standar,wisata kuliner,kuliner,Floating Market Lembang,wisata kuliner,Kabupaten Bandung Barat,-6.8167,107.6187,"-6.8167,107.6187","Jl. Grand Hotel No.33E, Lembang, Kabupaten Bandung Barat","Floating Market Lembang menawarkan pengalaman kuliner, wahana keluarga, taman, dan suasana danau di kawasan Lembang.",1,1,1,1,105.43,239,380000,320000,700000,75000,1475000,sesuai,1
BDG-TRV-0930,Garut,2 hari 1 malam,2,1,459000,hemat,motor,hemat,mall,religi,Masjid Raya Bandung,wisata religi,Kota Bandung,-6.9216,107.6068,"-6.9216,107.6068","Jl. Dalem Kaum, Balonggede, Regol, Kota Bandung",Masjid Raya Bandung merupakan destinasi wisata religi di kawasan Alun-Alun Bandung dengan arsitektur megah dan suasana pusat kota yang ramai.,0,1,0,1,100.19,159,281000,180000,140000,0,601000,melebihi budget,0
BDG-TRV-0931,Depok,3 hari 2 malam,3,3,878000,hemat,transportasi umum,standar,mall,sejarah,Paskal 23 Bandung,mall,Kota Bandung,-6.9147,107.5918,"-6.9147,107.5918","Jl. Pasir Kaliki No.25-27, Kebon Jeruk, Andir, Kota Bandung",Paskal 23 Bandung adalah pusat perbelanjaan dan kuliner modern yang dekat dengan kawasan stasiun dan pusat kota.,1,0,0,1,164.73,268,593000,640000,630000,30000,1893000,melebihi budget,0
BDG-TRV-0932,Kota Bandung,2 hari 1 malam,2,1,2283000,standar,mobil,hemat,kuliner,keluarga,Martabak San Francisco Bandung,wisata kuliner,Kota Bandung,-6.9026,107.6092,"-6.9026,107.6092","Jl. Burangrang, Lengkong, Kota Bandung",Martabak San Francisco Bandung adalah destinasi kuliner legendaris yang dikenal dengan pilihan martabak manis dan martabak telur.,1,1,1,1,19.09,32,115000,180000,140000,15000,450000,sesuai,1
BDG-TRV-0933,Tasikmalaya,1 hari,1,5,2976000,premium,mobil,tanpa penginapan,wisata edukasi,religi,Floating Market Lembang,wisata kuliner,Kabupaten Bandung Barat,-6.8167,107.6187,"-6.8167,107.6187","Jl. Grand Hotel No.33E, Lembang, Kabupaten Bandung Barat","Floating Market Lembang menawarkan pengalaman kuliner, wahana keluarga, taman, dan suasana danau di kawasan Lembang.",0,0,1,0,193.95,345,1164000,0,350000,75000,1589000,sesuai,0
BDG-TRV-0934,Depok,2 hari 1 malam,2,2,2660000,hemat,mobil,nyaman,wisata kuliner,foto-foto,Sudirman Street Bandung,wisata kuliner,Kota Bandung,-6.9177,107.5969,"-6.9177,107.5969","Jl. Jend. Sudirman, Karanganyar, Astanaanyar, Kota Bandung",Sudirman Street Bandung adalah kawasan kuliner malam yang menawarkan berbagai makanan lokal dan suasana street food kota.,1,1,1,1,189.03,382,1134000,520000,280000,30000,1964000,sesuai,1
BDG-TRV-0935,Kota Bandung,3 hari 2 malam,3,4,2218000,standar,mobil,hemat,belanja,alam,Bandung Indah Plaza,mall,Kota Bandung,-6.9089,107.6105,"-6.9089,107.6105","Jl. Merdeka No.56, Citarum, Bandung Wetan, Kota Bandung","Bandung Indah Plaza adalah pusat perbelanjaan di pusat Kota Bandung dengan pilihan fashion, kuliner, hiburan, dan kebutuhan gaya hidup.",1,0,1,1,10.5,21,63000,360000,840000,40000,1303000,sesuai,0
BDG-TRV-0936,Tasikmalaya,2 hari 1 malam,2,4,3952000,premium,motor,hemat,wisata alam,belanja,Paris Van Java Mall,mall,Kota Bandung,-6.8893,107.5966,"-6.8893,107.5966","Jl. Sukajadi No.131-139, Cipedes, Sukajadi, Kota Bandung","Paris Van Java Mall adalah pusat belanja bergaya terbuka yang menawarkan kuliner, hiburan, fashion, dan suasana santai di Kota Bandung.",0,1,1,1,133.32,302,373000,180000,560000,40000,1153000,sesuai,0
BDG-TRV-0937,Depok,2 hari 1 malam,2,2,1905000,standar,transportasi umum,hemat,gunung,healing,Jendela Alam,wisata edukasi,Kabupaten Bandung Barat,-6.8287,107.5976,"-6.8287,107.5976","Komplek Graha Puspa, Lembang, Kabupaten Bandung Barat","Jendela Alam adalah wisata edukasi keluarga yang mengenalkan aktivitas pertanian, peternakan, dan lingkungan alam.",0,0,1,1,203.8,420,734000,180000,280000,50000,1244000,sesuai,0
BDG-TRV-0938,Tasikmalaya,3 hari 2 malam,3,4,2100000,standar,mobil,standar,kuliner,foto-foto,Cafe D'Pakar Bandung,cafe view,Kota Bandung,-6.8398,107.6537,"-6.8398,107.6537","Dago Pakar, Ciburial, Cimenyan, Bandung","Cafe D'Pakar Bandung adalah tempat wisata kuliner dengan suasana alam sejuk, area outdoor, dan pemandangan pepohonan di kawasan Dago Pakar.",1,1,0,1,150.33,314,902000,640000,840000,80000,2462000,melebihi budget,0
BDG-TRV-0939,Jakarta,2 hari 1 malam,2,5,2377000,hemat,motor,standar,edukasi,sejarah,Museum Geologi Bandung,museum,Kota Bandung,-6.9007,107.6215,"-6.9007,107.6215","Jl. Diponegoro No.57, Cihaur Geulis, Cibeunying Kaler, Kota Bandung","Museum Geologi Bandung adalah destinasi edukasi yang menampilkan koleksi batuan, mineral, fosil, dan informasi sejarah bumi.",1,1,1,1,196.61,369,551000,320000,700000,75000,1646000,sesuai,1
BDG-TRV-0940,Depok,3 hari 2 malam,3,4,2127000,standar,motor,nyaman,mall,healing,Bandung Indah Plaza,mall,Kota Bandung,-6.9089,107.6105,"-6.9089,107.6105","Jl. Merdeka No.56, Citarum, Bandung Wetan, Kota Bandung","Bandung Indah Plaza adalah pusat perbelanjaan di pusat Kota Bandung dengan pilihan fashion, kuliner, hiburan, dan kebutuhan gaya hidup.",1,0,0,1,208.87,421,585000,1040000,840000,40000,2505000,melebihi budget,0
BDG-TRV-0941,Cimahi,4 hari 3 malam,4,1,1552000,hemat,transportasi umum,nyaman,museum,foto-foto,Museum Konferensi Asia Afrika,museum,Kota Bandung,-6.921,107.6097,"-6.921,107.6097","Jl. Asia Afrika No.65, Braga, Sumur Bandung, Kota Bandung","Museum Konferensi Asia Afrika menyajikan sejarah Konferensi Asia Afrika dan cocok untuk wisata edukasi, sejarah, serta kunjungan pelajar.",1,1,0,1,17.07,32,61000,1560000,280000,15000,1916000,melebihi budget,0
BDG-TRV-0942,Bekasi,2 hari 1 malam,2,2,1138000,standar,transportasi umum,standar,belanja,kuliner,Bandung Indah Plaza,mall,Kota Bandung,-6.9089,107.6105,"-6.9089,107.6105","Jl. Merdeka No.56, Citarum, Bandung Wetan, Kota Bandung","Bandung Indah Plaza adalah pusat perbelanjaan di pusat Kota Bandung dengan pilihan fashion, kuliner, hiburan, dan kebutuhan gaya hidup.",1,1,0,1,185.77,336,669000,320000,280000,20000,1289000,melebihi budget,0
BDG-TRV-0943,Garut,1 hari,1,2,1387000,hemat,mobil,tanpa penginapan,edukasi,keluarga,Museum Geologi Bandung,museum,Kota Bandung,-6.9007,107.6215,"-6.9007,107.6215","Jl. Diponegoro No.57, Cihaur Geulis, Cibeunying Kaler, Kota Bandung","Museum Geologi Bandung adalah destinasi edukasi yang menampilkan koleksi batuan, mineral, fosil, dan informasi sejarah bumi.",1,1,1,1,117.44,207,705000,0,140000,30000,875000,sesuai,1
BDG-TRV-0944,Cimahi,2 hari 1 malam,2,2,1295000,hemat,mobil,standar,alam,alam,Tebing Keraton,wisata alam,Kabupaten Bandung Barat,-6.8341,107.6635,"-6.8341,107.6635","Ciburial, Cimenyan, Kabupaten Bandung Barat",Tebing Keraton adalah destinasi wisata alam dengan pemandangan hutan dan perbukitan yang cocok untuk foto dan menikmati udara sejuk.,1,1,1,1,76.11,118,457000,320000,280000,60000,1117000,sesuai,1
BDG-TRV-0945,Depok,1 hari,1,1,1770000,standar,motor,tanpa penginapan,wisata tematik,keluarga,Farm House Lembang,wisata tematik,Kabupaten Bandung Barat,-6.8325,107.605,"-6.8325,107.605","Jl. Raya Lembang No.108, Gudangkahuripan, Lembang","Farm House Lembang adalah wisata tematik dengan nuansa Eropa, spot foto, taman, dan area rekreasi keluarga.",1,1,1,1,233.63,454,654000,0,70000,65000,789000,sesuai,1
BDG-TRV-0946,Tasikmalaya,1 hari,1,1,1028000,standar,mobil,tanpa penginapan,wisata kuliner,santai,Martabak San Francisco Bandung,wisata kuliner,Kota Bandung,-6.9026,107.6092,"-6.9026,107.6092","Jl. Burangrang, Lengkong, Kota Bandung",Martabak San Francisco Bandung adalah destinasi kuliner legendaris yang dikenal dengan pilihan martabak manis dan martabak telur.,1,1,0,0,284.14,572,1705000,0,70000,15000,1790000,melebihi budget,0
BDG-TRV-0947,Bekasi,4 hari 3 malam,4,3,1739000,standar,motor,standar,museum,sejarah,Museum Geologi Bandung,museum,Kota Bandung,-6.9007,107.6215,"-6.9007,107.6215","Jl. Diponegoro No.57, Cihaur Geulis, Cibeunying Kaler, Kota Bandung","Museum Geologi Bandung adalah destinasi edukasi yang menampilkan koleksi batuan, mineral, fosil, dan informasi sejarah bumi.",1,1,0,1,140.4,224,393000,960000,840000,45000,2238000,melebihi budget,0
BDG-TRV-0948,Bekasi,1 hari,1,2,854000,hemat,motor,tanpa penginapan,wisata edukasi,healing,Jendela Alam,wisata edukasi,Kabupaten Bandung Barat,-6.8287,107.5976,"-6.8287,107.5976","Komplek Graha Puspa, Lembang, Kabupaten Bandung Barat","Jendela Alam adalah wisata edukasi keluarga yang mengenalkan aktivitas pertanian, peternakan, dan lingkungan alam.",1,0,1,0,209.75,431,587000,0,140000,50000,777000,sesuai,0
BDG-TRV-0949,Bekasi,3 hari 2 malam,3,2,2768000,standar,transportasi umum,nyaman,belanja,belanja,Paris Van Java Mall,mall,Kota Bandung,-6.8893,107.5966,"-6.8893,107.5966","Jl. Sukajadi No.131-139, Cipedes, Sukajadi, Kota Bandung","Paris Van Java Mall adalah pusat belanja bergaya terbuka yang menawarkan kuliner, hiburan, fashion, dan suasana santai di Kota Bandung.",1,1,1,1,166.38,333,599000,1040000,420000,20000,2079000,sesuai,1
BDG-TRV-0950,Garut,3 hari 2 malam,3,2,1657000,standar,motor,hemat,mall,santai,Paskal 23 Bandung,mall,Kota Bandung,-6.9147,107.5918,"-6.9147,107.5918","Jl. Pasir Kaliki No.25-27, Kebon Jeruk, Andir, Kota Bandung",Paskal 23 Bandung adalah pusat perbelanjaan dan kuliner modern yang dekat dengan kawasan stasiun dan pusat kota.,1,1,1,1,100.23,196,281000,360000,420000,20000,1081000,sesuai,1
BDG-TRV-0951,Cimahi,1 hari,1,1,2418000,standar,transportasi umum,tanpa penginapan,alam,foto-foto,Orchid Forest Cikole,wisata alam,Kabupaten Bandung Barat,-6.7806,107.6373,"-6.7806,107.6373","Cikole, Lembang, Kabupaten Bandung Barat","Orchid Forest Cikole adalah wisata alam hutan pinus dengan koleksi anggrek, spot foto, dan suasana sejuk di Lembang.",1,1,1,0,179.04,294,645000,0,70000,30000,745000,sesuai,0
BDG-TRV-0952,Tasikmalaya,2 hari 1 malam,2,3,2316000,standar,mobil,standar,wisata kuliner,kuliner,Floating Market Lembang,wisata kuliner,Kabupaten Bandung Barat,-6.8167,107.6187,"-6.8167,107.6187","Jl. Grand Hotel No.33E, Lembang, Kabupaten Bandung Barat","Floating Market Lembang menawarkan pengalaman kuliner, wahana keluarga, taman, dan suasana danau di kawasan Lembang.",1,1,1,1,156.01,257,936000,320000,420000,45000,1721000,sesuai,1
BDG-TRV-0953,Kota Bandung,2 hari 1 malam,2,4,198000,standar,mobil,hemat,museum,sejarah,Museum Geologi Bandung,museum,Kota Bandung,-6.9007,107.6215,"-6.9007,107.6215","Jl. Diponegoro No.57, Cihaur Geulis, Cibeunying Kaler, Kota Bandung","Museum Geologi Bandung adalah destinasi edukasi yang menampilkan koleksi batuan, mineral, fosil, dan informasi sejarah bumi.",1,1,0,1,9.94,19,60000,180000,560000,60000,860000,melebihi budget,0
BDG-TRV-0954,Depok,2 hari 1 malam,2,3,4793000,premium,mobil,nyaman,belanja,kuliner,Bandung Indah Plaza,mall,Kota Bandung,-6.9089,107.6105,"-6.9089,107.6105","Jl. Merdeka No.56, Citarum, Bandung Wetan, Kota Bandung","Bandung Indah Plaza adalah pusat perbelanjaan di pusat Kota Bandung dengan pilihan fashion, kuliner, hiburan, dan kebutuhan gaya hidup.",1,1,1,0,341.99,636,2052000,520000,420000,30000,3022000,sesuai,0
BDG-TRV-0955,Jakarta,3 hari 2 malam,3,2,2312000,hemat,mobil,standar,belanja,belanja,Paris Van Java Mall,mall,Kota Bandung,-6.8893,107.5966,"-6.8893,107.5966","Jl. Sukajadi No.131-139, Cipedes, Sukajadi, Kota Bandung","Paris Van Java Mall adalah pusat belanja bergaya terbuka yang menawarkan kuliner, hiburan, fashion, dan suasana santai di Kota Bandung.",1,1,1,1,195.38,339,1172000,640000,420000,20000,2252000,sesuai,1
BDG-TRV-0956,Jakarta,2 hari 1 malam,2,3,4142000,premium,mobil,nyaman,wisata edukasi,budaya,Saung Angklung Udjo,wisata edukasi,Kota Bandung,-6.8992,107.6542,"-6.8992,107.6542","Jl. Padasuka No.118, Pasirlayung, Cibeunying Kidul, Kota Bandung","Saung Angklung Udjo adalah destinasi budaya dan edukasi yang menampilkan pertunjukan angklung, seni Sunda, dan aktivitas keluarga.",1,1,1,1,167.09,274,1003000,520000,420000,75000,2018000,sesuai,1
BDG-TRV-0957,Kabupaten Bandung,2 hari 1 malam,2,3,4822000,premium,transportasi umum,nyaman,religi,keluarga,Masjid Raya Bandung,wisata religi,Kota Bandung,-6.9216,107.6068,"-6.9216,107.6068","Jl. Dalem Kaum, Balonggede, Regol, Kota Bandung",Masjid Raya Bandung merupakan destinasi wisata religi di kawasan Alun-Alun Bandung dengan arsitektur megah dan suasana pusat kota yang ramai.,1,1,1,1,37.93,82,137000,520000,420000,0,1077000,sesuai,1
BDG-TRV-0958,Bekasi,3 hari 2 malam,3,2,4394000,premium,transportasi umum,nyaman,keluarga,foto-foto,Dago Dreampark,wisata tematik,Kabupaten Bandung Barat,-6.8486,107.6246,"-6.8486,107.6246","Jl. Dago Giri, Mekarwangi, Lembang, Kabupaten Bandung Barat","Dago Dreampark adalah wisata tematik keluarga dengan wahana permainan, spot foto, dan suasana alam di kawasan Lembang.",1,1,1,1,174.87,401,630000,1040000,420000,130000,2220000,sesuai,1
BDG-TRV-0959,Kabupaten Bandung,2 hari 1 malam,2,4,1939000,standar,mobil,nyaman,wisata kota,santai,Alun-Alun Bandung,wisata kota,Kota Bandung,-6.9218,107.6071,"-6.9218,107.6071","Jl. Asia Afrika, Balonggede, Regol, Kota Bandung","Alun-Alun Bandung adalah ruang publik ikonik di pusat Kota Bandung yang cocok untuk bersantai, berfoto, dan menikmati suasana kota dekat Masjid Raya Bandung.",1,1,1,1,38.39,67,230000,520000,560000,20000,1330000,sesuai,1
BDG-TRV-0960,Bogor,3 hari 2 malam,3,2,2652000,standar,mobil,nyaman,belanja,belanja,Trans Studio Mall Bandung,mall,Kota Bandung,-6.9254,107.6358,"-6.9254,107.6358","Jl. Gatot Subroto No.289, Cibangkong, Batununggal, Kota Bandung",Trans Studio Mall Bandung adalah pusat perbelanjaan dan hiburan indoor yang terhubung dengan kawasan Trans Studio Bandung.,1,1,1,1,184.23,376,1105000,1040000,420000,20000,2585000,sesuai,1
BDG-TRV-0961,Kota Bandung,2 hari 1 malam,2,3,4246000,premium,motor,nyaman,wisata edukasi,kuliner,Cafe D'Pakar Bandung,cafe view,Kota Bandung,-6.8398,107.6537,"-6.8398,107.6537","Dago Pakar, Ciburial, Cimenyan, Bandung","Cafe D'Pakar Bandung adalah tempat wisata kuliner dengan suasana alam sejuk, area outdoor, dan pemandangan pepohonan di kawasan Dago Pakar.",0,1,1,1,19.06,40,53000,520000,420000,60000,1053000,sesuai,0
BDG-TRV-0962,Depok,1 hari,1,1,486000,premium,mobil,tanpa penginapan,religi,keluarga,Masjid Raya Bandung,wisata religi,Kota Bandung,-6.9216,107.6068,"-6.9216,107.6068","Jl. Dalem Kaum, Balonggede, Regol, Kota Bandung",Masjid Raya Bandung merupakan destinasi wisata religi di kawasan Alun-Alun Bandung dengan arsitektur megah dan suasana pusat kota yang ramai.,1,1,0,0,162.99,343,978000,0,70000,0,1048000,melebihi budget,0
BDG-TRV-0963,Bogor,1 hari,1,1,1248000,standar,transportasi umum,tanpa penginapan,belanja,santai,Paskal 23 Bandung,mall,Kota Bandung,-6.9147,107.5918,"-6.9147,107.5918","Jl. Pasir Kaliki No.25-27, Kebon Jeruk, Andir, Kota Bandung",Paskal 23 Bandung adalah pusat perbelanjaan dan kuliner modern yang dekat dengan kawasan stasiun dan pusat kota.,1,1,1,1,211.39,336,761000,0,70000,10000,841000,sesuai,1
BDG-TRV-0964,Kabupaten Bandung,1 hari,1,3,745000,hemat,motor,tanpa penginapan,gunung,edukasi,Tangkuban Perahu,gunung,Kabupaten Bandung Barat,-6.7596,107.6098,"-6.7596,107.6098","Cikahuripan, Lembang, Kabupaten Bandung Barat",Tangkuban Perahu adalah kawasan wisata gunung berapi dengan kawah alam yang populer untuk wisata alam dan edukasi geologi.,1,1,1,1,78.92,162,221000,0,210000,105000,536000,sesuai,1
BDG-TRV-0965,Garut,1 hari,1,1,790000,hemat,mobil,tanpa penginapan,mall,budaya,Bandung Indah Plaza,mall,Kota Bandung,-6.9089,107.6105,"-6.9089,107.6105","Jl. Merdeka No.56, Citarum, Bandung Wetan, Kota Bandung","Bandung Indah Plaza adalah pusat perbelanjaan di pusat Kota Bandung dengan pilihan fashion, kuliner, hiburan, dan kebutuhan gaya hidup.",1,0,1,0,100.65,208,604000,0,70000,10000,684000,sesuai,0
BDG-TRV-0966,Jakarta,1 hari,1,5,3551000,premium,motor,tanpa penginapan,museum,belanja,Bandung Indah Plaza,mall,Kota Bandung,-6.9089,107.6105,"-6.9089,107.6105","Jl. Merdeka No.56, Citarum, Bandung Wetan, Kota Bandung","Bandung Indah Plaza adalah pusat perbelanjaan di pusat Kota Bandung dengan pilihan fashion, kuliner, hiburan, dan kebutuhan gaya hidup.",0,1,1,0,175.29,387,491000,0,350000,50000,891000,sesuai,0
BDG-TRV-0967,Bekasi,3 hari 2 malam,3,5,2554000,hemat,motor,hemat,edukasi,sejarah,Museum Geologi Bandung,museum,Kota Bandung,-6.9007,107.6215,"-6.9007,107.6215","Jl. Diponegoro No.57, Cihaur Geulis, Cibeunying Kaler, Kota Bandung","Museum Geologi Bandung adalah destinasi edukasi yang menampilkan koleksi batuan, mineral, fosil, dan informasi sejarah bumi.",1,1,1,1,136.03,251,381000,360000,1050000,75000,1866000,sesuai,1
BDG-TRV-0968,Depok,3 hari 2 malam,3,5,2602000,hemat,mobil,hemat,wisata alam,foto-foto,Kawah Putih,wisata alam,Kabupaten Bandung,-7.1662,107.402,"-7.1662,107.402","Sugihmukti, Pasirjambu, Kabupaten Bandung",Kawah Putih adalah wisata alam di Ciwidey dengan danau kawah berwarna putih kehijauan dan panorama pegunungan.,1,1,0,0,267.52,606,1605000,360000,1050000,150000,3165000,melebihi budget,0
BDG-TRV-0969,Tasikmalaya,4 hari 3 malam,4,2,1713000,premium,mobil,hemat,gunung,edukasi,Tangkuban Perahu,gunung,Kabupaten Bandung Barat,-6.7596,107.6098,"-6.7596,107.6098","Cikahuripan, Lembang, Kabupaten Bandung Barat",Tangkuban Perahu adalah kawasan wisata gunung berapi dengan kawah alam yang populer untuk wisata alam dan edukasi geologi.,1,1,0,1,153.8,260,923000,540000,560000,70000,2093000,melebihi budget,0
BDG-TRV-0970,Cimahi,1 hari,1,2,3803000,premium,motor,tanpa penginapan,cafe view,foto-foto,Cafe D'Pakar Bandung,cafe view,Kota Bandung,-6.8398,107.6537,"-6.8398,107.6537","Dago Pakar, Ciburial, Cimenyan, Bandung","Cafe D'Pakar Bandung adalah tempat wisata kuliner dengan suasana alam sejuk, area outdoor, dan pemandangan pepohonan di kawasan Dago Pakar.",1,1,1,1,34.5,78,97000,0,140000,40000,277000,sesuai,1
BDG-TRV-0971,Cimahi,2 hari 1 malam,2,3,1255000,premium,motor,standar,wisata alam,foto-foto,Curug Cimahi,wisata alam,Kabupaten Bandung Barat,-6.7986,107.5775,"-6.7986,107.5775","Kertawangi, Cisarua, Kabupaten Bandung Barat",Curug Cimahi adalah wisata air terjun di Bandung Barat dengan jalur trekking ringan dan suasana alam yang sejuk.,1,1,0,1,187.67,366,525000,320000,420000,90000,1355000,melebihi budget,0
BDG-TRV-0972,Cimahi,2 hari 1 malam,2,4,2667000,premium,motor,standar,museum,keluarga,Museum Geologi Bandung,museum,Kota Bandung,-6.9007,107.6215,"-6.9007,107.6215","Jl. Diponegoro No.57, Cihaur Geulis, Cibeunying Kaler, Kota Bandung","Museum Geologi Bandung adalah destinasi edukasi yang menampilkan koleksi batuan, mineral, fosil, dan informasi sejarah bumi.",1,1,1,1,22.92,42,64000,320000,560000,60000,1004000,sesuai,1
BDG-TRV-0973,Kota Bandung,2 hari 1 malam,2,2,1046000,standar,transportasi umum,standar,kuliner,kuliner,Sudirman Street Bandung,wisata kuliner,Kota Bandung,-6.9177,107.5969,"-6.9177,107.5969","Jl. Jend. Sudirman, Karanganyar, Astanaanyar, Kota Bandung",Sudirman Street Bandung adalah kawasan kuliner malam yang menawarkan berbagai makanan lokal dan suasana street food kota.,1,1,1,1,7.58,13,27000,320000,280000,30000,657000,sesuai,1
BDG-TRV-0974,Kota Bandung,2 hari 1 malam,2,3,1658000,standar,transportasi umum,standar,cafe view,religi,Cafe D'Pakar Bandung,cafe view,Kota Bandung,-6.8398,107.6537,"-6.8398,107.6537","Dago Pakar, Ciburial, Cimenyan, Bandung","Cafe D'Pakar Bandung adalah tempat wisata kuliner dengan suasana alam sejuk, area outdoor, dan pemandangan pepohonan di kawasan Dago Pakar.",1,0,1,1,24.69,50,89000,320000,420000,60000,889000,sesuai,0
BDG-TRV-0975,Bekasi,3 hari 2 malam,3,5,3804000,premium,motor,hemat,edukasi,sejarah,Museum Geologi Bandung,museum,Kota Bandung,-6.9007,107.6215,"-6.9007,107.6215","Jl. Diponegoro No.57, Cihaur Geulis, Cibeunying Kaler, Kota Bandung","Museum Geologi Bandung adalah destinasi edukasi yang menampilkan koleksi batuan, mineral, fosil, dan informasi sejarah bumi.",1,1,1,1,138.28,241,387000,360000,1050000,75000,1872000,sesuai,1
BDG-TRV-0976,Kabupaten Bandung,2 hari 1 malam,2,3,865000,hemat,motor,hemat,wisata kuliner,healing,Floating Market Lembang,wisata kuliner,Kabupaten Bandung Barat,-6.8167,107.6187,"-6.8167,107.6187","Jl. Grand Hotel No.33E, Lembang, Kabupaten Bandung Barat","Floating Market Lembang menawarkan pengalaman kuliner, wahana keluarga, taman, dan suasana danau di kawasan Lembang.",1,0,1,1,68.8,118,193000,180000,420000,45000,838000,sesuai,0
BDG-TRV-0977,Kabupaten Bandung,1 hari,1,5,2784000,premium,transportasi umum,tanpa penginapan,wisata alam,alam,Orchid Forest Cikole,wisata alam,Kabupaten Bandung Barat,-6.7806,107.6373,"-6.7806,107.6373","Cikole, Lembang, Kabupaten Bandung Barat","Orchid Forest Cikole adalah wisata alam hutan pinus dengan koleksi anggrek, spot foto, dan suasana sejuk di Lembang.",1,1,1,1,75.92,114,273000,0,350000,150000,773000,sesuai,1
BDG-TRV-0978,Bekasi,3 hari 2 malam,3,3,4537000,premium,transportasi umum,nyaman,wisata kuliner,keluarga,Floating Market Lembang,wisata kuliner,Kabupaten Bandung Barat,-6.8167,107.6187,"-6.8167,107.6187","Jl. Grand Hotel No.33E, Lembang, Kabupaten Bandung Barat","Floating Market Lembang menawarkan pengalaman kuliner, wahana keluarga, taman, dan suasana danau di kawasan Lembang.",1,1,1,1,209.07,350,753000,1040000,630000,45000,2468000,sesuai,1
BDG-TRV-0979,Kabupaten Bandung,4 hari 3 malam,4,3,411000,hemat,motor,standar,mall,santai,Ranca Upas,wisata alam,Kabupaten Bandung,-7.1421,107.3957,"-7.1421,107.3957","Jl. Raya Ciwidey-Patengan, Rancabali, Kabupaten Bandung",Ranca Upas adalah kawasan wisata alam dan bumi perkemahan yang dikenal dengan penangkaran rusa dan udara sejuk pegunungan.,0,0,0,1,87.46,164,245000,960000,840000,90000,2135000,melebihi budget,0
BDG-TRV-0980,Bekasi,2 hari 1 malam,2,1,2846000,premium,transportasi umum,standar,wisata alam,foto-foto,Tebing Keraton,wisata alam,Kabupaten Bandung Barat,-6.8341,107.6635,"-6.8341,107.6635","Ciburial, Cimenyan, Kabupaten Bandung Barat",Tebing Keraton adalah destinasi wisata alam dengan pemandangan hutan dan perbukitan yang cocok untuk foto dan menikmati udara sejuk.,1,1,1,1,155.38,356,559000,320000,140000,30000,1049000,sesuai,1
BDG-TRV-0981,Kota Bandung,3 hari 2 malam,3,2,2665000,standar,mobil,nyaman,alam,alam,Curug Cimahi,wisata alam,Kabupaten Bandung Barat,-6.7986,107.5775,"-6.7986,107.5775","Kertawangi, Cisarua, Kabupaten Bandung Barat",Curug Cimahi adalah wisata air terjun di Bandung Barat dengan jalur trekking ringan dan suasana alam yang sejuk.,1,1,1,1,54.43,97,327000,1040000,420000,60000,1847000,sesuai,1
BDG-TRV-0982,Bogor,1 hari,1,5,4891000,premium,transportasi umum,tanpa penginapan,edukasi,santai,Kebun Binatang Bandung,kebun binatang,Kota Bandung,-6.8902,107.607,"-6.8902,107.607","Jl. Tamansari No.71, Lebak Siliwangi, Coblong, Kota Bandung",Kebun Binatang Bandung adalah wisata edukasi keluarga yang menampilkan berbagai satwa dan area rekreasi di kawasan Tamansari.,1,1,1,1,221.37,479,797000,0,350000,250000,1397000,sesuai,1
BDG-TRV-0983,Tasikmalaya,3 hari 2 malam,3,4,2967000,hemat,transportasi umum,nyaman,keluarga,santai,Kampung Gajah Wonderland,wisata tematik,Kabupaten Bandung Barat,-6.8291,107.5933,"-6.8291,107.5933","Jl. Sersan Bajuri, Cihideung, Parongpong, Kabupaten Bandung Barat",Kampung Gajah Wonderland dikenal sebagai kawasan wisata tematik keluarga dengan berbagai wahana dan area rekreasi.,1,1,1,1,206.26,446,743000,1040000,840000,260000,2883000,sesuai,1
BDG-TRV-0984,Depok,4 hari 3 malam,4,5,3216000,premium,motor,nyaman,foto-foto,foto-foto,Alun-Alun Bandung,wisata kota,Kota Bandung,-6.9218,107.6071,"-6.9218,107.6071","Jl. Asia Afrika, Balonggede, Regol, Kota Bandung","Alun-Alun Bandung adalah ruang publik ikonik di pusat Kota Bandung yang cocok untuk bersantai, berfoto, dan menikmati suasana kota dekat Masjid Raya Bandung.",1,1,0,1,213.07,430,597000,1560000,1400000,25000,3582000,melebihi budget,0
BDG-TRV-0985,Bogor,4 hari 3 malam,4,5,1410000,standar,mobil,standar,cafe view,healing,Paris Van Java Mall,mall,Kota Bandung,-6.8893,107.5966,"-6.8893,107.5966","Jl. Sukajadi No.131-139, Cipedes, Sukajadi, Kota Bandung","Paris Van Java Mall adalah pusat belanja bergaya terbuka yang menawarkan kuliner, hiburan, fashion, dan suasana santai di Kota Bandung.",0,0,0,1,201.49,405,1209000,960000,1400000,50000,3619000,melebihi budget,0
BDG-TRV-0986,Depok,1 hari,1,5,4615000,premium,transportasi umum,tanpa penginapan,edukasi,sejarah,Gedung Sate,wisata edukasi,Kota Bandung,-6.9025,107.6188,"-6.9025,107.6188","Jl. Diponegoro No.22, Citarum, Bandung Wetan, Kota Bandung",Gedung Sate adalah ikon Kota Bandung yang dikenal sebagai bangunan bersejarah dengan arsitektur khas dan nilai edukasi sejarah pemerintahan Jawa Barat.,1,1,1,1,159.86,353,575000,0,350000,125000,1050000,sesuai,1
BDG-TRV-0987,Kabupaten Bandung,1 hari,1,2,4515000,premium,motor,tanpa penginapan,mall,santai,Museum Konferensi Asia Afrika,museum,Kota Bandung,-6.921,107.6097,"-6.921,107.6097","Jl. Asia Afrika No.65, Braga, Sumur Bandung, Kota Bandung","Museum Konferensi Asia Afrika menyajikan sejarah Konferensi Asia Afrika dan cocok untuk wisata edukasi, sejarah, serta kunjungan pelajar.",0,0,1,1,43.01,70,120000,0,140000,30000,290000,sesuai,0
BDG-TRV-0988,Bekasi,1 hari,1,2,522000,hemat,transportasi umum,tanpa penginapan,wisata kota,alam,Cihampelas Walk,mall,Kota Bandung,-6.894,107.6042,"-6.894,107.6042","Jl. Cihampelas No.160, Cipaganti, Coblong, Kota Bandung",Cihampelas Walk adalah pusat belanja dan kuliner dengan konsep ruang terbuka yang cocok untuk jalan santai dan hiburan keluarga.,0,0,0,0,159.47,337,574000,0,140000,20000,734000,melebihi budget,0
BDG-TRV-0989,Kota Bandung,4 hari 3 malam,4,5,2359000,standar,transportasi umum,hemat,cafe view,keluarga,Cafe D'Pakar Bandung,cafe view,Kota Bandung,-6.8398,107.6537,"-6.8398,107.6537","Dago Pakar, Ciburial, Cimenyan, Bandung","Cafe D'Pakar Bandung adalah tempat wisata kuliner dengan suasana alam sejuk, area outdoor, dan pemandangan pepohonan di kawasan Dago Pakar.",1,0,1,1,6.95,13,25000,540000,1400000,100000,2065000,sesuai,0
BDG-TRV-0990,Kabupaten Bandung,3 hari 2 malam,3,5,2092000,hemat,mobil,nyaman,alam,alam,The Lodge Maribaya,wisata alam,Kabupaten Bandung Barat,-6.8294,107.6875,"-6.8294,107.6875","Cibodas, Lembang, Kabupaten Bandung Barat","The Lodge Maribaya adalah destinasi alam dengan wahana foto, pemandangan hutan pinus, dan aktivitas rekreasi keluarga.",1,1,0,1,43.75,87,262000,1040000,1050000,150000,2502000,melebihi budget,0
BDG-TRV-0991,Cimahi,1 hari,1,2,100000,standar,transportasi umum,tanpa penginapan,edukasi,foto-foto,Museum Konferensi Asia Afrika,museum,Kota Bandung,-6.921,107.6097,"-6.921,107.6097","Jl. Asia Afrika No.65, Braga, Sumur Bandung, Kota Bandung","Museum Konferensi Asia Afrika menyajikan sejarah Konferensi Asia Afrika dan cocok untuk wisata edukasi, sejarah, serta kunjungan pelajar.",1,1,0,1,14.96,28,54000,0,140000,30000,224000,melebihi budget,0
BDG-TRV-0992,Garut,3 hari 2 malam,3,2,1536000,standar,transportasi umum,nyaman,wisata kota,belanja,Floating Market Lembang,wisata kuliner,Kabupaten Bandung Barat,-6.8167,107.6187,"-6.8167,107.6187","Jl. Grand Hotel No.33E, Lembang, Kabupaten Bandung Barat","Floating Market Lembang menawarkan pengalaman kuliner, wahana keluarga, taman, dan suasana danau di kawasan Lembang.",0,0,0,1,113.83,227,410000,1040000,420000,30000,1900000,melebihi budget,0
BDG-TRV-0993,Bogor,1 hari,1,3,3531000,premium,motor,tanpa penginapan,cafe view,alam,Museum Geologi Bandung,museum,Kota Bandung,-6.9007,107.6215,"-6.9007,107.6215","Jl. Diponegoro No.57, Cihaur Geulis, Cibeunying Kaler, Kota Bandung","Museum Geologi Bandung adalah destinasi edukasi yang menampilkan koleksi batuan, mineral, fosil, dan informasi sejarah bumi.",0,0,1,0,218.54,383,612000,0,210000,45000,867000,sesuai,0
BDG-TRV-0994,Cimahi,3 hari 2 malam,3,3,4495000,premium,transportasi umum,nyaman,cafe view,foto-foto,Cafe D'Pakar Bandung,cafe view,Kota Bandung,-6.8398,107.6537,"-6.8398,107.6537","Dago Pakar, Ciburial, Cimenyan, Bandung","Cafe D'Pakar Bandung adalah tempat wisata kuliner dengan suasana alam sejuk, area outdoor, dan pemandangan pepohonan di kawasan Dago Pakar.",1,1,1,1,32.19,59,116000,1040000,630000,60000,1846000,sesuai,1
BDG-TRV-0995,Kota Bandung,3 hari 2 malam,3,4,2131000,standar,transportasi umum,hemat,wisata kuliner,foto-foto,Sudirman Street Bandung,wisata kuliner,Kota Bandung,-6.9177,107.5969,"-6.9177,107.5969","Jl. Jend. Sudirman, Karanganyar, Astanaanyar, Kota Bandung",Sudirman Street Bandung adalah kawasan kuliner malam yang menawarkan berbagai makanan lokal dan suasana street food kota.,1,1,1,1,15.05,25,54000,360000,840000,60000,1314000,sesuai,1
BDG-TRV-0996,Bogor,2 hari 1 malam,2,2,873000,hemat,motor,hemat,mall,santai,Martabak San Francisco Bandung,wisata kuliner,Kota Bandung,-6.9026,107.6092,"-6.9026,107.6092","Jl. Burangrang, Lengkong, Kota Bandung",Martabak San Francisco Bandung adalah destinasi kuliner legendaris yang dikenal dengan pilihan martabak manis dan martabak telur.,0,1,0,1,177.27,376,496000,180000,280000,30000,986000,melebihi budget,0
BDG-TRV-0997,Garut,2 hari 1 malam,2,5,1858000,hemat,mobil,standar,belanja,kuliner,Trans Studio Mall Bandung,mall,Kota Bandung,-6.9254,107.6358,"-6.9254,107.6358","Jl. Gatot Subroto No.289, Cibangkong, Batununggal, Kota Bandung",Trans Studio Mall Bandung adalah pusat perbelanjaan dan hiburan indoor yang terhubung dengan kawasan Trans Studio Bandung.,1,1,1,1,110.23,225,661000,320000,700000,50000,1731000,sesuai,1
BDG-TRV-0998,Bogor,4 hari 3 malam,4,4,4697000,premium,motor,hemat,mall,belanja,Paris Van Java Mall,mall,Kota Bandung,-6.8893,107.5966,"-6.8893,107.5966","Jl. Sukajadi No.131-139, Cipedes, Sukajadi, Kota Bandung","Paris Van Java Mall adalah pusat belanja bergaya terbuka yang menawarkan kuliner, hiburan, fashion, dan suasana santai di Kota Bandung.",1,1,1,1,166.09,321,465000,540000,1120000,40000,2165000,sesuai,1
BDG-TRV-0999,Garut,1 hari,1,3,2234000,standar,transportasi umum,tanpa penginapan,edukasi,keluarga,Jendela Alam,wisata edukasi,Kabupaten Bandung Barat,-6.8287,107.5976,"-6.8287,107.5976","Komplek Graha Puspa, Lembang, Kabupaten Bandung Barat","Jendela Alam adalah wisata edukasi keluarga yang mengenalkan aktivitas pertanian, peternakan, dan lingkungan alam.",1,1,1,1,151.38,332,545000,0,210000,75000,830000,sesuai,1
BDG-TRV-1000,Bogor,3 hari 2 malam,3,4,4360000,premium,transportasi umum,nyaman,kebun binatang,sejarah,Gedung Sate,wisata edukasi,Kota Bandung,-6.9025,107.6188,"-6.9025,107.6188","Jl. Diponegoro No.22, Citarum, Bandung Wetan, Kota Bandung",Gedung Sate adalah ikon Kota Bandung yang dikenal sebagai bangunan bersejarah dengan arsitektur khas dan nilai edukasi sejarah pemerintahan Jawa Barat.,0,1,1,1,181.14,372,652000,1040000,840000,100000,2632000,sesuai,0
